city	time	weather_code	temperature_2m_max	temperature_2m_min	temperature_2m_mean	precipitation_sum	precipitation_hours	sunshine_duration	wind_speed_10m_max
Ho Chi Minh City	2021-01-01	3	30.9	22.3	26.1	0.0	0.0	29671.05	21.6
Ho Chi Minh City	2021-01-02	51	32.2	22.4	26.4	0.3	1.0	32999.1	10.9
Ho Chi Minh City	2021-01-03	51	33.3	22.4	27.0	0.2	2.0	36914.21	18.5
Ho Chi Minh City	2021-01-04	53	33.5	23.4	28.0	1.0	4.0	30568.33	16.4
Ho Chi Minh City	2021-01-05	61	33.0	24.1	28.3	3.9	8.0	38081.81	15.0
Ho Chi Minh City	2021-01-06	51	33.3	23.9	28.3	0.1	1.0	39348.46	14.4
Ho Chi Minh City	2021-01-07	3	35.3	24.5	28.7	0.0	0.0	40557.96	19.8
Ho Chi Minh City	2021-01-08	3	34.5	23.4	28.3	0.0	0.0	41068.75	17.6
Ho Chi Minh City	2021-01-09	3	32.6	22.7	27.1	0.0	0.0	41083.3	18.2
Ho Chi Minh City	2021-01-10	3	32.9	21.9	27.0	0.0	0.0	41098.7	18.9
Ho Chi Minh City	2021-01-11	3	34.4	21.4	27.6	0.0	0.0	38935.68	24.4
Ho Chi Minh City	2021-01-12	3	32.9	21.5	26.5	0.0	0.0	40226.75	15.9
Ho Chi Minh City	2021-01-13	3	30.8	19.4	25.0	0.0	0.0	41149.81	11.3
Ho Chi Minh City	2021-01-14	3	31.8	20.6	25.4	0.0	0.0	41119.49	21.2
Ho Chi Minh City	2021-01-15	3	32.8	20.7	25.7	0.0	0.0	41187.6	20.6
Ho Chi Minh City	2021-01-16	3	32.8	21.7	26.2	0.0	0.0	41117.53	18.8
Ho Chi Minh City	2021-01-17	3	34.7	21.8	27.0	0.0	0.0	35695.35	20.1
Ho Chi Minh City	2021-01-18	3	32.6	21.5	26.4	0.0	0.0	39665.5	16.1
Ho Chi Minh City	2021-01-19	3	31.3	20.2	25.8	0.0	0.0	34500.67	10.7
Ho Chi Minh City	2021-01-20	3	32.7	21.7	26.9	0.0	0.0	36816.31	16.5
Ho Chi Minh City	2021-01-21	3	32.8	22.3	27.2	0.0	0.0	34321.83	18.1
Ho Chi Minh City	2021-01-22	63	31.5	23.3	26.6	10.0	11.0	33851.74	13.2
Ho Chi Minh City	2021-01-23	55	29.0	23.7	25.7	5.1	9.0	26105.0	11.9
Ho Chi Minh City	2021-01-24	51	30.8	22.7	26.1	1.3	7.0	40340.0	13.7
Ho Chi Minh City	2021-01-25	51	31.1	22.6	26.0	0.2	2.0	40115.13	19.5
Ho Chi Minh City	2021-01-26	51	31.8	22.3	26.7	0.2	2.0	39889.7	14.4
Ho Chi Minh City	2021-01-27	51	32.5	22.0	27.0	0.3	3.0	40903.4	11.3
Ho Chi Minh City	2021-01-28	51	33.1	22.6	27.1	0.2	2.0	40922.31	18.7
Ho Chi Minh City	2021-01-29	3	31.5	21.9	26.5	0.0	0.0	40445.68	17.6
Ho Chi Minh City	2021-01-30	3	32.9	20.1	26.3	0.0	0.0	38172.7	12.9
Ho Chi Minh City	2021-01-31	3	32.8	22.1	27.2	0.0	0.0	40125.85	12.0
Ho Chi Minh City	2021-02-01	3	33.3	22.7	27.6	0.0	0.0	40494.29	19.3
Ho Chi Minh City	2021-02-02	3	33.2	22.8	27.3	0.0	0.0	41245.05	19.8
Ho Chi Minh City	2021-02-03	3	33.2	21.1	26.6	0.0	0.0	41653.08	17.6
Ho Chi Minh City	2021-02-04	3	34.1	21.3	27.3	0.0	0.0	41512.2	16.6
Ho Chi Minh City	2021-02-05	51	33.1	23.0	27.7	0.5	3.0	41521.48	19.9
Ho Chi Minh City	2021-02-06	51	32.6	23.4	27.8	0.4	3.0	41285.76	18.7
Ho Chi Minh City	2021-02-07	51	33.2	24.1	28.0	0.1	1.0	41049.81	14.9
Ho Chi Minh City	2021-02-08	53	32.5	24.2	27.6	1.5	9.0	41300.13	10.6
Ho Chi Minh City	2021-02-09	51	32.0	23.5	27.5	0.3	3.0	41063.06	14.8
Ho Chi Minh City	2021-02-10	63	31.4	23.5	26.9	12.2	11.0	34319.94	14.1
Ho Chi Minh City	2021-02-11	51	29.9	24.0	26.3	0.6	5.0	39411.55	13.0
Ho Chi Minh City	2021-02-12	51	31.3	22.8	26.2	2.1	9.0	41317.8	18.7
Ho Chi Minh City	2021-02-13	3	31.4	21.8	25.6	0.0	0.0	41963.58	19.5
Ho Chi Minh City	2021-02-14	3	30.7	21.0	25.3	0.0	0.0	41995.87	21.5
Ho Chi Minh City	2021-02-15	3	31.6	20.8	25.3	0.0	0.0	42028.26	21.6
Ho Chi Minh City	2021-02-16	3	32.0	21.4	25.4	0.0	0.0	42060.72	21.0
Ho Chi Minh City	2021-02-17	3	33.0	21.5	26.4	0.0	0.0	42093.19	23.2
Ho Chi Minh City	2021-02-18	3	32.5	20.3	26.5	0.0	0.0	42125.8	14.3
Ho Chi Minh City	2021-02-19	3	32.9	20.6	26.7	0.0	0.0	42158.84	17.8
Ho Chi Minh City	2021-02-20	2	32.9	20.8	26.5	0.0	0.0	42192.26	16.0
Ho Chi Minh City	2021-02-21	3	32.2	20.6	26.0	0.0	0.0	42226.02	18.3
Ho Chi Minh City	2021-02-22	3	33.1	20.9	25.7	0.0	0.0	42260.1	23.2
Ho Chi Minh City	2021-02-23	3	33.3	21.7	26.1	0.0	0.0	42294.47	23.0
Ho Chi Minh City	2021-02-24	3	34.5	22.8	26.9	0.0	0.0	42329.1	20.2
Ho Chi Minh City	2021-02-25	3	34.2	22.6	27.4	0.0	0.0	40197.94	16.7
Ho Chi Minh City	2021-02-26	51	32.7	24.0	27.6	0.1	1.0	36106.74	17.3
Ho Chi Minh City	2021-02-27	51	33.1	24.1	27.6	0.2	2.0	37201.26	15.5
Ho Chi Minh City	2021-02-28	51	32.7	23.6	27.7	0.6	5.0	42469.6	19.1
Ho Chi Minh City	2021-03-01	3	34.1	24.3	28.3	0.0	0.0	42502.73	19.5
Ho Chi Minh City	2021-03-02	51	35.5	24.6	28.6	0.2	1.0	42391.1	20.6
Ho Chi Minh City	2021-03-03	51	36.1	24.1	28.8	0.5	2.0	42563.3	20.4
Ho Chi Minh City	2021-03-04	2	36.9	24.7	29.2	0.0	0.0	42594.09	27.2
Ho Chi Minh City	2021-03-05	0	36.1	22.6	28.4	0.0	0.0	42625.14	26.9
Ho Chi Minh City	2021-03-06	2	36.3	22.5	28.5	0.0	0.0	42656.37	23.2
Ho Chi Minh City	2021-03-07	51	35.7	24.0	28.5	0.3	2.0	42687.74	23.8
Ho Chi Minh City	2021-03-08	3	35.7	23.9	29.1	0.0	0.0	42719.18	21.6
Ho Chi Minh City	2021-03-09	51	34.3	24.3	28.7	0.3	2.0	42750.61	18.5
Ho Chi Minh City	2021-03-10	51	34.3	23.7	28.9	0.2	1.0	42782.44	16.3
Ho Chi Minh City	2021-03-11	51	35.1	25.3	29.3	0.3	2.0	42815.06	21.4
Ho Chi Minh City	2021-03-12	3	36.0	24.9	29.6	0.0	0.0	42848.4	20.6
Ho Chi Minh City	2021-03-13	51	35.7	25.0	29.2	0.1	1.0	42882.37	22.9
Ho Chi Minh City	2021-03-14	3	35.4	23.2	28.3	0.0	0.0	42916.93	24.5
Ho Chi Minh City	2021-03-15	51	35.4	23.5	27.9	0.1	1.0	42951.99	21.3
Ho Chi Minh City	2021-03-16	51	33.5	24.7	28.0	0.1	1.0	42987.48	23.0
Ho Chi Minh City	2021-03-17	51	34.2	24.1	27.8	0.1	1.0	43023.32	20.5
Ho Chi Minh City	2021-03-18	3	34.3	24.1	28.2	0.0	0.0	43059.46	23.8
Ho Chi Minh City	2021-03-19	51	36.0	24.3	28.8	0.1	1.0	43095.81	21.5
Ho Chi Minh City	2021-03-20	51	33.0	25.7	28.9	1.1	4.0	43132.31	17.6
Ho Chi Minh City	2021-03-21	51	34.8	25.7	29.1	1.4	9.0	43168.89	22.9
Ho Chi Minh City	2021-03-22	3	35.9	24.7	29.9	0.0	0.0	43200.0	19.1
Ho Chi Minh City	2021-03-23	61	36.7	25.6	30.7	2.0	4.0	42587.69	13.2
Ho Chi Minh City	2021-03-24	61	35.8	26.0	29.9	3.6	3.0	39485.04	18.1
Ho Chi Minh City	2021-03-25	51	33.0	26.0	29.0	0.4	4.0	43200.0	19.5
Ho Chi Minh City	2021-03-26	3	35.7	24.7	29.1	0.0	0.0	43200.0	23.7
Ho Chi Minh City	2021-03-27	51	35.3	25.2	29.2	0.1	1.0	43200.0	23.7
Ho Chi Minh City	2021-03-28	3	35.8	25.1	29.3	0.0	0.0	43200.0	19.0
Ho Chi Minh City	2021-03-29	3	35.0	25.4	29.2	0.0	0.0	43200.0	18.1
Ho Chi Minh City	2021-03-30	51	34.2	25.2	29.2	0.3	2.0	43200.0	17.4
Ho Chi Minh City	2021-03-31	3	35.8	25.3	29.6	0.0	0.0	43200.0	18.9
Ho Chi Minh City	2021-04-01	51	35.1	25.9	29.6	0.4	4.0	43200.0	18.2
Ho Chi Minh City	2021-04-02	55	34.8	26.3	29.8	5.3	14.0	40310.36	18.2
Ho Chi Minh City	2021-04-03	63	32.2	24.7	27.8	12.0	12.0	36000.0	16.7
Ho Chi Minh City	2021-04-04	63	31.3	25.6	28.0	7.9	6.0	43200.0	14.6
Ho Chi Minh City	2021-04-05	51	32.8	24.5	28.3	0.2	2.0	41457.17	17.1
Ho Chi Minh City	2021-04-06	3	35.4	24.4	28.9	0.0	0.0	43200.0	23.6
Ho Chi Minh City	2021-04-07	51	33.8	24.2	28.6	0.1	1.0	43200.0	18.0
Ho Chi Minh City	2021-04-08	53	32.8	25.6	28.4	0.9	2.0	32400.0	13.3
Ho Chi Minh City	2021-04-09	55	33.1	25.9	28.3	5.4	11.0	43200.0	15.5
Ho Chi Minh City	2021-04-10	51	33.7	24.9	28.7	1.8	10.0	43200.0	18.7
Ho Chi Minh City	2021-04-11	51	35.4	25.1	29.4	0.4	2.0	43200.0	19.4
Ho Chi Minh City	2021-04-12	53	34.4	25.8	29.2	1.0	3.0	43200.0	14.9
Ho Chi Minh City	2021-04-13	61	33.7	25.6	28.8	3.4	8.0	43200.0	16.3
Ho Chi Minh City	2021-04-14	63	33.4	25.4	28.8	6.8	12.0	43200.0	14.6
Ho Chi Minh City	2021-04-15	65	31.7	24.2	27.2	48.1	16.0	33285.83	14.1
Ho Chi Minh City	2021-04-16	63	31.3	24.2	27.1	14.6	17.0	43200.0	13.0
Ho Chi Minh City	2021-04-17	63	32.1	24.6	27.4	18.8	17.0	38752.25	11.0
Ho Chi Minh City	2021-04-18	65	30.1	24.9	27.0	12.2	13.0	37042.46	13.3
Ho Chi Minh City	2021-04-19	61	30.8	24.5	26.9	8.6	11.0	42142.53	13.0
Ho Chi Minh City	2021-04-20	63	32.3	25.0	28.0	3.2	2.0	40539.77	8.7
Ho Chi Minh City	2021-04-21	61	31.6	25.6	28.0	5.5	9.0	22408.3	9.9
Ho Chi Minh City	2021-04-22	63	29.3	24.9	26.6	17.5	21.0	9199.57	9.8
Ho Chi Minh City	2021-04-23	63	31.3	24.7	27.0	17.7	12.0	30294.16	14.7
Ho Chi Minh City	2021-04-24	61	32.3	24.6	27.8	4.8	7.0	41434.43	14.8
Ho Chi Minh City	2021-04-25	63	31.8	24.6	27.7	6.6	9.0	37656.13	12.0
Ho Chi Minh City	2021-04-26	51	32.2	24.9	28.3	0.3	2.0	42328.56	14.4
Ho Chi Minh City	2021-04-27	63	30.8	25.5	27.3	13.3	18.0	36754.67	12.6
Ho Chi Minh City	2021-04-28	61	31.5	25.1	27.7	3.5	8.0	43200.0	12.8
Ho Chi Minh City	2021-04-29	51	32.0	25.3	28.1	0.1	1.0	43200.0	13.7
Ho Chi Minh City	2021-04-30	51	32.5	25.2	28.4	0.4	4.0	39600.0	14.2
Ho Chi Minh City	2021-05-01	63	30.8	25.4	28.0	6.1	9.0	33347.56	17.0
Ho Chi Minh City	2021-05-02	51	32.9	25.4	28.8	0.3	3.0	43200.0	15.4
Ho Chi Minh City	2021-05-03	51	33.5	25.5	28.6	0.4	3.0	43200.0	18.5
Ho Chi Minh City	2021-05-04	51	33.6	24.8	28.9	0.3	2.0	43200.0	16.0
Ho Chi Minh City	2021-05-05	53	34.4	25.7	29.6	1.9	3.0	43200.0	14.9
Ho Chi Minh City	2021-05-06	51	34.1	26.0	29.5	0.6	5.0	43200.0	16.1
Ho Chi Minh City	2021-05-07	53	32.8	25.1	28.4	1.3	4.0	39843.52	17.2
Ho Chi Minh City	2021-05-08	61	32.7	25.7	28.6	1.8	4.0	33849.61	18.6
Ho Chi Minh City	2021-05-09	61	32.6	26.4	28.6	7.8	5.0	33743.23	12.6
Ho Chi Minh City	2021-05-10	51	33.1	26.1	29.3	0.7	5.0	43200.0	12.1
Ho Chi Minh City	2021-05-11	53	33.3	26.0	29.5	1.5	8.0	43200.0	13.1
Ho Chi Minh City	2021-05-12	63	34.6	26.5	29.9	3.4	7.0	37390.13	12.7
Ho Chi Minh City	2021-05-13	61	33.2	26.7	29.3	5.4	10.0	41021.84	18.4
Ho Chi Minh City	2021-05-14	55	31.7	26.5	28.8	3.4	8.0	32678.85	14.9
Ho Chi Minh City	2021-05-15	55	32.9	25.9	28.7	3.3	7.0	38336.54	16.0
Ho Chi Minh City	2021-05-16	63	32.8	25.8	29.0	4.8	9.0	43200.0	15.0
Ho Chi Minh City	2021-05-17	65	31.9	25.1	28.0	31.1	19.0	34879.48	16.6
Ho Chi Minh City	2021-05-18	61	31.5	25.4	28.0	7.2	13.0	33381.3	13.3
Ho Chi Minh City	2021-05-19	63	32.5	25.4	28.1	8.7	8.0	34132.05	13.0
Ho Chi Minh City	2021-05-20	63	32.6	25.5	28.7	13.6	13.0	43200.0	14.2
Ho Chi Minh City	2021-05-21	63	31.5	25.7	27.8	15.8	20.0	30531.66	11.6
Ho Chi Minh City	2021-05-22	63	30.9	25.3	26.9	17.1	21.0	14334.86	16.8
Ho Chi Minh City	2021-05-23	65	31.3	25.3	27.2	22.1	19.0	18341.94	17.6
Ho Chi Minh City	2021-05-24	63	29.7	26.0	27.1	8.7	19.0	11810.28	16.1
Ho Chi Minh City	2021-05-25	65	28.7	24.7	26.5	63.1	23.0	30900.6	11.7
Ho Chi Minh City	2021-05-26	61	29.3	24.8	26.4	9.9	18.0	8535.46	14.5
Ho Chi Minh City	2021-05-27	65	30.2	24.9	26.6	20.5	8.0	21140.87	14.2
Ho Chi Minh City	2021-05-28	61	30.8	24.8	27.4	3.9	9.0	43200.0	12.4
Ho Chi Minh City	2021-05-29	55	31.6	25.3	28.0	4.1	7.0	43200.0	14.5
Ho Chi Minh City	2021-05-30	51	32.9	24.8	28.6	0.7	4.0	43411.1	11.0
Ho Chi Minh City	2021-05-31	61	33.1	25.7	29.0	2.8	5.0	43277.89	12.2
Ho Chi Minh City	2021-06-01	63	32.1	25.9	28.7	6.4	9.0	36414.6	10.8
Ho Chi Minh City	2021-06-02	55	32.3	26.1	28.6	3.1	8.0	43200.0	11.9
Ho Chi Minh City	2021-06-03	61	32.8	25.7	28.6	3.6	5.0	42362.33	11.2
Ho Chi Minh City	2021-06-04	51	33.5	25.2	29.3	0.2	2.0	43422.15	12.1
Ho Chi Minh City	2021-06-05	61	33.0	26.1	28.6	5.9	8.0	39825.46	17.6
Ho Chi Minh City	2021-06-06	63	32.4	25.1	28.0	4.3	5.0	31822.22	20.6
Ho Chi Minh City	2021-06-07	63	31.9	25.7	27.7	9.2	12.0	25200.0	24.9
Ho Chi Minh City	2021-06-08	61	28.9	24.9	26.6	6.4	19.0	13177.82	16.6
Ho Chi Minh City	2021-06-09	53	30.3	25.3	27.0	4.7	14.0	15371.49	11.6
Ho Chi Minh City	2021-06-10	63	30.6	25.0	26.7	12.4	14.0	23399.47	20.0
Ho Chi Minh City	2021-06-11	61	31.5	24.6	27.3	4.1	6.0	35567.14	20.2
Ho Chi Minh City	2021-06-12	61	30.0	24.9	26.6	9.0	14.0	11128.41	18.3
Ho Chi Minh City	2021-06-13	51	31.1	24.8	27.4	0.8	5.0	36387.1	22.0
Ho Chi Minh City	2021-06-14	51	32.2	24.9	27.9	1.0	7.0	41113.38	17.6
Ho Chi Minh City	2021-06-15	63	30.7	24.8	27.1	4.3	9.0	39011.66	15.5
Ho Chi Minh City	2021-06-16	63	31.7	24.9	27.3	11.3	16.0	16632.72	14.9
Ho Chi Minh City	2021-06-17	51	32.9	24.9	28.5	0.3	2.0	40623.45	11.8
Ho Chi Minh City	2021-06-18	61	32.3	24.9	28.2	2.8	5.0	43232.04	11.4
Ho Chi Minh City	2021-06-19	65	31.7	25.1	27.8	10.2	8.0	37293.97	13.1
Ho Chi Minh City	2021-06-20	63	32.4	25.1	27.7	17.7	8.0	39600.0	16.1
Ho Chi Minh City	2021-06-21	63	31.4	24.8	27.5	9.8	7.0	43200.0	25.2
Ho Chi Minh City	2021-06-22	63	31.0	24.5	27.3	13.5	8.0	41058.69	16.6
Ho Chi Minh City	2021-06-23	63	30.9	24.3	27.2	9.3	7.0	41400.31	20.5
Ho Chi Minh City	2021-06-24	63	31.6	24.0	27.5	8.3	10.0	43200.0	13.9
Ho Chi Minh City	2021-06-25	61	32.2	25.0	28.1	2.9	7.0	41876.99	14.4
Ho Chi Minh City	2021-06-26	51	31.9	24.9	28.0	0.8	6.0	43200.0	14.6
Ho Chi Minh City	2021-06-27	51	32.7	24.6	28.4	0.9	4.0	40999.64	14.3
Ho Chi Minh City	2021-06-28	63	32.9	25.0	28.0	5.7	8.0	43200.0	13.0
Ho Chi Minh City	2021-06-29	63	32.6	25.1	28.3	3.7	8.0	43139.59	11.0
Ho Chi Minh City	2021-06-30	53	32.2	25.6	28.1	2.6	9.0	43200.0	14.5
Ho Chi Minh City	2021-07-01	63	32.6	24.7	28.2	3.9	7.0	43200.0	11.6
Ho Chi Minh City	2021-07-02	51	33.0	24.6	28.6	0.2	2.0	43200.0	12.8
Ho Chi Minh City	2021-07-03	51	33.8	25.1	28.9	0.3	2.0	43200.0	10.0
Ho Chi Minh City	2021-07-04	63	32.0	26.0	28.5	8.4	7.0	36614.56	15.4
Ho Chi Minh City	2021-07-05	65	30.3	25.3	26.9	18.0	12.0	15323.49	13.5
Ho Chi Minh City	2021-07-06	61	28.2	25.0	26.3	7.4	12.0	11101.66	16.9
Ho Chi Minh City	2021-07-07	63	29.6	24.7	26.4	9.5	14.0	16950.01	16.5
Ho Chi Minh City	2021-07-08	61	27.3	24.6	25.6	11.9	19.0	3464.26	15.0
Ho Chi Minh City	2021-07-09	63	29.3	23.7	25.8	22.3	20.0	13519.66	14.6
Ho Chi Minh City	2021-07-10	63	30.3	24.3	26.8	8.4	14.0	39645.39	13.1
Ho Chi Minh City	2021-07-11	63	30.9	24.6	27.6	7.3	8.0	43200.0	11.8
Ho Chi Minh City	2021-07-12	63	31.6	25.2	27.7	6.1	6.0	36881.8	14.3
Ho Chi Minh City	2021-07-13	63	30.4	24.4	27.2	9.5	16.0	41087.71	12.7
Ho Chi Minh City	2021-07-14	65	30.5	24.6	26.7	22.7	20.0	28896.32	10.6
Ho Chi Minh City	2021-07-15	63	28.8	24.2	26.0	27.7	17.0	12704.58	9.7
Ho Chi Minh City	2021-07-16	61	31.5	23.9	27.7	4.0	5.0	43200.0	14.6
Ho Chi Minh City	2021-07-17	63	32.2	24.5	27.9	5.5	7.0	43200.0	17.1
Ho Chi Minh City	2021-07-18	63	30.4	25.1	26.9	18.4	18.0	22712.31	18.1
Ho Chi Minh City	2021-07-19	55	29.7	25.4	26.7	2.7	8.0	9347.06	16.6
Ho Chi Minh City	2021-07-20	63	31.2	25.0	27.5	7.5	4.0	35026.49	23.7
Ho Chi Minh City	2021-07-21	63	30.2	25.0	27.1	8.8	8.0	38477.52	22.9
Ho Chi Minh City	2021-07-22	53	29.5	25.0	27.1	1.8	7.0	17680.4	16.3
Ho Chi Minh City	2021-07-23	61	29.8	25.5	27.4	4.9	9.0	21773.43	27.3
Ho Chi Minh City	2021-07-24	53	31.5	25.9	28.1	1.5	6.0	26916.11	21.9
Ho Chi Minh City	2021-07-25	61	29.7	25.9	27.3	5.1	10.0	35865.15	28.7
Ho Chi Minh City	2021-07-26	55	31.3	25.0	27.8	3.4	9.0	43200.0	19.8
Ho Chi Minh City	2021-07-27	61	31.4	25.3	27.8	8.5	6.0	43200.0	22.4
Ho Chi Minh City	2021-07-28	63	30.9	25.8	27.4	9.9	8.0	37030.08	24.7
Ho Chi Minh City	2021-07-29	63	29.8	25.2	26.8	14.0	16.0	21773.53	21.2
Ho Chi Minh City	2021-07-30	63	30.0	24.9	26.8	17.5	14.0	27430.28	22.0
Ho Chi Minh City	2021-07-31	63	31.4	25.1	27.6	6.9	8.0	26461.54	17.7
Ho Chi Minh City	2021-08-01	61	32.2	25.1	27.9	2.9	4.0	43200.0	23.7
Ho Chi Minh City	2021-08-02	61	31.3	25.7	28.1	5.4	8.0	43200.0	22.1
Ho Chi Minh City	2021-08-03	61	30.4	26.0	28.0	3.4	9.0	33609.93	22.8
Ho Chi Minh City	2021-08-04	61	32.5	25.8	28.1	2.8	4.0	40292.89	23.7
Ho Chi Minh City	2021-08-05	61	31.3	25.8	27.7	2.6	7.0	37862.36	25.0
Ho Chi Minh City	2021-08-06	55	32.1	25.4	28.1	2.0	5.0	43200.0	21.0
Ho Chi Minh City	2021-08-07	61	32.4	25.3	28.0	3.5	7.0	43200.0	19.9
Ho Chi Minh City	2021-08-08	63	31.9	25.3	28.2	6.7	9.0	41491.65	15.3
Ho Chi Minh City	2021-08-09	51	32.0	25.9	28.5	1.3	9.0	40811.48	15.1
Ho Chi Minh City	2021-08-10	63	30.7	25.7	27.5	11.6	14.0	38725.89	19.4
Ho Chi Minh City	2021-08-11	63	30.8	25.2	27.3	14.2	12.0	34142.4	14.5
Ho Chi Minh City	2021-08-12	63	29.1	24.9	26.9	8.1	12.0	30103.25	13.5
Ho Chi Minh City	2021-08-13	63	30.9	24.6	26.6	9.6	11.0	18804.46	15.1
Ho Chi Minh City	2021-08-14	63	30.0	25.2	27.1	10.7	15.0	19399.03	16.2
Ho Chi Minh City	2021-08-15	3	29.9	24.5	26.9	0.0	0.0	17290.56	12.8
Ho Chi Minh City	2021-08-16	61	32.3	23.6	27.8	3.7	8.0	43200.0	8.7
Ho Chi Minh City	2021-08-17	63	31.4	24.2	27.2	11.5	15.0	37965.77	7.9
Ho Chi Minh City	2021-08-18	63	31.7	24.0	27.3	15.1	7.0	41660.54	10.4
Ho Chi Minh City	2021-08-19	61	31.3	24.0	27.1	11.2	15.0	43200.0	9.6
Ho Chi Minh City	2021-08-20	61	30.9	24.7	27.1	7.4	14.0	36573.53	12.7
Ho Chi Minh City	2021-08-21	51	31.8	23.9	27.5	1.0	7.0	43200.0	10.0
Ho Chi Minh City	2021-08-22	63	31.8	24.9	27.5	7.4	8.0	36000.0	17.3
Ho Chi Minh City	2021-08-23	65	31.6	24.9	27.2	22.0	12.0	28800.0	15.8
Ho Chi Minh City	2021-08-24	63	29.4	24.4	26.5	11.4	11.0	36000.0	16.7
Ho Chi Minh City	2021-08-25	63	28.6	24.0	25.5	10.1	15.0	12208.2	17.6
Ho Chi Minh City	2021-08-26	63	28.4	23.7	25.4	17.2	24.0	19714.31	16.6
Ho Chi Minh City	2021-08-27	63	31.2	23.5	26.4	18.1	11.0	28800.0	18.7
Ho Chi Minh City	2021-08-28	63	29.9	23.8	26.0	20.2	22.0	21166.78	9.3
Ho Chi Minh City	2021-08-29	65	29.8	23.3	26.3	33.1	21.0	34104.75	11.1
Ho Chi Minh City	2021-08-30	63	30.2	23.5	26.3	21.4	18.0	26018.83	12.3
Ho Chi Minh City	2021-08-31	63	30.8	23.9	26.7	13.8	13.0	30731.74	12.3
Ho Chi Minh City	2021-09-01	61	31.0	23.9	26.7	9.5	13.0	32631.78	12.3
Ho Chi Minh City	2021-09-02	65	29.5	24.2	26.7	30.0	21.0	29953.92	13.3
Ho Chi Minh City	2021-09-03	61	30.2	23.9	26.3	10.4	18.0	27012.34	16.1
Ho Chi Minh City	2021-09-04	63	29.2	24.3	26.1	25.2	22.0	8830.48	18.8
Ho Chi Minh City	2021-09-05	63	30.1	24.2	26.1	17.0	22.0	25271.95	14.0
Ho Chi Minh City	2021-09-06	63	30.7	23.3	26.4	9.7	10.0	29022.43	11.6
Ho Chi Minh City	2021-09-07	63	30.6	24.2	26.5	9.6	12.0	28463.8	16.6
Ho Chi Minh City	2021-09-08	61	30.8	24.3	26.8	5.4	11.0	34379.88	17.6
Ho Chi Minh City	2021-09-09	63	30.1	24.3	26.4	16.0	19.0	16247.01	18.9
Ho Chi Minh City	2021-09-10	61	30.5	24.9	26.9	5.6	17.0	23089.94	21.2
Ho Chi Minh City	2021-09-11	51	30.9	25.0	27.2	2.7	14.0	24054.44	26.0
Ho Chi Minh City	2021-09-12	51	31.0	25.2	27.7	1.1	6.0	38715.89	27.2
Ho Chi Minh City	2021-09-13	63	31.1	25.2	26.9	22.3	15.0	20441.29	14.9
Ho Chi Minh City	2021-09-14	63	29.4	24.4	26.2	30.1	21.0	19206.79	13.3
Ho Chi Minh City	2021-09-15	63	30.2	23.9	26.1	26.1	20.0	26395.82	14.0
Ho Chi Minh City	2021-09-16	53	30.2	24.5	26.9	3.2	9.0	35073.12	9.7
Ho Chi Minh City	2021-09-17	63	31.6	23.9	27.2	17.4	12.0	39991.09	8.9
Ho Chi Minh City	2021-09-18	61	31.8	24.6	27.4	8.1	16.0	37469.04	8.5
Ho Chi Minh City	2021-09-19	63	27.9	23.8	25.3	27.1	23.0	0.0	13.6
Ho Chi Minh City	2021-09-20	63	30.6	23.4	25.9	14.0	18.0	23339.42	16.1
Ho Chi Minh City	2021-09-21	61	30.4	23.9	26.6	5.2	6.0	39462.77	17.0
Ho Chi Minh City	2021-09-22	63	30.1	23.8	26.4	8.6	10.0	29013.81	11.2
Ho Chi Minh City	2021-09-23	63	30.4	24.5	26.5	4.7	9.0	8754.48	11.6
Ho Chi Minh City	2021-09-24	63	29.9	24.5	26.4	14.7	15.0	28800.0	15.8
Ho Chi Minh City	2021-09-25	63	30.5	24.4	26.5	15.1	20.0	25321.49	17.4
Ho Chi Minh City	2021-09-26	63	31.1	23.9	26.7	5.5	11.0	33025.46	12.3
Ho Chi Minh City	2021-09-27	55	31.7	24.7	27.7	4.5	12.0	41587.53	13.8
Ho Chi Minh City	2021-09-28	53	31.9	25.1	27.7	3.3	13.0	37114.74	10.3
Ho Chi Minh City	2021-09-29	61	31.7	24.7	27.4	6.1	16.0	40689.49	12.9
Ho Chi Minh City	2021-09-30	63	29.9	24.4	26.8	10.9	13.0	27453.71	9.6
Ho Chi Minh City	2021-10-01	65	30.9	24.7	26.9	25.2	13.0	27686.64	8.8
Ho Chi Minh City	2021-10-02	63	29.9	23.9	26.1	26.8	20.0	25559.0	10.3
Ho Chi Minh City	2021-10-03	63	29.2	23.9	26.3	4.4	7.0	23163.5	7.6
Ho Chi Minh City	2021-10-04	61	31.1	24.7	27.5	3.0	7.0	30938.26	8.2
Ho Chi Minh City	2021-10-05	63	30.5	24.3	26.7	27.4	21.0	31006.71	11.8
Ho Chi Minh City	2021-10-06	63	27.9	24.0	25.8	12.4	19.0	73.49	9.2
Ho Chi Minh City	2021-10-07	61	28.0	24.4	26.0	9.7	20.0	12013.95	12.6
Ho Chi Minh City	2021-10-08	61	29.3	25.0	26.4	9.9	19.0	28243.63	21.3
Ho Chi Minh City	2021-10-09	63	29.5	24.9	26.8	9.3	9.0	19289.27	21.3
Ho Chi Minh City	2021-10-10	63	32.2	25.1	27.5	9.2	8.0	29855.63	19.6
Ho Chi Minh City	2021-10-11	63	28.7	25.3	26.5	20.4	18.0	11390.38	15.4
Ho Chi Minh City	2021-10-12	63	29.0	24.5	26.0	35.3	21.0	24607.05	25.3
Ho Chi Minh City	2021-10-13	65	30.2	24.6	26.1	19.6	17.0	13091.39	20.7
Ho Chi Minh City	2021-10-14	63	31.2	24.3	26.6	12.0	8.0	28281.98	21.7
Ho Chi Minh City	2021-10-15	65	31.2	24.1	26.8	17.0	11.0	28800.0	15.3
Ho Chi Minh City	2021-10-16	63	28.0	24.1	25.8	24.6	22.0	1748.98	10.1
Ho Chi Minh City	2021-10-17	63	29.4	23.7	25.7	12.4	7.0	14671.59	13.8
Ho Chi Minh City	2021-10-18	53	30.8	23.7	27.0	1.2	8.0	36000.0	14.9
Ho Chi Minh City	2021-10-19	61	30.5	24.7	27.2	2.3	7.0	39632.09	14.5
Ho Chi Minh City	2021-10-20	65	28.8	24.0	25.7	25.3	13.0	12075.68	11.9
Ho Chi Minh City	2021-10-21	55	30.6	23.8	26.7	3.9	9.0	32400.0	11.3
Ho Chi Minh City	2021-10-22	63	29.7	24.1	26.2	12.7	11.0	28077.37	12.7
Ho Chi Minh City	2021-10-23	63	30.5	23.4	26.0	5.1	6.0	34425.33	11.1
Ho Chi Minh City	2021-10-24	61	31.2	23.5	26.3	3.0	5.0	35596.87	6.4
Ho Chi Minh City	2021-10-25	63	30.6	23.9	26.7	4.6	6.0	31459.2	12.3
Ho Chi Minh City	2021-10-26	53	31.2	24.0	27.0	1.1	3.0	28176.48	12.2
Ho Chi Minh City	2021-10-27	61	29.4	24.1	26.2	6.3	9.0	20583.75	14.0
Ho Chi Minh City	2021-10-28	53	31.1	23.6	27.0	0.9	3.0	39754.66	16.2
Ho Chi Minh City	2021-10-29	63	31.4	24.2	26.8	10.2	8.0	32417.83	14.8
Ho Chi Minh City	2021-10-30	61	31.7	23.3	26.5	4.0	5.0	32400.0	18.3
Ho Chi Minh City	2021-10-31	65	30.5	24.1	26.2	23.8	7.0	27991.42	13.9
Ho Chi Minh City	2021-11-01	63	31.3	23.8	26.6	10.9	6.0	32400.0	10.9
Ho Chi Minh City	2021-11-02	3	31.3	23.0	26.9	0.0	0.0	38737.58	11.2
Ho Chi Minh City	2021-11-03	53	31.6	23.5	27.3	0.9	2.0	38126.86	12.9
Ho Chi Minh City	2021-11-04	51	31.3	23.7	27.3	0.4	4.0	39600.0	16.2
Ho Chi Minh City	2021-11-05	63	31.6	23.9	26.8	6.7	4.0	29579.92	15.8
Ho Chi Minh City	2021-11-06	61	30.9	24.5	27.0	3.8	9.0	35450.54	13.0
Ho Chi Minh City	2021-11-07	51	30.8	24.7	27.4	1.2	6.0	37629.43	14.4
Ho Chi Minh City	2021-11-08	61	31.8	24.7	27.8	2.6	3.0	39474.15	18.4
Ho Chi Minh City	2021-11-09	53	29.4	23.5	26.6	2.8	8.0	30603.59	8.4
Ho Chi Minh City	2021-11-10	63	31.2	24.2	27.2	3.6	5.0	30327.04	9.4
Ho Chi Minh City	2021-11-11	63	28.8	24.1	25.7	21.2	17.0	13862.59	14.1
Ho Chi Minh City	2021-11-12	63	30.8	23.5	25.9	14.9	12.0	30742.78	8.7
Ho Chi Minh City	2021-11-13	63	30.4	23.2	26.2	9.3	8.0	32764.64	15.2
Ho Chi Minh City	2021-11-14	63	27.6	23.8	25.2	11.7	13.0	11117.03	7.9
Ho Chi Minh City	2021-11-15	65	29.5	23.4	26.0	16.1	6.0	28337.05	14.7
Ho Chi Minh City	2021-11-16	63	29.4	23.9	25.9	13.9	15.0	11697.22	10.9
Ho Chi Minh City	2021-11-17	65	30.5	23.8	26.2	12.7	10.0	32400.0	13.2
Ho Chi Minh City	2021-11-18	65	30.6	23.9	26.2	13.6	9.0	27358.91	18.7
Ho Chi Minh City	2021-11-19	53	30.9	23.3	26.6	1.1	3.0	34022.11	10.7
Ho Chi Minh City	2021-11-20	63	30.0	23.8	26.0	14.9	8.0	20063.15	13.2
Ho Chi Minh City	2021-11-21	63	31.1	22.9	26.5	8.7	5.0	33635.31	12.6
Ho Chi Minh City	2021-11-22	63	28.9	24.5	26.2	6.7	7.0	20898.15	17.9
Ho Chi Minh City	2021-11-23	63	30.8	22.9	26.4	11.4	9.0	35442.16	9.7
Ho Chi Minh City	2021-11-24	63	31.2	23.4	26.6	12.7	9.0	37195.1	7.6
Ho Chi Minh City	2021-11-25	55	30.5	23.5	26.0	2.4	4.0	25958.29	14.0
Ho Chi Minh City	2021-11-26	51	30.6	22.9	26.5	0.3	1.0	28800.0	12.3
Ho Chi Minh City	2021-11-27	53	27.8	23.3	24.9	4.0	12.0	4790.3	15.0
Ho Chi Minh City	2021-11-28	65	29.6	22.8	25.3	27.0	13.0	23217.97	12.0
Ho Chi Minh City	2021-11-29	53	27.5	23.7	25.4	3.1	14.0	3767.81	11.2
Ho Chi Minh City	2021-11-30	61	27.6	23.3	25.4	7.1	14.0	21943.89	20.5
Ho Chi Minh City	2021-12-01	51	29.5	22.4	25.6	1.0	4.0	28350.09	9.7
Ho Chi Minh City	2021-12-02	3	29.8	21.1	25.2	0.0	0.0	39577.0	8.2
Ho Chi Minh City	2021-12-03	3	28.8	20.9	24.7	0.0	0.0	36405.83	11.2
Ho Chi Minh City	2021-12-04	3	27.9	19.8	23.8	0.0	0.0	34363.68	10.6
Ho Chi Minh City	2021-12-05	3	28.8	17.9	23.7	0.0	0.0	39480.66	12.3
Ho Chi Minh City	2021-12-06	51	29.6	20.9	25.2	0.4	3.0	39671.52	11.4
Ho Chi Minh City	2021-12-07	3	29.5	20.8	25.3	0.0	0.0	37257.95	8.6
Ho Chi Minh City	2021-12-08	3	30.5	20.3	25.5	0.0	0.0	39588.6	9.7
Ho Chi Minh City	2021-12-09	63	30.2	22.3	25.7	3.6	4.0	39112.72	11.7
Ho Chi Minh City	2021-12-10	3	30.1	21.2	25.6	0.0	0.0	39760.32	10.7
Ho Chi Minh City	2021-12-11	3	30.0	19.5	24.9	0.0	0.0	35863.17	8.8
Ho Chi Minh City	2021-12-12	3	30.7	21.8	26.2	0.0	0.0	39257.38	9.4
Ho Chi Minh City	2021-12-13	3	30.7	23.3	26.5	0.0	0.0	38762.38	11.9
Ho Chi Minh City	2021-12-14	3	30.7	22.5	26.5	0.0	0.0	39594.95	8.9
Ho Chi Minh City	2021-12-15	3	31.5	22.9	26.8	0.0	0.0	39297.32	9.7
Ho Chi Minh City	2021-12-16	51	31.9	23.8	27.6	0.2	1.0	36661.09	11.5
Ho Chi Minh City	2021-12-17	51	32.5	24.2	27.5	1.0	6.0	37023.54	15.9
Ho Chi Minh City	2021-12-18	3	33.1	21.9	27.4	0.0	0.0	39075.6	18.8
Ho Chi Minh City	2021-12-19	3	29.9	24.3	26.8	0.0	0.0	9283.51	22.7
Ho Chi Minh City	2021-12-20	3	29.9	21.6	26.0	0.0	0.0	23679.26	10.6
Ho Chi Minh City	2021-12-21	3	31.8	22.3	26.8	0.0	0.0	39543.93	14.8
Ho Chi Minh City	2021-12-22	53	32.1	23.8	26.9	2.0	8.0	39498.05	15.6
Ho Chi Minh City	2021-12-23	3	32.0	23.0	26.9	0.0	0.0	39189.3	15.2
Ho Chi Minh City	2021-12-24	51	31.5	22.6	26.9	0.2	2.0	36770.56	12.7
Ho Chi Minh City	2021-12-25	51	32.6	22.5	27.5	0.2	1.0	37383.43	9.7
Ho Chi Minh City	2021-12-26	3	32.6	22.8	27.8	0.0	0.0	40084.73	10.1
Ho Chi Minh City	2021-12-27	63	32.0	23.3	27.0	6.2	10.0	38198.67	9.7
Ho Chi Minh City	2021-12-28	63	31.9	23.2	26.5	4.9	4.0	31466.5	16.3
Ho Chi Minh City	2021-12-29	51	30.5	23.0	26.6	0.2	2.0	32746.98	11.0
Ho Chi Minh City	2021-12-30	53	32.7	22.6	27.3	1.3	3.0	39652.15	15.8
Ho Chi Minh City	2021-12-31	3	31.9	22.6	27.1	0.0	0.0	36659.05	14.1
Ho Chi Minh City	2022-01-01	3	32.9	23.0	27.3	0.0	0.0	37027.13	14.5
Ho Chi Minh City	2022-01-02	3	33.0	23.1	27.9	0.0	0.0	37345.12	11.2
Ho Chi Minh City	2022-01-03	51	32.3	24.3	27.8	0.2	2.0	32400.0	12.7
Ho Chi Minh City	2022-01-04	55	33.3	23.3	27.7	1.4	3.0	39375.1	16.9
Ho Chi Minh City	2022-01-05	51	32.3	23.4	27.6	0.9	7.0	39417.08	12.6
Ho Chi Minh City	2022-01-06	53	31.4	24.0	27.4	1.1	4.0	37820.23	12.1
Ho Chi Minh City	2022-01-07	51	32.8	23.6	27.5	0.4	2.0	39340.21	15.3
Ho Chi Minh City	2022-01-08	51	33.9	23.1	27.6	0.1	1.0	40831.55	16.4
Ho Chi Minh City	2022-01-09	3	32.9	22.3	27.2	0.0	0.0	38229.22	18.9
Ho Chi Minh City	2022-01-10	55	31.8	24.0	27.6	2.9	6.0	40061.8	12.8
Ho Chi Minh City	2022-01-11	51	33.7	23.3	27.6	0.1	1.0	41112.58	21.0
Ho Chi Minh City	2022-01-12	3	32.8	21.9	26.8	0.0	0.0	41129.61	18.0
Ho Chi Minh City	2022-01-13	3	32.7	22.2	26.6	0.0	0.0	41012.97	19.2
Ho Chi Minh City	2022-01-14	3	32.8	21.0	26.6	0.0	0.0	40620.12	15.9
Ho Chi Minh City	2022-01-15	3	33.0	21.3	26.7	0.0	0.0	39312.35	17.9
Ho Chi Minh City	2022-01-16	3	33.7	21.5	27.0	0.0	0.0	41112.92	19.1
Ho Chi Minh City	2022-01-17	51	32.0	23.2	27.4	0.4	3.0	41144.26	16.3
Ho Chi Minh City	2022-01-18	3	34.0	22.6	27.6	0.0	0.0	41174.47	17.7
Ho Chi Minh City	2022-01-19	3	33.4	22.6	27.2	0.0	0.0	41158.64	17.7
Ho Chi Minh City	2022-01-20	51	33.0	22.5	27.3	0.8	5.0	40980.4	18.2
Ho Chi Minh City	2022-01-21	51	32.9	22.9	27.2	0.1	1.0	41007.08	18.9
Ho Chi Minh City	2022-01-22	3	33.7	23.0	27.2	0.0	0.0	40532.26	22.0
Ho Chi Minh City	2022-01-23	51	32.7	23.3	27.3	0.2	2.0	40806.39	15.2
Ho Chi Minh City	2022-01-24	3	33.3	23.3	27.5	0.0	0.0	39084.54	17.7
Ho Chi Minh City	2022-01-25	51	32.1	23.3	27.1	1.1	5.0	40104.81	16.6
Ho Chi Minh City	2022-01-26	51	34.3	23.3	27.8	0.2	2.0	40623.94	22.4
Ho Chi Minh City	2022-01-27	51	34.8	23.3	27.8	0.1	1.0	35494.68	22.4
Ho Chi Minh City	2022-01-28	3	34.8	22.7	28.3	0.0	0.0	39460.14	11.3
Ho Chi Minh City	2022-01-29	51	33.8	23.3	27.8	0.3	3.0	40929.47	19.0
Ho Chi Minh City	2022-01-30	51	32.4	24.4	27.6	0.3	3.0	40452.76	20.3
Ho Chi Minh City	2022-01-31	3	34.2	23.5	27.8	0.0	0.0	41209.0	20.8
Ho Chi Minh City	2022-02-01	3	36.0	23.7	28.5	0.0	0.0	41223.63	25.0
Ho Chi Minh City	2022-02-02	3	35.7	23.9	28.6	0.0	0.0	41237.28	20.2
Ho Chi Minh City	2022-02-03	51	35.3	23.7	28.7	0.1	1.0	41495.18	19.2
Ho Chi Minh City	2022-02-04	51	35.5	24.4	29.2	0.2	2.0	41261.58	16.6
Ho Chi Minh City	2022-02-05	51	34.4	24.1	29.1	0.3	2.0	41516.69	11.8
Ho Chi Minh City	2022-02-06	51	35.5	23.7	28.6	0.4	2.0	37231.26	20.5
Ho Chi Minh City	2022-02-07	51	35.8	24.5	29.1	0.4	3.0	40803.27	17.6
Ho Chi Minh City	2022-02-08	53	35.5	25.2	29.3	1.0	3.0	40081.88	17.5
Ho Chi Minh City	2022-02-09	51	35.6	24.8	29.3	0.1	1.0	39847.55	18.7
Ho Chi Minh City	2022-02-10	55	36.0	24.8	29.4	1.0	1.0	41068.22	17.1
Ho Chi Minh City	2022-02-11	51	35.3	24.7	28.9	0.4	2.0	40588.99	18.5
Ho Chi Minh City	2022-02-12	51	35.0	25.4	28.8	0.2	1.0	30211.25	20.3
Ho Chi Minh City	2022-02-13	63	33.5	24.9	27.9	8.1	4.0	41563.28	18.9
Ho Chi Minh City	2022-02-14	51	34.3	24.8	28.7	0.1	1.0	41081.93	19.8
Ho Chi Minh City	2022-02-15	53	34.3	24.7	28.4	1.2	4.0	41323.08	27.0
Ho Chi Minh City	2022-02-16	51	34.1	24.7	28.4	0.1	1.0	41562.39	24.9
Ho Chi Minh City	2022-02-17	51	34.2	24.4	28.3	0.1	1.0	42040.04	22.1
Ho Chi Minh City	2022-02-18	53	34.7	24.4	28.5	1.2	4.0	42035.8	21.3
Ho Chi Minh City	2022-02-19	53	33.9	24.6	28.4	1.2	4.0	39626.17	16.9
Ho Chi Minh City	2022-02-20	61	32.4	24.6	27.6	3.6	3.0	38177.35	19.5
Ho Chi Minh City	2022-02-21	63	33.0	24.1	27.3	5.8	6.0	38242.04	15.5
Ho Chi Minh City	2022-02-22	61	32.8	23.2	27.2	2.9	7.0	41532.85	15.3
Ho Chi Minh City	2022-02-23	53	33.4	23.6	27.6	1.0	4.0	41763.36	14.8
Ho Chi Minh City	2022-02-24	3	33.4	22.6	27.3	0.0	0.0	26146.56	12.4
Ho Chi Minh City	2022-02-25	51	33.9	23.2	27.8	0.1	1.0	34137.38	17.3
Ho Chi Minh City	2022-02-26	51	34.6	22.6	28.3	0.4	2.0	42392.21	14.7
Ho Chi Minh City	2022-02-27	51	35.3	23.7	28.9	0.1	1.0	42427.25	17.8
Ho Chi Minh City	2022-02-28	51	35.8	24.1	29.2	0.7	2.0	42462.33	17.1
Ho Chi Minh City	2022-03-01	3	35.1	24.9	29.3	0.0	0.0	38545.85	15.8
Ho Chi Minh City	2022-03-02	3	33.1	25.0	28.6	0.0	0.0	19232.2	17.2
Ho Chi Minh City	2022-03-03	51	34.3	25.1	29.1	0.4	3.0	41431.96	17.6
Ho Chi Minh City	2022-03-04	51	36.5	24.4	29.4	0.1	1.0	42583.72	19.3
Ho Chi Minh City	2022-03-05	55	36.4	25.1	29.4	1.5	4.0	42346.41	20.8
Ho Chi Minh City	2022-03-06	61	35.5	25.1	29.0	2.3	3.0	42643.91	22.4
Ho Chi Minh City	2022-03-07	61	35.2	25.0	28.8	2.0	1.0	39458.97	21.5
Ho Chi Minh City	2022-03-08	3	35.0	23.5	28.4	0.0	0.0	42707.45	20.2
Ho Chi Minh City	2022-03-09	51	34.5	24.0	28.5	0.3	3.0	42740.29	20.3
Ho Chi Minh City	2022-03-10	51	33.0	23.6	27.4	0.2	2.0	39173.86	19.9
Ho Chi Minh City	2022-03-11	3	35.3	23.1	28.5	0.0	0.0	42807.78	21.9
Ho Chi Minh City	2022-03-12	3	35.3	23.7	28.5	0.0	0.0	36481.92	25.0
Ho Chi Minh City	2022-03-13	63	35.1	25.5	29.3	5.1	6.0	42877.18	19.7
Ho Chi Minh City	2022-03-14	53	35.4	25.9	29.0	1.4	4.0	39312.42	17.4
Ho Chi Minh City	2022-03-15	51	35.1	25.1	28.8	0.1	1.0	42947.92	19.4
Ho Chi Minh City	2022-03-16	51	33.5	25.0	28.7	0.5	4.0	42983.6	18.0
Ho Chi Minh City	2022-03-17	3	35.0	24.9	29.1	0.0	0.0	43019.41	18.1
Ho Chi Minh City	2022-03-18	53	34.5	25.8	29.0	2.3	4.0	42452.04	15.7
Ho Chi Minh City	2022-03-19	55	34.5	24.2	28.4	1.8	4.0	43091.1	21.7
Ho Chi Minh City	2022-03-20	51	34.4	25.2	28.7	0.8	4.0	41590.35	19.7
Ho Chi Minh City	2022-03-21	55	32.7	25.3	28.3	2.8	11.0	40164.88	26.1
Ho Chi Minh City	2022-03-22	61	30.8	25.4	27.7	4.6	9.0	35997.74	19.3
Ho Chi Minh City	2022-03-23	61	33.6	24.7	28.3	1.6	3.0	43200.0	16.9
Ho Chi Minh City	2022-03-24	53	32.8	25.1	28.4	2.2	7.0	42292.38	19.8
Ho Chi Minh City	2022-03-25	1	34.9	25.3	29.4	0.0	0.0	43200.0	20.5
Ho Chi Minh City	2022-03-26	3	35.4	24.8	29.7	0.0	0.0	42817.43	17.0
Ho Chi Minh City	2022-03-27	51	35.7	23.5	29.3	1.2	4.0	40585.77	17.1
Ho Chi Minh City	2022-03-28	63	35.4	24.2	28.6	9.1	8.0	40846.74	16.8
Ho Chi Minh City	2022-03-29	63	33.6	23.9	27.6	11.1	6.0	41452.79	18.1
Ho Chi Minh City	2022-03-30	61	33.2	24.0	27.8	5.2	13.0	33924.63	17.8
Ho Chi Minh City	2022-03-31	63	30.9	24.3	26.5	18.4	13.0	18678.95	12.9
Ho Chi Minh City	2022-04-01	63	29.7	23.8	25.9	31.4	20.0	21830.66	19.6
Ho Chi Minh City	2022-04-02	55	31.9	24.0	27.4	3.0	8.0	42641.01	17.0
Ho Chi Minh City	2022-04-03	65	31.6	22.8	25.8	21.1	6.0	40542.86	15.8
Ho Chi Minh City	2022-04-04	65	32.0	22.9	25.9	14.8	6.0	31571.04	11.5
Ho Chi Minh City	2022-04-05	65	31.0	23.5	26.3	22.7	10.0	32659.86	9.1
Ho Chi Minh City	2022-04-06	51	32.2	23.2	27.0	0.1	1.0	41006.11	15.3
Ho Chi Minh City	2022-04-07	51	30.0	23.6	26.6	0.2	2.0	22327.79	14.0
Ho Chi Minh City	2022-04-08	55	32.6	22.8	27.1	1.8	4.0	41522.73	16.7
Ho Chi Minh City	2022-04-09	51	31.9	23.3	27.2	0.8	4.0	43200.0	15.1
Ho Chi Minh City	2022-04-10	63	31.6	23.2	26.9	19.1	15.0	40390.93	14.2
Ho Chi Minh City	2022-04-11	53	30.5	24.1	27.2	2.4	9.0	39600.0	14.8
Ho Chi Minh City	2022-04-12	53	31.5	23.8	27.3	2.0	6.0	43200.0	13.5
Ho Chi Minh City	2022-04-13	53	32.7	24.7	28.2	0.8	2.0	43200.0	13.3
Ho Chi Minh City	2022-04-14	63	32.9	25.2	28.2	6.9	4.0	42839.24	13.0
Ho Chi Minh City	2022-04-15	65	31.5	24.2	27.3	14.5	15.0	26543.87	12.5
Ho Chi Minh City	2022-04-16	63	30.7	24.7	27.0	19.1	14.0	35569.32	15.3
Ho Chi Minh City	2022-04-17	53	31.7	24.8	27.8	1.0	3.0	40808.97	16.2
Ho Chi Minh City	2022-04-18	51	33.0	25.4	28.5	0.2	2.0	43200.0	15.3
Ho Chi Minh City	2022-04-19	51	32.9	24.7	28.5	0.1	1.0	43200.0	13.4
Ho Chi Minh City	2022-04-20	55	32.7	25.0	28.1	3.2	4.0	43049.07	18.3
Ho Chi Minh City	2022-04-21	61	33.9	25.1	28.8	2.9	4.0	43200.0	17.7
Ho Chi Minh City	2022-04-22	53	34.1	25.2	29.0	0.5	1.0	43200.0	14.0
Ho Chi Minh City	2022-04-23	53	35.2	25.8	29.1	0.7	3.0	42351.01	18.0
Ho Chi Minh City	2022-04-24	63	33.7	25.6	29.0	6.0	6.0	37388.02	19.9
Ho Chi Minh City	2022-04-25	61	33.4	26.2	29.0	2.1	7.0	42762.51	17.3
Ho Chi Minh City	2022-04-26	53	33.8	25.8	28.8	1.8	5.0	42471.21	10.4
Ho Chi Minh City	2022-04-27	3	35.5	25.3	30.0	0.0	0.0	43200.0	15.1
Ho Chi Minh City	2022-04-28	53	34.1	26.6	29.6	2.2	9.0	37323.34	21.8
Ho Chi Minh City	2022-04-29	63	27.1	24.1	25.6	32.6	21.0	5379.82	17.8
Ho Chi Minh City	2022-04-30	63	29.8	24.4	26.6	17.2	15.0	19155.3	17.2
Ho Chi Minh City	2022-05-01	63	30.7	25.1	26.9	10.6	13.0	31325.58	15.9
Ho Chi Minh City	2022-05-02	63	31.6	24.4	27.1	24.6	17.0	35077.19	15.3
Ho Chi Minh City	2022-05-03	63	29.6	24.0	26.2	16.1	23.0	19056.15	15.1
Ho Chi Minh City	2022-05-04	63	31.5	23.6	26.7	9.0	11.0	37481.99	12.8
Ho Chi Minh City	2022-05-05	61	32.0	23.9	27.5	3.9	11.0	42676.55	18.3
Ho Chi Minh City	2022-05-06	63	30.9	25.5	27.9	7.1	5.0	33032.8	18.2
Ho Chi Minh City	2022-05-07	63	32.5	25.6	28.2	6.4	3.0	39804.33	20.1
Ho Chi Minh City	2022-05-08	63	29.8	25.8	27.2	12.4	12.0	17930.03	18.4
Ho Chi Minh City	2022-05-09	61	32.1	26.1	28.3	3.7	6.0	35205.79	19.4
Ho Chi Minh City	2022-05-10	65	31.5	25.5	27.9	10.6	7.0	36483.29	13.4
Ho Chi Minh City	2022-05-11	63	32.1	25.4	28.4	5.0	7.0	43200.0	13.2
Ho Chi Minh City	2022-05-12	65	32.2	24.5	27.6	14.2	11.0	28907.45	12.3
Ho Chi Minh City	2022-05-13	63	33.1	25.6	28.4	3.5	7.0	36427.41	14.2
Ho Chi Minh City	2022-05-14	61	32.9	26.0	28.6	3.0	10.0	27893.92	13.4
Ho Chi Minh City	2022-05-15	65	33.2	25.0	28.8	16.3	9.0	37391.14	16.5
Ho Chi Minh City	2022-05-16	65	31.4	24.3	26.7	24.1	19.0	28267.37	12.3
Ho Chi Minh City	2022-05-17	63	30.7	24.5	26.7	7.5	17.0	11344.85	13.3
Ho Chi Minh City	2022-05-18	63	30.2	24.2	26.7	13.0	17.0	20481.32	16.6
Ho Chi Minh City	2022-05-19	65	30.3	24.1	26.4	36.6	19.0	18804.33	13.2
Ho Chi Minh City	2022-05-20	63	32.4	25.1	27.9	15.7	10.0	36000.0	12.2
Ho Chi Minh City	2022-05-21	61	31.8	24.9	27.7	4.2	11.0	31795.08	15.6
Ho Chi Minh City	2022-05-22	63	30.9	24.8	26.8	18.7	17.0	21415.95	18.8
Ho Chi Minh City	2022-05-23	53	29.5	24.5	26.6	2.6	9.0	25648.81	20.5
Ho Chi Minh City	2022-05-24	51	31.9	25.0	28.2	0.4	4.0	36941.85	13.6
Ho Chi Minh City	2022-05-25	63	32.5	25.2	28.1	6.7	10.0	32400.0	17.6
Ho Chi Minh City	2022-05-26	65	31.7	25.4	27.3	12.1	10.0	30798.46	13.4
Ho Chi Minh City	2022-05-27	65	31.3	24.8	26.6	36.8	19.0	17201.7	17.8
Ho Chi Minh City	2022-05-28	63	29.9	24.3	26.0	13.3	10.0	9176.54	21.9
Ho Chi Minh City	2022-05-29	63	30.1	24.2	26.5	6.9	12.0	22927.28	19.2
Ho Chi Minh City	2022-05-30	63	31.1	24.6	26.6	10.9	9.0	25754.29	12.8
Ho Chi Minh City	2022-05-31	65	32.1	24.1	27.5	12.2	9.0	36000.0	8.4
Ho Chi Minh City	2022-06-01	63	30.6	24.4	26.8	11.0	11.0	26252.22	12.8
Ho Chi Minh City	2022-06-02	65	32.3	24.1	26.8	20.4	9.0	29793.8	23.1
Ho Chi Minh City	2022-06-03	63	30.8	23.5	26.6	7.6	10.0	29082.9	16.6
Ho Chi Minh City	2022-06-04	65	30.7	24.3	26.5	16.8	10.0	32400.0	12.7
Ho Chi Minh City	2022-06-05	3	32.3	23.2	27.5	0.0	0.0	43200.0	15.9
Ho Chi Minh City	2022-06-06	55	32.2	24.5	27.8	2.9	6.0	42683.17	14.8
Ho Chi Minh City	2022-06-07	65	32.3	24.5	27.3	21.8	12.0	32400.0	9.2
Ho Chi Minh City	2022-06-08	61	32.6	24.3	27.8	2.1	4.0	43182.4	10.7
Ho Chi Minh City	2022-06-09	51	33.4	24.5	28.5	0.7	4.0	42782.55	11.6
Ho Chi Minh City	2022-06-10	65	31.9	23.8	27.0	23.0	9.0	30559.78	8.2
Ho Chi Minh City	2022-06-11	53	33.3	24.3	28.1	1.1	4.0	43093.16	10.9
Ho Chi Minh City	2022-06-12	63	31.5	24.2	27.1	6.3	7.0	37772.92	11.0
Ho Chi Minh City	2022-06-13	61	32.1	24.2	27.5	1.6	3.0	43141.14	10.7
Ho Chi Minh City	2022-06-14	53	31.8	24.6	28.1	1.0	2.0	43208.41	14.7
Ho Chi Minh City	2022-06-15	63	32.4	25.3	27.9	7.3	8.0	37416.01	15.5
Ho Chi Minh City	2022-06-16	61	32.1	24.6	27.7	2.9	4.0	34509.35	9.8
Ho Chi Minh City	2022-06-17	63	32.3	24.7	27.4	10.6	9.0	35294.37	18.7
Ho Chi Minh City	2022-06-18	65	32.6	24.0	27.8	9.1	3.0	39600.0	10.4
Ho Chi Minh City	2022-06-19	55	32.6	24.7	27.3	3.1	7.0	36796.59	22.0
Ho Chi Minh City	2022-06-20	65	32.1	24.0	27.3	10.9	4.0	34426.13	17.0
Ho Chi Minh City	2022-06-21	65	31.4	24.1	26.5	14.5	11.0	34323.97	16.2
Ho Chi Minh City	2022-06-22	65	31.6	24.5	26.9	33.4	12.0	31953.13	18.8
Ho Chi Minh City	2022-06-23	65	31.5	24.8	26.9	18.8	10.0	28891.53	21.3
Ho Chi Minh City	2022-06-24	63	31.2	23.9	26.6	9.6	11.0	33437.98	14.0
Ho Chi Minh City	2022-06-25	63	31.2	23.9	26.9	8.4	7.0	32400.0	12.8
Ho Chi Minh City	2022-06-26	65	31.7	24.7	27.4	11.1	5.0	32400.0	14.5
Ho Chi Minh City	2022-06-27	65	32.4	24.4	28.1	15.2	7.0	43200.0	11.3
Ho Chi Minh City	2022-06-28	63	31.1	24.1	26.4	17.6	17.0	23240.52	11.4
Ho Chi Minh City	2022-06-29	65	32.8	25.2	27.8	18.9	6.0	29066.15	21.0
Ho Chi Minh City	2022-06-30	63	30.3	25.6	27.1	17.8	8.0	18954.8	26.4
Ho Chi Minh City	2022-07-01	61	29.9	24.9	26.7	5.8	5.0	3358.93	17.1
Ho Chi Minh City	2022-07-02	63	30.6	25.0	26.9	10.7	10.0	22393.36	22.3
Ho Chi Minh City	2022-07-03	63	30.7	24.6	27.1	4.6	9.0	37939.28	21.5
Ho Chi Minh City	2022-07-04	63	31.8	24.7	27.4	6.7	10.0	35964.24	20.7
Ho Chi Minh City	2022-07-05	63	30.8	24.6	27.2	9.8	8.0	38866.89	17.7
Ho Chi Minh City	2022-07-06	65	31.2	25.1	27.2	15.2	8.0	36282.2	16.7
Ho Chi Minh City	2022-07-07	61	31.6	24.3	27.3	3.0	11.0	32400.0	21.3
Ho Chi Minh City	2022-07-08	63	29.9	24.9	26.5	16.7	14.0	19316.74	18.9
Ho Chi Minh City	2022-07-09	61	30.3	25.0	26.4	13.9	21.0	14657.81	18.1
Ho Chi Minh City	2022-07-10	63	30.7	24.4	26.2	27.0	14.0	25177.67	19.9
Ho Chi Minh City	2022-07-11	65	30.9	24.4	26.3	34.9	9.0	25200.0	19.2
Ho Chi Minh City	2022-07-12	63	28.8	24.4	25.8	21.2	19.0	12038.82	16.5
Ho Chi Minh City	2022-07-13	55	29.7	23.8	26.1	4.4	10.0	24846.13	20.4
Ho Chi Minh City	2022-07-14	61	31.2	23.9	26.8	9.3	13.0	37437.24	20.1
Ho Chi Minh City	2022-07-15	63	29.7	24.1	26.4	13.2	9.0	36334.76	16.6
Ho Chi Minh City	2022-07-16	65	32.0	24.4	27.1	8.8	5.0	39279.42	15.5
Ho Chi Minh City	2022-07-17	63	30.6	24.4	26.6	10.4	8.0	37521.79	14.0
Ho Chi Minh City	2022-07-18	63	31.4	24.0	27.2	6.8	8.0	42330.65	17.1
Ho Chi Minh City	2022-07-19	55	31.7	24.6	27.0	3.9	7.0	32037.77	19.4
Ho Chi Minh City	2022-07-20	63	30.1	25.0	26.2	14.4	22.0	17137.68	15.8
Ho Chi Minh City	2022-07-21	61	28.9	24.3	25.9	8.6	13.0	6650.39	16.6
Ho Chi Minh City	2022-07-22	3	33.0	23.4	27.7	0.0	0.0	42351.62	12.3
Ho Chi Minh City	2022-07-23	63	31.8	24.6	27.3	7.9	6.0	32400.0	15.5
Ho Chi Minh City	2022-07-24	51	32.4	24.7	28.0	0.4	2.0	43200.0	14.5
Ho Chi Minh City	2022-07-25	65	31.5	24.8	27.0	14.5	8.0	31907.0	18.6
Ho Chi Minh City	2022-07-26	63	30.8	25.3	27.1	9.4	13.0	26545.33	14.5
Ho Chi Minh City	2022-07-27	63	31.2	24.5	26.9	7.0	5.0	31882.32	10.4
Ho Chi Minh City	2022-07-28	61	31.5	23.9	27.3	2.6	8.0	43200.0	12.5
Ho Chi Minh City	2022-07-29	53	32.6	24.2	28.0	1.3	3.0	43200.0	13.9
Ho Chi Minh City	2022-07-30	63	32.0	25.1	27.7	3.8	6.0	34538.61	18.9
Ho Chi Minh City	2022-07-31	63	32.2	24.5	27.4	15.7	16.0	36518.61	14.1
Ho Chi Minh City	2022-08-01	63	31.3	23.9	26.6	22.1	22.0	22584.26	14.6
Ho Chi Minh City	2022-08-02	63	31.3	24.8	27.2	9.7	12.0	35661.97	14.6
Ho Chi Minh City	2022-08-03	63	30.4	24.3	26.6	8.1	10.0	22088.41	14.8
Ho Chi Minh City	2022-08-04	63	31.2	23.7	26.6	11.1	11.0	34448.53	14.9
Ho Chi Minh City	2022-08-05	63	31.6	24.5	26.8	13.2	9.0	36000.0	18.7
Ho Chi Minh City	2022-08-06	63	27.8	24.6	25.6	14.9	12.0	6577.95	20.5
Ho Chi Minh City	2022-08-07	63	29.3	24.3	26.1	12.9	9.0	13108.41	20.9
Ho Chi Minh City	2022-08-08	63	27.7	24.4	25.5	18.1	14.0	4407.69	20.5
Ho Chi Minh City	2022-08-09	63	30.0	24.1	25.9	11.9	8.0	30730.92	23.1
Ho Chi Minh City	2022-08-10	63	30.3	23.9	26.3	9.1	8.0	36000.0	21.7
Ho Chi Minh City	2022-08-11	63	30.3	24.0	26.1	12.2	9.0	22529.76	24.0
Ho Chi Minh City	2022-08-12	63	32.0	23.3	26.8	8.5	6.0	37068.74	20.8
Ho Chi Minh City	2022-08-13	51	32.8	23.8	28.1	0.1	1.0	41854.61	12.1
Ho Chi Minh City	2022-08-14	63	32.2	24.4	27.4	9.4	9.0	36000.0	10.7
Ho Chi Minh City	2022-08-15	53	29.2	24.4	26.6	4.6	11.0	11159.56	16.6
Ho Chi Minh City	2022-08-16	63	31.1	23.7	26.3	7.9	7.0	32849.74	17.9
Ho Chi Minh City	2022-08-17	61	31.3	23.8	27.0	2.7	10.0	39600.0	16.4
Ho Chi Minh City	2022-08-18	65	32.0	24.4	27.3	13.0	8.0	37946.2	17.1
Ho Chi Minh City	2022-08-19	53	31.3	24.5	27.1	2.4	7.0	36000.0	21.6
Ho Chi Minh City	2022-08-20	63	30.7	24.9	26.9	12.5	12.0	25096.65	17.9
Ho Chi Minh City	2022-08-21	63	31.5	24.6	26.9	8.0	8.0	34157.95	20.5
Ho Chi Minh City	2022-08-22	61	31.8	24.2	27.1	4.0	8.0	41650.17	13.6
Ho Chi Minh City	2022-08-23	63	31.2	24.2	26.7	15.5	9.0	27108.9	15.5
Ho Chi Minh City	2022-08-24	63	31.7	24.6	27.3	5.9	10.0	36518.33	14.8
Ho Chi Minh City	2022-08-25	63	31.2	24.7	26.5	13.1	11.0	19475.18	15.3
Ho Chi Minh City	2022-08-26	65	29.2	24.2	26.0	15.0	12.0	22778.49	14.1
Ho Chi Minh City	2022-08-27	65	31.7	23.4	26.8	18.5	13.0	40466.03	14.8
Ho Chi Minh City	2022-08-28	63	31.2	23.0	26.6	6.4	5.0	33149.28	8.7
Ho Chi Minh City	2022-08-29	63	31.3	23.7	27.1	8.8	12.0	42087.18	18.0
Ho Chi Minh City	2022-08-30	63	31.7	24.8	27.3	14.3	12.0	43200.0	15.9
Ho Chi Minh City	2022-08-31	63	31.9	23.9	26.9	12.6	15.0	32683.28	9.3
Ho Chi Minh City	2022-09-01	63	32.2	23.7	27.0	14.7	8.0	43189.64	8.9
Ho Chi Minh City	2022-09-02	63	32.1	24.2	27.2	10.6	11.0	32400.0	10.6
Ho Chi Minh City	2022-09-03	65	31.9	24.2	26.9	16.2	10.0	32400.0	15.0
Ho Chi Minh City	2022-09-04	63	31.3	23.9	26.5	9.5	14.0	35116.96	20.5
Ho Chi Minh City	2022-09-05	63	31.3	24.2	26.4	10.4	7.0	24610.16	22.9
Ho Chi Minh City	2022-09-06	63	30.3	24.3	26.2	14.8	15.0	24703.93	22.7
Ho Chi Minh City	2022-09-07	63	27.9	24.1	25.4	12.4	20.0	3680.3	12.7
Ho Chi Minh City	2022-09-08	61	31.3	23.7	26.4	2.9	9.0	32956.1	19.0
Ho Chi Minh City	2022-09-09	65	32.0	23.6	26.9	20.3	11.0	39600.0	12.5
Ho Chi Minh City	2022-09-10	61	30.4	24.0	26.3	4.7	9.0	33762.11	18.7
Ho Chi Minh City	2022-09-11	63	30.5	23.8	26.0	12.2	11.0	21735.35	16.7
Ho Chi Minh City	2022-09-12	63	30.3	24.2	26.1	15.6	12.0	25736.99	15.3
Ho Chi Minh City	2022-09-13	55	31.0	23.5	26.8	3.1	9.0	41553.13	15.9
Ho Chi Minh City	2022-09-14	63	31.5	24.3	26.7	8.3	8.0	36181.0	17.7
Ho Chi Minh City	2022-09-15	65	30.7	23.6	26.2	14.8	12.0	28063.42	20.7
Ho Chi Minh City	2022-09-16	65	30.8	24.1	26.3	12.4	12.0	21493.72	17.3
Ho Chi Minh City	2022-09-17	65	31.0	24.2	26.5	17.8	9.0	27454.38	16.2
Ho Chi Minh City	2022-09-18	63	31.2	23.8	26.5	9.2	13.0	32505.94	15.8
Ho Chi Minh City	2022-09-19	63	30.1	23.9	26.4	12.2	11.0	31329.59	17.7
Ho Chi Minh City	2022-09-20	65	31.0	23.9	26.2	14.0	10.0	28800.0	16.3
Ho Chi Minh City	2022-09-21	61	29.9	23.9	26.0	7.1	15.0	32118.69	16.8
Ho Chi Minh City	2022-09-22	65	30.5	23.9	26.1	13.6	15.0	20515.08	17.7
Ho Chi Minh City	2022-09-23	63	30.6	24.0	26.8	5.1	7.0	35284.24	14.0
Ho Chi Minh City	2022-09-24	63	31.3	24.3	26.8	19.4	7.0	33905.38	17.7
Ho Chi Minh City	2022-09-25	63	31.3	24.0	26.4	20.4	15.0	26879.86	15.7
Ho Chi Minh City	2022-09-26	63	31.1	24.2	26.0	29.1	20.0	18991.41	21.5
Ho Chi Minh City	2022-09-27	65	29.3	23.5	25.6	16.9	15.0	17326.16	19.2
Ho Chi Minh City	2022-09-28	63	29.3	24.3	25.7	11.0	12.0	4658.14	22.5
Ho Chi Minh City	2022-09-29	63	29.7	23.7	26.0	7.8	10.0	18712.56	20.0
Ho Chi Minh City	2022-09-30	53	29.8	23.7	26.5	2.9	14.0	24946.03	16.6
Ho Chi Minh City	2022-10-01	63	29.5	24.8	26.1	26.5	23.0	12472.18	15.1
Ho Chi Minh City	2022-10-02	65	28.3	23.8	26.0	20.7	9.0	17239.72	13.3
Ho Chi Minh City	2022-10-03	61	30.0	24.0	26.6	3.8	6.0	31492.85	19.3
Ho Chi Minh City	2022-10-04	61	30.0	23.4	26.8	5.0	10.0	33343.61	10.5
Ho Chi Minh City	2022-10-05	65	30.2	24.1	26.0	15.5	11.0	25200.0	22.2
Ho Chi Minh City	2022-10-06	61	29.5	23.7	26.0	4.3	7.0	25415.88	14.7
Ho Chi Minh City	2022-10-07	63	31.1	23.2	26.7	13.7	7.0	39666.12	13.6
Ho Chi Minh City	2022-10-08	61	27.5	23.5	25.2	7.1	17.0	27.7	8.8
Ho Chi Minh City	2022-10-09	63	29.9	23.3	25.9	14.2	17.0	18108.11	11.3
Ho Chi Minh City	2022-10-10	63	29.2	23.6	25.7	6.7	11.0	11766.08	10.1
Ho Chi Minh City	2022-10-11	61	30.9	23.3	26.2	6.7	8.0	31989.26	9.4
Ho Chi Minh City	2022-10-12	63	30.8	23.6	26.3	9.9	12.0	25496.45	11.6
Ho Chi Minh City	2022-10-13	51	31.7	23.0	27.0	0.4	1.0	33871.32	18.4
Ho Chi Minh City	2022-10-14	51	30.0	23.8	26.4	0.4	2.0	32539.09	18.4
Ho Chi Minh City	2022-10-15	3	30.0	22.2	25.7	0.0	0.0	40512.74	12.1
Ho Chi Minh City	2022-10-16	3	31.0	21.3	26.0	0.0	0.0	40529.89	11.3
Ho Chi Minh City	2022-10-17	55	31.6	23.1	27.2	3.4	5.0	40309.66	11.7
Ho Chi Minh City	2022-10-18	63	30.4	23.3	26.0	16.4	13.0	36000.0	15.5
Ho Chi Minh City	2022-10-19	63	29.7	24.1	25.7	28.3	19.0	24512.82	15.6
Ho Chi Minh City	2022-10-20	63	28.6	24.2	25.8	9.4	13.0	29813.36	19.6
Ho Chi Minh City	2022-10-21	63	30.8	24.1	26.7	6.2	6.0	39659.33	17.2
Ho Chi Minh City	2022-10-22	63	30.5	23.6	26.6	12.5	7.0	31064.81	13.0
Ho Chi Minh City	2022-10-23	63	30.7	23.8	26.4	20.5	14.0	33913.02	10.4
Ho Chi Minh City	2022-10-24	63	31.3	24.1	26.6	9.6	15.0	36000.0	11.6
Ho Chi Minh City	2022-10-25	63	30.8	23.6	26.8	10.4	10.0	36000.0	17.7
Ho Chi Minh City	2022-10-26	65	30.5	24.2	26.4	20.3	12.0	32400.0	11.3
Ho Chi Minh City	2022-10-27	65	29.9	23.9	25.8	15.5	14.0	18934.55	13.0
Ho Chi Minh City	2022-10-28	53	29.8	23.4	26.2	3.1	12.0	22986.7	9.7
Ho Chi Minh City	2022-10-29	63	31.5	22.7	26.5	5.3	4.0	32400.0	11.9
Ho Chi Minh City	2022-10-30	53	31.1	24.1	27.0	0.8	3.0	39600.0	12.1
Ho Chi Minh City	2022-10-31	3	31.7	22.4	27.0	0.0	0.0	39600.0	13.4
Ho Chi Minh City	2022-11-01	51	30.9	23.8	26.8	0.3	3.0	39600.0	12.7
Ho Chi Minh City	2022-11-02	53	29.6	23.1	25.8	2.0	8.0	39600.0	14.0
Ho Chi Minh City	2022-11-03	63	28.9	23.7	25.3	13.6	13.0	6929.52	12.3
Ho Chi Minh City	2022-11-04	63	29.9	23.5	25.5	11.8	10.0	30833.69	13.4
Ho Chi Minh City	2022-11-05	61	30.6	23.0	26.2	2.0	4.0	39600.0	11.9
Ho Chi Minh City	2022-11-06	63	30.9	22.7	26.2	6.5	3.0	36000.0	12.6
Ho Chi Minh City	2022-11-07	61	31.0	23.3	26.6	2.4	6.0	39600.98	8.0
Ho Chi Minh City	2022-11-08	51	32.2	23.4	27.3	0.1	1.0	39600.0	12.1
Ho Chi Minh City	2022-11-09	51	31.7	24.0	27.5	0.3	3.0	39613.78	10.4
Ho Chi Minh City	2022-11-10	63	31.5	24.1	27.4	6.4	2.0	36716.65	13.1
Ho Chi Minh City	2022-11-11	63	31.8	24.0	26.8	6.5	3.0	32279.41	21.2
Ho Chi Minh City	2022-11-12	63	30.7	24.1	26.3	12.1	9.0	24034.22	15.3
Ho Chi Minh City	2022-11-13	61	30.7	23.4	26.7	1.9	5.0	34013.41	20.7
Ho Chi Minh City	2022-11-14	63	31.0	23.7	27.0	4.1	4.0	36000.0	14.3
Ho Chi Minh City	2022-11-15	55	31.0	23.6	27.1	1.1	2.0	39600.0	12.4
Ho Chi Minh City	2022-11-16	51	31.9	23.9	27.4	0.4	3.0	39600.0	12.5
Ho Chi Minh City	2022-11-17	63	31.8	23.9	27.4	6.3	3.0	38573.27	17.5
Ho Chi Minh City	2022-11-18	63	31.4	23.6	26.5	12.1	8.0	35331.33	14.8
Ho Chi Minh City	2022-11-19	63	26.9	23.5	24.9	8.2	15.0	0.0	14.9
Ho Chi Minh City	2022-11-20	63	25.9	23.4	24.7	31.5	19.0	0.0	11.6
Ho Chi Minh City	2022-11-21	63	28.9	23.1	25.7	7.5	12.0	7910.03	7.4
Ho Chi Minh City	2022-11-22	61	27.3	23.5	25.5	5.0	13.0	6188.89	11.6
Ho Chi Minh City	2022-11-23	63	28.8	24.3	25.9	11.4	12.0	30938.51	21.9
Ho Chi Minh City	2022-11-24	63	29.0	24.2	25.8	11.7	12.0	33720.68	20.9
Ho Chi Minh City	2022-11-25	63	30.6	23.7	26.3	5.2	5.0	36905.92	15.1
Ho Chi Minh City	2022-11-26	55	29.8	23.7	25.6	2.4	6.0	30593.1	16.4
Ho Chi Minh City	2022-11-27	53	30.1	23.8	26.5	1.5	7.0	32400.0	15.3
Ho Chi Minh City	2022-11-28	61	30.6	23.8	26.9	2.9	8.0	39600.0	14.5
Ho Chi Minh City	2022-11-29	51	31.4	24.4	27.3	0.2	2.0	39620.27	12.2
Ho Chi Minh City	2022-11-30	51	31.0	22.5	26.9	1.1	4.0	39600.0	9.0
Ho Chi Minh City	2022-12-01	51	31.9	23.2	27.6	0.3	2.0	39600.0	8.2
Ho Chi Minh City	2022-12-02	51	30.4	23.9	27.0	0.6	3.0	26396.86	17.6
Ho Chi Minh City	2022-12-03	61	30.3	23.8	26.2	5.3	9.0	25542.35	16.1
Ho Chi Minh City	2022-12-04	53	30.8	23.3	26.7	1.7	7.0	32939.66	14.8
Ho Chi Minh City	2022-12-05	61	31.3	23.7	27.0	3.4	5.0	35887.36	12.9
Ho Chi Minh City	2022-12-06	65	31.3	23.3	26.7	8.4	6.0	39442.13	7.9
Ho Chi Minh City	2022-12-07	61	30.0	23.3	26.0	3.1	7.0	25025.67	12.5
Ho Chi Minh City	2022-12-08	51	31.1	23.1	26.9	0.2	2.0	39604.84	13.7
Ho Chi Minh City	2022-12-09	63	30.9	23.2	26.3	7.9	4.0	37370.77	12.0
Ho Chi Minh City	2022-12-10	3	30.9	22.9	26.2	0.0	0.0	39525.81	15.5
Ho Chi Minh City	2022-12-11	51	30.2	23.3	26.3	0.1	1.0	39484.64	12.3
Ho Chi Minh City	2022-12-12	3	30.3	21.9	25.7	0.0	0.0	39697.93	15.9
Ho Chi Minh City	2022-12-13	3	29.5	20.3	24.7	0.0	0.0	39910.58	12.7
Ho Chi Minh City	2022-12-14	51	29.8	20.8	25.0	0.3	3.0	39866.71	9.3
Ho Chi Minh City	2022-12-15	51	30.6	20.9	25.9	0.1	1.0	39566.03	8.8
Ho Chi Minh City	2022-12-16	3	31.5	22.4	26.8	0.0	0.0	37776.44	11.2
Ho Chi Minh City	2022-12-17	3	31.3	23.0	26.8	0.0	0.0	25043.78	15.5
Ho Chi Minh City	2022-12-18	3	30.9	23.5	26.6	0.0	0.0	39172.44	25.4
Ho Chi Minh City	2022-12-19	3	31.1	20.9	25.5	0.0	0.0	39639.05	16.8
Ho Chi Minh City	2022-12-20	3	31.1	20.7	25.9	0.0	0.0	39849.37	11.8
Ho Chi Minh City	2022-12-21	3	31.8	22.1	26.7	0.0	0.0	38115.01	13.8
Ho Chi Minh City	2022-12-22	3	31.9	22.0	26.6	0.0	0.0	40014.08	15.8
Ho Chi Minh City	2022-12-23	3	30.8	20.3	25.5	0.0	0.0	40481.87	14.7
Ho Chi Minh City	2022-12-24	3	30.4	18.6	24.8	0.0	0.0	36870.76	13.1
Ho Chi Minh City	2022-12-25	3	31.0	19.1	25.2	0.0	0.0	39591.99	11.4
Ho Chi Minh City	2022-12-26	3	30.7	19.1	25.1	0.0	0.0	38837.7	12.9
Ho Chi Minh City	2022-12-27	3	31.1	21.1	25.8	0.0	0.0	36212.79	10.1
Ho Chi Minh City	2022-12-28	3	32.2	20.5	26.2	0.0	0.0	40264.43	14.6
Ho Chi Minh City	2022-12-29	3	32.5	21.3	26.7	0.0	0.0	38913.13	11.9
Ho Chi Minh City	2022-12-30	51	29.3	23.1	26.2	1.1	7.0	28890.32	16.1
Ho Chi Minh City	2022-12-31	51	31.4	21.6	26.2	0.1	1.0	27805.86	13.9
Ho Chi Minh City	2023-01-01	51	29.5	22.0	25.9	0.6	3.0	33422.99	13.8
Ho Chi Minh City	2023-01-02	53	32.4	22.4	26.5	2.3	7.0	35305.33	12.6
Ho Chi Minh City	2023-01-03	51	32.3	22.9	26.7	0.2	1.0	32261.73	17.2
Ho Chi Minh City	2023-01-04	51	31.7	23.2	26.9	0.3	2.0	17198.61	20.5
Ho Chi Minh City	2023-01-05	53	26.9	22.7	24.5	3.5	10.0	0.0	19.3
Ho Chi Minh City	2023-01-06	63	28.1	20.9	23.9	20.3	13.0	17258.9	18.9
Ho Chi Minh City	2023-01-07	63	27.7	21.4	23.7	27.1	12.0	10387.75	19.6
Ho Chi Minh City	2023-01-08	51	27.1	20.8	23.7	0.5	2.0	6980.76	9.3
Ho Chi Minh City	2023-01-09	63	27.7	23.0	24.8	17.0	18.0	23987.11	11.5
Ho Chi Minh City	2023-01-10	63	26.3	23.0	24.5	14.2	14.0	9033.81	18.7
Ho Chi Minh City	2023-01-11	51	28.7	23.3	25.5	0.7	5.0	37735.26	18.7
Ho Chi Minh City	2023-01-12	61	28.6	23.1	25.5	3.8	6.0	37361.38	14.1
Ho Chi Minh City	2023-01-13	61	29.9	22.6	26.0	2.3	7.0	37989.33	8.8
Ho Chi Minh City	2023-01-14	51	31.2	23.0	26.8	0.2	2.0	40285.28	9.3
Ho Chi Minh City	2023-01-15	3	30.9	22.8	26.5	0.0	0.0	33190.26	12.0
Ho Chi Minh City	2023-01-16	51	30.5	23.2	26.5	0.3	3.0	40603.56	13.8
Ho Chi Minh City	2023-01-17	51	30.3	21.3	25.6	0.1	1.0	39442.64	14.5
Ho Chi Minh City	2023-01-18	3	30.1	20.4	25.3	0.0	0.0	40159.73	11.9
Ho Chi Minh City	2023-01-19	3	30.6	21.8	25.8	0.0	0.0	34328.08	12.3
Ho Chi Minh City	2023-01-20	3	31.1	21.8	26.4	0.0	0.0	38632.42	9.9
Ho Chi Minh City	2023-01-21	51	31.7	22.1	27.0	0.1	1.0	40744.6	11.0
Ho Chi Minh City	2023-01-22	51	31.5	23.2	27.1	0.3	2.0	37093.76	10.7
Ho Chi Minh City	2023-01-23	51	32.5	23.1	27.4	0.4	2.0	40545.04	12.9
Ho Chi Minh City	2023-01-24	53	32.5	23.3	27.4	0.6	2.0	39803.95	10.8
Ho Chi Minh City	2023-01-25	3	32.1	22.2	26.2	0.0	0.0	37538.33	18.4
Ho Chi Minh City	2023-01-26	3	32.3	21.4	26.4	0.0	0.0	39123.41	10.1
Ho Chi Minh City	2023-01-27	55	32.3	21.9	26.5	1.8	3.0	29356.48	16.9
Ho Chi Minh City	2023-01-28	3	32.3	23.2	27.1	0.0	0.0	34549.76	16.2
Ho Chi Minh City	2023-01-29	3	31.0	21.6	25.6	0.0	0.0	32174.56	9.7
Ho Chi Minh City	2023-01-30	3	31.4	20.4	25.3	0.0	0.0	40941.52	12.0
Ho Chi Minh City	2023-01-31	3	32.4	20.8	26.3	0.0	0.0	40958.55	18.4
Ho Chi Minh City	2023-02-01	53	32.0	22.9	27.1	1.4	5.0	29335.0	12.3
Ho Chi Minh City	2023-02-02	53	33.6	23.9	27.9	1.4	4.0	40743.66	17.4
Ho Chi Minh City	2023-02-03	3	34.8	24.2	28.7	0.0	0.0	40512.49	18.8
Ho Chi Minh City	2023-02-04	51	34.7	23.2	28.4	0.3	2.0	40770.92	17.8
Ho Chi Minh City	2023-02-05	3	34.4	23.0	28.0	0.0	0.0	40782.84	18.0
Ho Chi Minh City	2023-02-06	3	34.7	22.6	27.8	0.0	0.0	41526.12	20.8
Ho Chi Minh City	2023-02-07	53	34.0	23.5	27.7	0.9	4.0	41046.97	20.1
Ho Chi Minh City	2023-02-08	51	34.4	23.5	28.0	0.7	3.0	41541.77	16.6
Ho Chi Minh City	2023-02-09	51	33.8	24.1	28.3	0.1	1.0	41547.7	18.0
Ho Chi Minh City	2023-02-10	3	35.2	22.8	27.9	0.0	0.0	41849.45	23.8
Ho Chi Minh City	2023-02-11	3	35.4	22.7	27.7	0.0	0.0	41798.26	22.0
Ho Chi Minh City	2023-02-12	51	35.0	23.4	28.0	0.2	1.0	40106.79	22.6
Ho Chi Minh City	2023-02-13	3	33.7	23.5	27.6	0.0	0.0	40351.86	20.7
Ho Chi Minh City	2023-02-14	3	33.4	23.0	27.1	0.0	0.0	32247.75	22.6
Ho Chi Minh City	2023-02-15	51	33.7	23.4	28.0	0.1	1.0	39461.52	15.0
Ho Chi Minh City	2023-02-16	3	33.5	21.1	27.4	0.0	0.0	38054.35	15.6
Ho Chi Minh City	2023-02-17	53	34.0	22.7	27.8	0.8	2.0	40458.64	15.0
Ho Chi Minh City	2023-02-18	3	31.6	24.2	27.1	0.0	0.0	30387.96	14.5
Ho Chi Minh City	2023-02-19	51	33.6	24.4	27.4	1.9	10.0	39168.29	16.7
Ho Chi Minh City	2023-02-20	63	31.2	23.2	26.6	3.7	3.0	35922.15	18.9
Ho Chi Minh City	2023-02-21	3	33.5	22.0	27.3	0.0	0.0	42212.06	19.5
Ho Chi Minh City	2023-02-22	51	32.9	22.5	27.3	0.1	1.0	41770.69	18.2
Ho Chi Minh City	2023-02-23	51	33.6	22.3	27.5	0.1	1.0	42280.56	17.5
Ho Chi Minh City	2023-02-24	3	33.7	22.6	27.4	0.0	0.0	42232.58	19.6
Ho Chi Minh City	2023-02-25	3	33.3	21.9	27.1	0.0	0.0	38624.23	15.5
Ho Chi Minh City	2023-02-26	3	35.0	21.8	27.7	0.0	0.0	42383.56	14.9
Ho Chi Minh City	2023-02-27	3	34.5	22.4	27.7	0.0	0.0	40545.13	17.4
Ho Chi Minh City	2023-02-28	51	34.5	23.4	28.0	0.3	3.0	38563.84	16.9
Ho Chi Minh City	2023-03-01	3	33.4	24.0	28.1	0.0	0.0	36954.59	15.0
Ho Chi Minh City	2023-03-02	3	34.4	23.7	28.5	0.0	0.0	41692.56	15.5
Ho Chi Minh City	2023-03-03	3	34.2	22.5	27.7	0.0	0.0	42543.75	16.6
Ho Chi Minh City	2023-03-04	3	33.3	22.2	27.3	0.0	0.0	41158.46	17.3
Ho Chi Minh City	2023-03-05	3	32.3	21.6	26.7	0.0	0.0	42605.47	13.2
Ho Chi Minh City	2023-03-06	3	33.0	21.2	26.6	0.0	0.0	42637.36	23.3
Ho Chi Minh City	2023-03-07	2	33.7	21.6	26.8	0.0	0.0	42669.83	18.9
Ho Chi Minh City	2023-03-08	3	34.2	22.2	27.1	0.0	0.0	42702.83	20.7
Ho Chi Minh City	2023-03-09	0	34.2	21.6	26.8	0.0	0.0	42736.28	23.6
Ho Chi Minh City	2023-03-10	0	34.0	21.4	26.5	0.0	0.0	42770.1	21.2
Ho Chi Minh City	2023-03-11	3	34.7	22.2	27.0	0.0	0.0	42804.23	21.8
Ho Chi Minh City	2023-03-12	51	33.2	22.3	26.8	0.1	1.0	40247.05	19.9
Ho Chi Minh City	2023-03-13	3	34.3	22.6	27.5	0.0	0.0	42873.14	22.5
Ho Chi Minh City	2023-03-14	3	34.2	22.3	27.3	0.0	0.0	42907.78	24.0
Ho Chi Minh City	2023-03-15	3	35.7	22.4	27.6	0.0	0.0	42942.43	27.2
Ho Chi Minh City	2023-03-16	3	35.5	23.4	28.3	0.0	0.0	42977.05	20.8
Ho Chi Minh City	2023-03-17	51	35.6	23.3	28.3	0.2	2.0	43011.55	20.8
Ho Chi Minh City	2023-03-18	3	35.2	24.0	28.3	0.0	0.0	42168.51	23.9
Ho Chi Minh City	2023-03-19	3	37.0	24.1	28.9	0.0	0.0	43079.95	28.3
Ho Chi Minh City	2023-03-20	53	34.8	24.4	28.5	0.5	1.0	40231.26	19.2
Ho Chi Minh City	2023-03-21	3	35.4	24.5	28.7	0.0	0.0	43148.94	17.7
Ho Chi Minh City	2023-03-22	3	35.7	24.7	28.8	0.0	0.0	43184.21	19.8
Ho Chi Minh City	2023-03-23	51	35.0	25.0	28.9	0.3	3.0	39600.0	16.8
Ho Chi Minh City	2023-03-24	3	36.4	24.0	29.0	0.0	0.0	43200.0	20.7
Ho Chi Minh City	2023-03-25	51	34.1	25.3	28.5	0.1	1.0	40716.82	20.0
Ho Chi Minh City	2023-03-26	3	35.8	23.3	28.6	0.0	0.0	43200.0	18.8
Ho Chi Minh City	2023-03-27	3	35.8	25.0	29.4	0.0	0.0	43200.0	22.4
Ho Chi Minh City	2023-03-28	61	35.9	25.8	29.5	2.1	2.0	43200.0	21.7
Ho Chi Minh City	2023-03-29	3	35.2	24.9	29.3	0.0	0.0	43200.0	18.5
Ho Chi Minh City	2023-03-30	51	34.8	25.0	29.0	0.5	2.0	43200.0	19.7
Ho Chi Minh City	2023-03-31	51	34.4	25.5	29.0	0.1	1.0	43200.0	17.3
Ho Chi Minh City	2023-04-01	3	34.3	24.7	28.7	0.0	0.0	40935.09	21.8
Ho Chi Minh City	2023-04-02	51	35.0	23.7	28.7	0.1	1.0	43200.0	19.6
Ho Chi Minh City	2023-04-03	63	34.0	25.7	28.5	7.7	9.0	43200.0	20.8
Ho Chi Minh City	2023-04-04	53	34.5	25.0	28.8	1.5	2.0	43200.0	17.2
Ho Chi Minh City	2023-04-05	51	34.3	25.5	29.2	0.5	5.0	43200.0	18.7
Ho Chi Minh City	2023-04-06	53	35.2	25.4	29.5	1.0	2.0	43200.0	19.3
Ho Chi Minh City	2023-04-07	3	35.4	26.4	30.0	0.0	0.0	43200.0	19.7
Ho Chi Minh City	2023-04-08	2	36.3	25.3	30.3	0.0	0.0	43200.0	19.7
Ho Chi Minh City	2023-04-09	53	36.9	26.1	30.5	0.7	2.0	43200.0	17.5
Ho Chi Minh City	2023-04-10	55	35.4	25.9	29.5	2.8	5.0	41923.66	20.3
Ho Chi Minh City	2023-04-11	63	33.6	26.4	29.3	6.1	5.0	42248.63	14.3
Ho Chi Minh City	2023-04-12	51	34.9	25.9	29.5	0.6	3.0	43200.0	17.2
Ho Chi Minh City	2023-04-13	61	34.6	25.9	29.6	3.0	5.0	43200.0	16.8
Ho Chi Minh City	2023-04-14	61	35.0	24.2	29.5	4.7	10.0	43200.0	17.5
Ho Chi Minh City	2023-04-15	65	33.8	25.3	28.5	39.5	17.0	41931.06	15.6
Ho Chi Minh City	2023-04-16	63	32.1	25.3	28.1	7.2	7.0	28553.7	14.8
Ho Chi Minh City	2023-04-17	51	33.3	25.7	28.8	0.1	1.0	43200.0	20.9
Ho Chi Minh City	2023-04-18	51	33.3	26.1	29.1	0.5	4.0	43200.0	17.9
Ho Chi Minh City	2023-04-19	51	34.3	24.9	29.4	0.7	6.0	43200.0	15.9
Ho Chi Minh City	2023-04-20	51	36.4	26.4	30.8	0.2	1.0	43200.0	20.9
Ho Chi Minh City	2023-04-21	53	36.6	26.4	30.6	1.4	3.0	39452.49	12.4
Ho Chi Minh City	2023-04-22	51	36.3	26.6	30.6	0.3	2.0	43200.0	18.7
Ho Chi Minh City	2023-04-23	51	36.1	26.8	30.7	0.3	3.0	43200.0	19.5
Ho Chi Minh City	2023-04-24	51	37.5	25.8	30.9	0.2	1.0	42352.59	13.2
Ho Chi Minh City	2023-04-25	53	37.7	26.8	31.1	0.8	2.0	43200.0	22.3
Ho Chi Minh City	2023-04-26	3	36.3	26.8	31.0	0.0	0.0	43200.0	18.1
Ho Chi Minh City	2023-04-27	51	37.5	26.6	31.0	0.3	2.0	43200.0	22.8
Ho Chi Minh City	2023-04-28	53	37.4	27.0	31.3	1.2	3.0	43200.0	16.0
Ho Chi Minh City	2023-04-29	61	36.8	27.2	30.9	2.7	4.0	43200.0	18.9
Ho Chi Minh City	2023-04-30	53	34.9	26.0	29.8	2.3	5.0	40724.11	18.5
Ho Chi Minh City	2023-05-01	51	36.9	26.5	30.7	0.3	1.0	43200.0	16.6
Ho Chi Minh City	2023-05-02	61	37.5	26.7	31.1	2.2	3.0	43200.0	19.6
Ho Chi Minh City	2023-05-03	53	37.0	27.6	31.4	1.5	4.0	43200.0	17.8
Ho Chi Minh City	2023-05-04	3	37.2	27.6	31.3	0.0	0.0	43200.0	20.2
Ho Chi Minh City	2023-05-05	51	36.8	27.1	31.8	0.2	2.0	43200.0	12.8
Ho Chi Minh City	2023-05-06	3	37.9	27.5	32.2	0.0	0.0	43200.0	16.9
Ho Chi Minh City	2023-05-07	53	36.7	28.2	31.8	1.3	4.0	43200.0	19.1
Ho Chi Minh City	2023-05-08	65	35.7	26.6	29.3	18.3	8.0	25200.0	15.4
Ho Chi Minh City	2023-05-09	65	32.2	25.9	27.6	16.3	13.0	21777.76	18.8
Ho Chi Minh City	2023-05-10	63	31.6	25.7	28.3	7.9	6.0	43200.0	15.2
Ho Chi Minh City	2023-05-11	63	31.9	26.0	28.7	8.3	12.0	34821.4	10.9
Ho Chi Minh City	2023-05-12	53	32.0	26.3	28.5	3.1	12.0	32358.04	15.0
Ho Chi Minh City	2023-05-13	63	32.9	26.1	29.1	4.8	7.0	43200.0	12.0
Ho Chi Minh City	2023-05-14	61	33.2	25.6	28.5	3.7	10.0	43200.0	17.3
Ho Chi Minh City	2023-05-15	51	33.8	25.7	29.0	0.8	5.0	43200.0	13.0
Ho Chi Minh City	2023-05-16	61	34.2	26.5	29.2	5.0	8.0	41832.58	15.5
Ho Chi Minh City	2023-05-17	63	33.8	26.2	28.7	11.1	8.0	35357.39	11.3
Ho Chi Minh City	2023-05-18	63	34.0	26.2	28.5	11.1	9.0	34351.57	19.3
Ho Chi Minh City	2023-05-19	51	34.6	25.7	29.4	0.3	3.0	43200.0	18.0
Ho Chi Minh City	2023-05-20	63	32.7	26.4	28.6	4.9	10.0	30874.9	21.3
Ho Chi Minh City	2023-05-21	63	31.9	26.1	27.9	8.3	9.0	32220.94	18.4
Ho Chi Minh City	2023-05-22	65	33.6	25.0	27.6	13.9	13.0	29370.23	13.4
Ho Chi Minh City	2023-05-23	65	32.8	25.1	27.8	13.0	11.0	32851.6	14.9
Ho Chi Minh City	2023-05-24	63	32.6	25.6	28.1	7.4	9.0	34547.92	16.4
Ho Chi Minh City	2023-05-25	63	31.1	24.4	27.4	9.8	6.0	37892.81	16.4
Ho Chi Minh City	2023-05-26	63	30.8	25.3	27.4	10.8	8.0	28778.6	15.6
Ho Chi Minh City	2023-05-27	65	30.5	24.2	26.3	35.9	16.0	22862.43	15.8
Ho Chi Minh City	2023-05-28	65	30.3	24.3	26.7	20.3	15.0	38427.86	15.0
Ho Chi Minh City	2023-05-29	63	31.6	24.5	27.1	11.6	10.0	26968.57	15.6
Ho Chi Minh City	2023-05-30	63	30.6	25.2	27.1	8.8	11.0	21511.67	21.6
Ho Chi Minh City	2023-05-31	61	31.7	25.9	27.7	4.9	9.0	28960.19	23.0
Ho Chi Minh City	2023-06-01	63	31.3	25.3	27.4	12.2	10.0	26253.07	23.5
Ho Chi Minh City	2023-06-02	63	31.1	25.8	27.9	8.3	10.0	31777.04	20.4
Ho Chi Minh City	2023-06-03	63	32.8	25.6	28.1	6.3	7.0	38467.95	18.3
Ho Chi Minh City	2023-06-04	63	32.2	25.6	27.5	13.7	17.0	29431.97	17.7
Ho Chi Minh City	2023-06-05	65	31.3	25.2	26.7	28.4	22.0	15863.16	14.8
Ho Chi Minh City	2023-06-06	63	30.9	25.0	27.2	19.1	15.0	31869.25	22.9
Ho Chi Minh City	2023-06-07	61	28.5	25.0	26.6	6.8	16.0	144.41	17.1
Ho Chi Minh City	2023-06-08	53	30.0	25.1	27.4	2.3	8.0	24397.72	16.7
Ho Chi Minh City	2023-06-09	63	31.1	25.3	27.6	7.3	15.0	28800.0	19.1
Ho Chi Minh City	2023-06-10	65	31.6	25.0	27.2	15.0	9.0	24509.47	14.1
Ho Chi Minh City	2023-06-11	51	31.9	25.5	28.0	1.2	6.0	38016.17	23.5
Ho Chi Minh City	2023-06-12	63	31.5	25.3	27.1	12.0	15.0	25897.49	26.1
Ho Chi Minh City	2023-06-13	53	30.9	24.4	27.3	1.1	4.0	32063.74	14.5
Ho Chi Minh City	2023-06-14	63	31.7	25.5	27.8	14.0	5.0	35815.61	20.9
Ho Chi Minh City	2023-06-15	63	33.1	24.6	28.3	7.7	3.0	39520.99	15.8
Ho Chi Minh City	2023-06-16	65	32.2	25.2	27.8	12.5	11.0	34398.5	17.7
Ho Chi Minh City	2023-06-17	63	31.7	25.2	27.2	14.4	13.0	21737.34	9.2
Ho Chi Minh City	2023-06-18	63	31.6	24.9	26.9	11.0	8.0	38731.03	19.5
Ho Chi Minh City	2023-06-19	65	32.1	24.0	27.5	14.8	5.0	38557.44	19.7
Ho Chi Minh City	2023-06-20	63	32.6	25.4	28.2	5.1	6.0	39644.08	16.0
Ho Chi Minh City	2023-06-21	63	31.2	24.9	27.7	7.4	10.0	32984.42	11.2
Ho Chi Minh City	2023-06-22	61	31.9	24.9	27.7	4.7	11.0	33354.41	13.2
Ho Chi Minh City	2023-06-23	63	33.2	25.6	28.5	7.7	6.0	38370.92	10.7
Ho Chi Minh City	2023-06-24	53	32.5	25.7	28.0	4.4	12.0	43200.0	12.7
Ho Chi Minh City	2023-06-25	63	31.8	25.0	27.1	7.3	9.0	28800.0	16.5
Ho Chi Minh City	2023-06-26	51	32.6	24.6	27.5	0.3	3.0	40338.01	17.4
Ho Chi Minh City	2023-06-27	63	31.7	24.0	27.3	10.2	12.0	32810.99	11.2
Ho Chi Minh City	2023-06-28	63	31.4	25.1	27.3	6.6	13.0	25932.88	12.1
Ho Chi Minh City	2023-06-29	65	32.1	25.1	27.7	14.3	12.0	29976.67	15.9
Ho Chi Minh City	2023-06-30	61	31.7	25.6	27.8	10.4	13.0	36713.66	19.5
Ho Chi Minh City	2023-07-01	63	31.7	25.4	27.2	16.0	16.0	19993.33	18.8
Ho Chi Minh City	2023-07-02	65	29.8	24.9	26.7	17.2	21.0	21215.69	15.9
Ho Chi Minh City	2023-07-03	63	31.9	24.4	27.1	8.1	7.0	36182.7	17.6
Ho Chi Minh City	2023-07-04	3	32.4	24.2	27.9	0.0	0.0	34846.09	12.9
Ho Chi Minh City	2023-07-05	63	31.6	24.6	27.1	19.3	13.0	33487.34	10.8
Ho Chi Minh City	2023-07-06	65	32.1	23.8	27.0	30.5	12.0	36000.0	15.0
Ho Chi Minh City	2023-07-07	61	31.6	24.6	27.9	2.3	5.0	41390.45	16.6
Ho Chi Minh City	2023-07-08	63	30.2	25.5	27.5	12.5	15.0	29358.34	17.3
Ho Chi Minh City	2023-07-09	63	30.6	25.0	26.8	7.4	11.0	23970.07	14.1
Ho Chi Minh City	2023-07-10	61	32.0	24.4	27.7	2.5	5.0	39600.0	13.4
Ho Chi Minh City	2023-07-11	55	32.5	24.7	28.2	3.0	5.0	42666.45	18.8
Ho Chi Minh City	2023-07-12	55	32.0	24.1	28.1	2.5	5.0	36000.0	11.0
Ho Chi Minh City	2023-07-13	65	31.6	25.2	27.4	21.5	14.0	32033.85	12.3
Ho Chi Minh City	2023-07-14	63	31.6	24.8	26.9	30.0	15.0	39740.93	17.6
Ho Chi Minh City	2023-07-15	63	30.1	25.1	27.2	12.5	13.0	22330.46	18.0
Ho Chi Minh City	2023-07-16	63	30.9	26.0	27.4	8.0	9.0	23997.29	26.9
Ho Chi Minh City	2023-07-17	63	29.9	25.3	26.7	13.4	17.0	21171.02	28.1
Ho Chi Minh City	2023-07-18	65	29.7	24.9	26.6	18.8	10.0	25600.61	27.9
Ho Chi Minh City	2023-07-19	65	31.0	25.1	26.8	14.3	12.0	31644.73	21.9
Ho Chi Minh City	2023-07-20	63	28.9	24.7	26.2	13.4	19.0	15026.34	16.8
Ho Chi Minh City	2023-07-21	63	29.9	24.9	26.5	16.2	15.0	24701.7	12.9
Ho Chi Minh City	2023-07-22	63	29.1	24.1	26.0	12.6	15.0	20662.25	15.5
Ho Chi Minh City	2023-07-23	65	30.4	24.5	26.3	14.6	14.0	23821.13	19.4
Ho Chi Minh City	2023-07-24	65	30.8	24.3	26.4	18.8	12.0	20991.46	19.4
Ho Chi Minh City	2023-07-25	63	31.2	24.6	26.8	10.7	13.0	27000.79	22.6
Ho Chi Minh City	2023-07-26	63	30.9	25.0	27.1	14.8	14.0	37057.01	23.1
Ho Chi Minh City	2023-07-27	65	30.3	25.6	26.8	24.8	15.0	18387.69	21.3
Ho Chi Minh City	2023-07-28	63	31.3	25.3	27.2	18.0	15.0	32985.08	23.2
Ho Chi Minh City	2023-07-29	63	29.5	24.9	27.0	11.2	11.0	17023.41	24.5
Ho Chi Minh City	2023-07-30	63	30.0	24.8	27.0	9.7	18.0	19227.88	22.7
Ho Chi Minh City	2023-07-31	63	31.1	24.9	27.2	8.0	10.0	26341.81	22.8
Ho Chi Minh City	2023-08-01	65	30.9	25.4	27.0	17.2	13.0	19168.29	18.7
Ho Chi Minh City	2023-08-02	63	31.5	25.3	27.3	12.7	8.0	32289.41	24.2
Ho Chi Minh City	2023-08-03	63	31.0	25.4	27.4	17.5	11.0	30820.7	23.4
Ho Chi Minh City	2023-08-04	63	31.9	25.0	27.5	5.6	6.0	33327.98	21.0
Ho Chi Minh City	2023-08-05	63	31.7	24.8	27.6	6.4	7.0	43200.0	21.5
Ho Chi Minh City	2023-08-06	63	32.8	24.3	28.0	8.7	6.0	43200.0	20.7
Ho Chi Minh City	2023-08-07	55	32.0	25.2	28.2	2.2	5.0	43200.0	21.0
Ho Chi Minh City	2023-08-08	61	31.7	25.2	27.8	2.3	4.0	38312.2	19.6
Ho Chi Minh City	2023-08-09	55	31.7	25.0	28.2	1.6	3.0	39756.24	16.9
Ho Chi Minh City	2023-08-10	53	32.4	25.3	28.2	1.3	7.0	43200.0	19.5
Ho Chi Minh City	2023-08-11	53	31.4	25.7	28.1	2.1	8.0	43200.0	21.6
Ho Chi Minh City	2023-08-12	63	31.3	25.2	27.6	11.7	9.0	42021.5	18.0
Ho Chi Minh City	2023-08-13	61	30.6	25.3	27.5	5.4	7.0	39543.81	17.0
Ho Chi Minh City	2023-08-14	63	31.8	25.2	27.5	4.8	7.0	40799.79	18.0
Ho Chi Minh City	2023-08-15	63	31.5	24.4	27.5	8.9	10.0	35944.08	18.3
Ho Chi Minh City	2023-08-16	63	31.8	24.7	27.4	10.4	9.0	34353.79	18.1
Ho Chi Minh City	2023-08-17	63	31.0	25.1	27.5	6.0	12.0	43200.0	23.3
Ho Chi Minh City	2023-08-18	63	31.3	24.4	26.9	8.3	15.0	33835.52	18.6
Ho Chi Minh City	2023-08-19	65	31.4	25.0	26.5	27.8	14.0	26922.63	16.3
Ho Chi Minh City	2023-08-20	65	30.3	25.1	26.5	21.3	15.0	20361.01	18.9
Ho Chi Minh City	2023-08-21	63	31.7	24.6	27.2	8.8	8.0	36000.0	17.8
Ho Chi Minh City	2023-08-22	63	31.8	24.4	27.3	4.5	7.0	38909.81	21.2
Ho Chi Minh City	2023-08-23	53	32.4	24.8	28.2	0.9	2.0	43200.0	16.6
Ho Chi Minh City	2023-08-24	51	32.4	24.5	28.1	0.8	6.0	43200.0	15.9
Ho Chi Minh City	2023-08-25	53	32.9	24.8	28.4	1.4	6.0	43200.0	11.2
Ho Chi Minh City	2023-08-26	65	32.0	25.6	27.7	32.0	14.0	32400.0	14.2
Ho Chi Minh City	2023-08-27	65	31.8	24.9	27.0	38.3	19.0	25200.0	18.2
Ho Chi Minh City	2023-08-28	65	31.9	25.2	27.1	21.5	14.0	26394.67	19.6
Ho Chi Minh City	2023-08-29	63	31.7	24.9	27.1	22.3	16.0	30051.2	19.8
Ho Chi Minh City	2023-08-30	63	31.0	24.3	27.0	8.8	18.0	40365.06	20.2
Ho Chi Minh City	2023-08-31	63	30.2	25.1	26.9	19.9	17.0	26685.9	24.1
Ho Chi Minh City	2023-09-01	65	30.4	24.9	26.5	20.5	19.0	16816.62	19.2
Ho Chi Minh City	2023-09-02	63	29.1	25.0	26.7	11.4	16.0	19100.42	23.9
Ho Chi Minh City	2023-09-03	63	30.6	25.0	27.0	13.5	10.0	32029.55	20.5
Ho Chi Minh City	2023-09-04	63	30.1	24.7	26.8	12.7	10.0	25762.42	25.3
Ho Chi Minh City	2023-09-05	63	30.5	24.6	26.8	21.6	17.0	28835.77	20.5
Ho Chi Minh City	2023-09-06	63	30.2	24.6	27.0	5.8	8.0	7241.44	12.0
Ho Chi Minh City	2023-09-07	63	31.3	24.6	27.2	11.9	11.0	29676.18	14.2
Ho Chi Minh City	2023-09-08	61	31.8	24.3	27.0	5.7	11.0	31024.83	16.9
Ho Chi Minh City	2023-09-09	63	31.1	24.4	26.7	10.8	14.0	24799.61	14.2
Ho Chi Minh City	2023-09-10	63	30.6	24.6	26.5	14.5	18.0	23620.02	19.9
Ho Chi Minh City	2023-09-11	63	31.4	24.2	27.4	4.8	9.0	27543.2	18.4
Ho Chi Minh City	2023-09-12	61	30.7	23.9	26.7	5.8	8.0	36025.12	19.0
Ho Chi Minh City	2023-09-13	63	31.4	24.8	26.9	9.7	10.0	34508.17	21.0
Ho Chi Minh City	2023-09-14	65	31.0	24.8	26.5	15.1	20.0	29188.58	13.8
Ho Chi Minh City	2023-09-15	63	29.6	24.8	26.4	18.3	17.0	17971.4	21.7
Ho Chi Minh City	2023-09-16	63	30.3	24.1	26.4	8.0	9.0	28726.8	16.8
Ho Chi Minh City	2023-09-17	65	31.5	24.1	26.7	23.2	10.0	32544.9	13.6
Ho Chi Minh City	2023-09-18	65	31.6	23.9	27.1	8.5	5.0	36000.0	9.1
Ho Chi Minh City	2023-09-19	63	32.0	24.6	27.2	14.4	12.0	32400.0	12.0
Ho Chi Minh City	2023-09-20	65	31.7	24.5	27.3	18.0	9.0	38413.2	10.9
Ho Chi Minh City	2023-09-21	65	30.2	23.9	26.4	34.3	17.0	23905.23	16.3
Ho Chi Minh City	2023-09-22	65	31.0	23.9	26.9	24.0	15.0	32400.0	11.2
Ho Chi Minh City	2023-09-23	63	30.3	23.9	26.2	4.4	9.0	27390.85	19.3
Ho Chi Minh City	2023-09-24	63	30.5	24.5	26.5	24.4	18.0	33267.43	13.7
Ho Chi Minh City	2023-09-25	61	30.3	24.3	26.4	8.5	16.0	28760.99	19.5
Ho Chi Minh City	2023-09-26	65	28.6	24.7	26.0	21.2	13.0	17380.02	22.4
Ho Chi Minh City	2023-09-27	65	30.1	24.2	26.2	23.2	17.0	21904.63	16.6
Ho Chi Minh City	2023-09-28	65	30.9	23.7	26.5	10.0	13.0	25200.0	13.3
Ho Chi Minh City	2023-09-29	65	31.8	24.2	27.4	28.8	10.0	37701.02	15.2
Ho Chi Minh City	2023-09-30	63	30.6	24.0	26.5	14.0	11.0	23899.18	23.2
Ho Chi Minh City	2023-10-01	65	31.6	23.7	26.6	32.6	19.0	25200.0	16.6
Ho Chi Minh City	2023-10-02	63	28.7	23.9	25.8	34.1	24.0	11989.86	15.6
Ho Chi Minh City	2023-10-03	63	30.9	23.6	26.4	10.9	18.0	27155.73	16.5
Ho Chi Minh City	2023-10-04	53	31.2	24.2	27.2	2.3	10.0	32400.0	17.1
Ho Chi Minh City	2023-10-05	63	31.5	24.4	26.9	8.0	11.0	34320.36	14.1
Ho Chi Minh City	2023-10-06	63	31.9	24.8	27.4	9.8	10.0	28291.87	12.2
Ho Chi Minh City	2023-10-07	63	31.7	25.0	27.1	14.1	14.0	27402.65	15.6
Ho Chi Minh City	2023-10-08	65	32.5	25.0	27.4	16.1	4.0	38507.65	15.0
Ho Chi Minh City	2023-10-09	51	31.8	24.3	27.6	0.7	3.0	32625.15	16.5
Ho Chi Minh City	2023-10-10	63	31.1	24.7	27.7	4.3	8.0	32026.71	10.3
Ho Chi Minh City	2023-10-11	63	31.2	24.8	27.2	11.3	11.0	34606.35	16.6
Ho Chi Minh City	2023-10-12	65	31.8	23.7	26.9	18.6	11.0	34268.71	10.8
Ho Chi Minh City	2023-10-13	63	31.0	23.6	26.5	7.5	7.0	34896.77	17.2
Ho Chi Minh City	2023-10-14	63	30.7	24.3	26.8	7.5	14.0	29923.74	12.2
Ho Chi Minh City	2023-10-15	63	29.9	23.8	26.3	18.1	18.0	20678.46	8.3
Ho Chi Minh City	2023-10-16	65	30.1	24.1	25.9	31.3	24.0	21133.49	18.1
Ho Chi Minh City	2023-10-17	63	30.9	23.7	26.3	17.8	15.0	20753.68	11.3
Ho Chi Minh City	2023-10-18	63	31.0	24.0	26.6	14.8	12.0	29821.66	12.7
Ho Chi Minh City	2023-10-19	63	31.8	24.3	27.2	14.3	16.0	32427.55	11.0
Ho Chi Minh City	2023-10-20	63	32.0	24.7	27.7	9.1	5.0	39642.66	12.0
Ho Chi Minh City	2023-10-21	63	30.9	24.5	26.6	9.7	8.0	35213.79	16.1
Ho Chi Minh City	2023-10-22	65	31.9	24.0	26.8	19.0	9.0	36838.5	18.0
Ho Chi Minh City	2023-10-23	65	30.0	23.9	25.9	16.4	8.0	21705.89	13.8
Ho Chi Minh City	2023-10-24	63	31.7	22.9	27.1	4.5	5.0	39600.0	12.3
Ho Chi Minh City	2023-10-25	65	30.5	24.2	26.5	18.2	10.0	32400.0	14.6
Ho Chi Minh City	2023-10-26	63	31.2	24.3	27.0	7.8	7.0	39600.0	10.6
Ho Chi Minh City	2023-10-27	63	31.2	24.6	27.5	9.2	11.0	39600.0	9.7
Ho Chi Minh City	2023-10-28	51	31.3	24.0	27.1	1.1	5.0	29019.38	14.8
Ho Chi Minh City	2023-10-29	65	30.7	24.6	26.5	17.7	11.0	26035.99	14.0
Ho Chi Minh City	2023-10-30	63	31.2	24.0	26.8	6.3	4.0	30644.22	14.0
Ho Chi Minh City	2023-10-31	65	32.0	24.2	26.7	10.1	3.0	29473.51	20.5
Ho Chi Minh City	2023-11-01	63	31.8	24.1	26.8	3.7	4.0	29744.23	12.6
Ho Chi Minh City	2023-11-02	63	31.8	23.8	26.9	5.9	6.0	36000.0	12.8
Ho Chi Minh City	2023-11-03	63	30.9	24.2	26.8	11.3	9.0	26071.07	13.4
Ho Chi Minh City	2023-11-04	51	31.7	24.1	27.6	0.2	2.0	39178.31	10.2
Ho Chi Minh City	2023-11-05	63	31.9	25.3	27.5	5.2	5.0	32531.61	14.7
Ho Chi Minh City	2023-11-06	51	32.1	24.2	27.7	0.2	1.0	39600.0	15.5
Ho Chi Minh City	2023-11-07	63	30.4	25.0	27.0	10.2	8.0	26068.42	14.7
Ho Chi Minh City	2023-11-08	53	31.6	24.1	27.4	1.2	4.0	30548.09	15.2
Ho Chi Minh City	2023-11-09	63	31.9	24.7	27.5	14.8	11.0	36000.0	12.6
Ho Chi Minh City	2023-11-10	53	29.5	23.9	26.4	2.2	5.0	15399.04	11.4
Ho Chi Minh City	2023-11-11	53	32.0	24.0	27.5	1.3	7.0	39624.74	15.8
Ho Chi Minh City	2023-11-12	63	31.5	23.8	27.2	5.1	6.0	39600.0	8.9
Ho Chi Minh City	2023-11-13	53	32.6	23.7	27.7	1.1	4.0	39600.0	13.5
Ho Chi Minh City	2023-11-14	61	32.0	24.3	27.0	2.3	5.0	28708.07	12.8
Ho Chi Minh City	2023-11-15	65	30.4	24.3	26.6	25.2	8.0	28239.5	12.3
Ho Chi Minh City	2023-11-16	51	30.2	24.1	26.9	0.4	2.0	23107.06	14.0
Ho Chi Minh City	2023-11-17	63	31.4	23.7	26.7	6.1	4.0	36000.0	14.9
Ho Chi Minh City	2023-11-18	3	30.8	22.5	26.1	0.0	0.0	39600.0	15.7
Ho Chi Minh City	2023-11-19	3	30.1	21.1	25.6	0.0	0.0	29339.24	12.0
Ho Chi Minh City	2023-11-20	3	30.6	22.4	26.4	0.0	0.0	34633.64	10.5
Ho Chi Minh City	2023-11-21	51	30.9	22.9	26.8	0.3	3.0	39600.0	11.4
Ho Chi Minh City	2023-11-22	3	31.1	22.7	26.8	0.0	0.0	28895.03	11.6
Ho Chi Minh City	2023-11-23	51	29.7	24.5	26.7	0.3	2.0	9618.29	9.0
Ho Chi Minh City	2023-11-24	51	28.1	23.9	25.6	0.5	3.0	0.0	10.4
Ho Chi Minh City	2023-11-25	63	31.0	22.3	26.1	10.4	6.0	36190.52	10.1
Ho Chi Minh City	2023-11-26	51	31.0	23.6	26.6	0.5	4.0	23041.41	10.6
Ho Chi Minh City	2023-11-27	3	31.2	23.7	27.1	0.0	0.0	31580.71	12.7
Ho Chi Minh City	2023-11-28	51	31.4	21.6	26.5	0.1	1.0	39600.0	13.1
Ho Chi Minh City	2023-11-29	63	32.6	23.4	27.0	6.8	8.0	39600.0	13.2
Ho Chi Minh City	2023-11-30	63	31.7	23.3	26.9	9.4	4.0	32858.88	14.8
Ho Chi Minh City	2023-12-01	51	32.1	24.7	27.9	0.3	2.0	38993.88	11.7
Ho Chi Minh City	2023-12-02	55	29.1	23.3	26.5	2.7	7.0	15360.53	7.6
Ho Chi Minh City	2023-12-03	61	30.4	24.4	26.9	5.9	10.0	21173.61	7.6
Ho Chi Minh City	2023-12-04	3	32.0	23.5	27.1	0.0	0.0	37936.51	15.5
Ho Chi Minh City	2023-12-05	53	32.0	23.6	27.5	1.1	4.0	39500.99	11.2
Ho Chi Minh City	2023-12-06	51	31.3	24.0	27.4	0.9	7.0	35553.59	12.6
Ho Chi Minh City	2023-12-07	51	31.8	24.1	27.4	0.3	3.0	39439.23	11.6
Ho Chi Minh City	2023-12-08	3	31.1	23.7	27.1	0.0	0.0	32091.25	13.7
Ho Chi Minh City	2023-12-09	51	32.1	23.9	27.5	0.2	2.0	36109.76	14.7
Ho Chi Minh City	2023-12-10	51	32.7	24.0	27.9	0.3	3.0	39535.36	14.9
Ho Chi Minh City	2023-12-11	3	33.9	23.0	28.0	0.0	0.0	40002.46	15.5
Ho Chi Minh City	2023-12-12	3	34.4	23.4	28.5	0.0	0.0	39674.01	14.5
Ho Chi Minh City	2023-12-13	51	33.6	23.1	28.5	0.3	2.0	32044.13	12.8
Ho Chi Minh City	2023-12-14	3	35.4	24.7	29.5	0.0	0.0	37368.95	16.7
Ho Chi Minh City	2023-12-15	3	34.5	24.2	28.9	0.0	0.0	39567.66	14.8
Ho Chi Minh City	2023-12-16	51	33.4	24.4	28.6	0.6	3.0	39778.35	14.5
Ho Chi Minh City	2023-12-17	51	34.2	23.7	28.7	0.2	2.0	39476.72	13.0
Ho Chi Minh City	2023-12-18	63	33.5	23.7	28.0	4.0	5.0	39081.62	14.8
Ho Chi Minh City	2023-12-19	51	33.9	23.4	28.3	0.4	2.0	39050.26	14.8
Ho Chi Minh City	2023-12-20	63	33.9	23.6	27.8	9.3	3.0	37172.12	16.0
Ho Chi Minh City	2023-12-21	3	34.4	25.2	28.8	0.0	0.0	38989.46	23.6
Ho Chi Minh City	2023-12-22	53	32.5	24.3	27.5	1.0	2.0	25897.97	25.3
Ho Chi Minh City	2023-12-23	3	33.1	24.2	27.2	0.0	0.0	29594.48	23.4
Ho Chi Minh City	2023-12-24	3	32.4	24.8	27.3	0.0	0.0	26602.72	16.3
Ho Chi Minh City	2023-12-25	3	32.3	23.1	27.2	0.0	0.0	39641.61	15.1
Ho Chi Minh City	2023-12-26	3	32.3	22.0	27.1	0.0	0.0	39342.83	11.4
Ho Chi Minh City	2023-12-27	51	32.7	22.6	27.5	0.2	2.0	37773.69	10.6
Ho Chi Minh City	2023-12-28	51	33.8	23.7	28.3	0.8	4.0	39513.88	12.1
Ho Chi Minh City	2023-12-29	51	33.4	24.6	28.4	0.2	1.0	39470.79	10.4
Ho Chi Minh City	2023-12-30	51	33.4	24.5	28.7	0.1	1.0	39940.29	12.6
Ho Chi Minh City	2023-12-31	51	33.6	24.2	28.3	0.3	3.0	40409.4	16.1
Ho Chi Minh City	2024-01-01	3	33.4	24.0	28.1	0.0	0.0	39597.9	14.7
Ho Chi Minh City	2024-01-02	51	33.4	23.6	28.1	0.1	1.0	40578.92	15.6
Ho Chi Minh City	2024-01-03	51	33.4	24.2	28.3	0.2	1.0	40280.38	15.4
Ho Chi Minh City	2024-01-04	3	33.6	23.4	27.9	0.0	0.0	40238.26	15.5
Ho Chi Minh City	2024-01-05	3	32.9	23.3	27.5	0.0	0.0	39877.54	13.6
Ho Chi Minh City	2024-01-06	53	33.6	23.2	28.0	0.6	2.0	38588.75	11.6
Ho Chi Minh City	2024-01-07	3	33.0	24.2	28.0	0.0	0.0	40108.95	15.2
Ho Chi Minh City	2024-01-08	51	31.3	23.8	27.5	0.6	4.0	34388.47	9.5
Ho Chi Minh City	2024-01-09	51	32.8	23.8	27.9	0.1	1.0	39335.06	11.7
Ho Chi Minh City	2024-01-10	3	33.5	23.6	28.0	0.0	0.0	39749.2	15.6
Ho Chi Minh City	2024-01-11	51	33.6	23.6	27.9	0.1	1.0	41104.52	16.1
Ho Chi Minh City	2024-01-12	3	32.9	22.6	26.9	0.0	0.0	41120.25	18.6
Ho Chi Minh City	2024-01-13	3	32.0	22.2	26.8	0.0	0.0	40022.8	13.5
Ho Chi Minh City	2024-01-14	3	32.2	21.8	26.7	0.0	0.0	36297.59	12.2
Ho Chi Minh City	2024-01-15	3	33.0	21.9	27.2	0.0	0.0	39456.77	11.9
Ho Chi Minh City	2024-01-16	3	33.2	22.9	27.8	0.0	0.0	40476.19	14.8
Ho Chi Minh City	2024-01-17	3	33.1	24.0	28.2	0.0	0.0	40117.92	13.7
Ho Chi Minh City	2024-01-18	3	34.0	24.3	28.4	0.0	0.0	40903.86	15.3
Ho Chi Minh City	2024-01-19	3	33.1	23.6	28.0	0.0	0.0	39424.55	14.1
Ho Chi Minh City	2024-01-20	3	33.0	23.3	27.1	0.0	0.0	37382.17	17.9
Ho Chi Minh City	2024-01-21	3	32.9	23.4	27.5	0.0	0.0	38305.1	15.8
Ho Chi Minh City	2024-01-22	3	34.0	23.7	28.2	0.0	0.0	40764.39	13.8
Ho Chi Minh City	2024-01-23	3	34.0	24.1	28.4	0.0	0.0	40790.28	16.8
Ho Chi Minh City	2024-01-24	3	33.6	23.6	28.2	0.0	0.0	41064.67	14.0
Ho Chi Minh City	2024-01-25	3	33.7	23.7	28.3	0.0	0.0	40839.2	13.4
Ho Chi Minh City	2024-01-26	3	33.0	24.0	27.9	0.0	0.0	41110.73	15.1
Ho Chi Minh City	2024-01-27	3	33.4	22.7	27.6	0.0	0.0	41132.18	15.9
Ho Chi Minh City	2024-01-28	3	33.6	23.0	27.9	0.0	0.0	40904.67	14.9
Ho Chi Minh City	2024-01-29	3	33.4	22.7	27.8	0.0	0.0	40924.21	14.8
Ho Chi Minh City	2024-01-30	3	34.4	23.8	28.1	0.0	0.0	41436.64	19.4
Ho Chi Minh City	2024-01-31	3	34.1	23.5	28.0	0.0	0.0	40219.75	18.1
Ho Chi Minh City	2024-02-01	51	33.6	23.8	28.0	0.3	3.0	41221.7	17.7
Ho Chi Minh City	2024-02-02	3	33.5	23.6	27.6	0.0	0.0	41235.78	19.2
Ho Chi Minh City	2024-02-03	2	34.4	23.9	27.7	0.0	0.0	41248.67	21.6
Ho Chi Minh City	2024-02-04	3	34.4	23.7	27.8	0.0	0.0	36287.8	19.0
Ho Chi Minh City	2024-02-05	51	33.5	24.5	28.0	0.5	2.0	38754.99	17.6
Ho Chi Minh City	2024-02-06	3	34.6	24.3	28.3	0.0	0.0	41280.01	22.5
Ho Chi Minh City	2024-02-07	53	32.7	24.6	28.1	1.4	4.0	41288.17	16.3
Ho Chi Minh City	2024-02-08	51	32.4	24.4	27.6	0.3	3.0	40405.71	18.5
Ho Chi Minh City	2024-02-09	3	34.9	24.0	28.5	0.0	0.0	41301.27	17.3
Ho Chi Minh City	2024-02-10	3	34.6	23.9	28.8	0.0	0.0	41549.04	15.9
Ho Chi Minh City	2024-02-11	3	33.7	23.2	28.7	0.0	0.0	41874.42	13.4
Ho Chi Minh City	2024-02-12	3	33.7	21.8	27.9	0.0	0.0	41906.48	16.7
Ho Chi Minh City	2024-02-13	3	35.6	23.7	28.8	0.0	0.0	38704.85	22.5
Ho Chi Minh City	2024-02-14	3	35.9	25.1	29.7	0.0	0.0	40262.3	19.6
Ho Chi Minh City	2024-02-15	51	36.3	25.6	29.9	0.1	1.0	42004.18	21.4
Ho Chi Minh City	2024-02-16	2	36.5	24.9	29.4	0.0	0.0	42037.15	20.5
Ho Chi Minh City	2024-02-17	3	35.6	23.5	28.5	0.0	0.0	42070.28	21.1
Ho Chi Minh City	2024-02-18	3	35.7	23.7	28.7	0.0	0.0	42103.51	22.1
Ho Chi Minh City	2024-02-19	3	35.3	25.0	28.8	0.0	0.0	41790.9	21.3
Ho Chi Minh City	2024-02-20	3	34.8	24.7	28.6	0.0	0.0	40829.94	21.7
Ho Chi Minh City	2024-02-21	3	34.8	24.2	28.4	0.0	0.0	42203.64	20.7
Ho Chi Minh City	2024-02-22	0	35.7	23.4	28.1	0.0	0.0	42237.01	22.9
Ho Chi Minh City	2024-02-23	51	34.8	24.4	28.6	0.2	2.0	42270.46	23.5
Ho Chi Minh City	2024-02-24	53	35.5	24.8	29.1	1.3	3.0	42304.28	19.0
Ho Chi Minh City	2024-02-25	3	35.6	24.3	29.0	0.0	0.0	42338.44	18.6
Ho Chi Minh City	2024-02-26	3	36.7	24.0	29.5	0.0	0.0	42372.91	24.3
Ho Chi Minh City	2024-02-27	53	35.3	25.3	29.4	1.1	4.0	39121.25	18.3
Ho Chi Minh City	2024-02-28	3	36.2	24.4	29.0	0.0	0.0	42442.66	25.3
Ho Chi Minh City	2024-02-29	3	36.5	24.8	29.5	0.0	0.0	42477.88	20.6
Ho Chi Minh City	2024-03-01	3	35.5	25.0	29.3	0.0	0.0	42508.43	17.5
Ho Chi Minh City	2024-03-02	51	36.0	25.4	29.6	0.2	2.0	42538.85	20.2
Ho Chi Minh City	2024-03-03	3	36.1	25.2	29.2	0.0	0.0	42569.81	20.5
Ho Chi Minh City	2024-03-04	3	36.0	25.2	29.1	0.0	0.0	42601.28	22.1
Ho Chi Minh City	2024-03-05	2	35.3	25.2	29.2	0.0	0.0	42353.92	15.1
Ho Chi Minh City	2024-03-06	3	36.1	25.0	29.4	0.0	0.0	38819.92	15.3
Ho Chi Minh City	2024-03-07	51	35.2	25.7	29.0	0.3	3.0	34990.16	21.5
Ho Chi Minh City	2024-03-08	3	37.2	25.3	29.9	0.0	0.0	42730.7	21.7
Ho Chi Minh City	2024-03-09	3	36.3	25.0	29.4	0.0	0.0	42763.62	24.4
Ho Chi Minh City	2024-03-10	3	37.5	25.5	29.8	0.0	0.0	42796.61	29.6
Ho Chi Minh City	2024-03-11	3	37.0	24.5	30.0	0.0	0.0	42829.64	25.4
Ho Chi Minh City	2024-03-12	3	37.5	25.6	30.0	0.0	0.0	42862.63	25.3
Ho Chi Minh City	2024-03-13	51	35.3	25.4	29.5	0.2	2.0	42895.5	19.2
Ho Chi Minh City	2024-03-14	51	36.2	25.6	29.5	0.5	2.0	42928.67	21.7
Ho Chi Minh City	2024-03-15	3	35.7	24.7	29.0	0.0	0.0	42962.53	22.5
Ho Chi Minh City	2024-03-16	3	37.1	24.4	29.3	0.0	0.0	41187.37	22.0
Ho Chi Minh City	2024-03-17	51	36.9	24.6	29.6	0.2	2.0	43032.06	23.0
Ho Chi Minh City	2024-03-18	3	37.0	24.7	29.2	0.0	0.0	43067.58	27.6
Ho Chi Minh City	2024-03-19	3	37.2	24.9	29.4	0.0	0.0	43103.51	30.1
Ho Chi Minh City	2024-03-20	3	36.5	23.6	29.3	0.0	0.0	43139.78	21.8
Ho Chi Minh City	2024-03-21	53	36.1	25.3	29.5	1.2	4.0	43176.31	20.9
Ho Chi Minh City	2024-03-22	3	36.6	25.4	29.4	0.0	0.0	43200.0	26.4
Ho Chi Minh City	2024-03-23	51	34.3	25.5	29.1	0.7	3.0	43200.0	21.4
Ho Chi Minh City	2024-03-24	2	35.9	25.5	29.5	0.0	0.0	43200.0	20.8
Ho Chi Minh City	2024-03-25	3	36.4	25.3	29.6	0.0	0.0	43200.0	22.1
Ho Chi Minh City	2024-03-26	3	38.1	25.8	30.5	0.0	0.0	43200.0	25.2
Ho Chi Minh City	2024-03-27	51	36.9	26.8	30.7	0.6	3.0	43200.0	18.5
Ho Chi Minh City	2024-03-28	3	36.0	26.3	30.4	0.0	0.0	40940.33	16.1
Ho Chi Minh City	2024-03-29	51	36.0	26.1	30.1	0.1	1.0	39555.61	20.9
Ho Chi Minh City	2024-03-30	3	36.6	26.4	30.4	0.0	0.0	43200.0	19.8
Ho Chi Minh City	2024-03-31	51	36.8	26.1	30.5	0.6	2.0	43200.0	16.3
Ho Chi Minh City	2024-04-01	51	36.2	26.6	30.6	0.2	2.0	43200.0	17.6
Ho Chi Minh City	2024-04-02	51	36.0	27.2	30.4	0.2	2.0	43200.0	17.6
Ho Chi Minh City	2024-04-03	3	36.4	26.1	30.5	0.0	0.0	43200.0	18.8
Ho Chi Minh City	2024-04-04	51	36.4	26.8	30.7	0.2	2.0	42088.6	19.3
Ho Chi Minh City	2024-04-05	51	35.9	27.2	30.4	0.5	5.0	40816.11	22.5
Ho Chi Minh City	2024-04-06	3	35.7	26.6	30.3	0.0	0.0	43200.0	19.8
Ho Chi Minh City	2024-04-07	3	37.2	26.3	30.6	0.0	0.0	43200.0	22.7
Ho Chi Minh City	2024-04-08	3	36.6	26.5	30.8	0.0	0.0	43200.0	22.1
Ho Chi Minh City	2024-04-09	3	39.1	26.7	31.2	0.0	0.0	43200.0	23.9
Ho Chi Minh City	2024-04-10	3	38.0	26.8	31.5	0.0	0.0	43200.0	23.9
Ho Chi Minh City	2024-04-11	51	39.2	26.6	31.4	0.4	1.0	43200.0	20.7
Ho Chi Minh City	2024-04-12	3	39.2	26.7	31.4	0.0	0.0	43200.0	23.5
Ho Chi Minh City	2024-04-13	51	35.2	27.5	30.7	0.2	2.0	43200.0	18.5
Ho Chi Minh City	2024-04-14	3	37.2	26.3	30.6	0.0	0.0	43200.0	24.5
Ho Chi Minh City	2024-04-15	51	36.4	26.9	30.7	0.1	1.0	43200.0	21.2
Ho Chi Minh City	2024-04-16	3	37.8	27.0	31.1	0.0	0.0	43200.0	25.2
Ho Chi Minh City	2024-04-17	3	36.7	27.1	31.0	0.0	0.0	43200.0	19.7
Ho Chi Minh City	2024-04-18	3	37.2	25.8	30.7	0.0	0.0	43200.0	20.8
Ho Chi Minh City	2024-04-19	51	36.7	26.6	30.6	0.7	6.0	43200.0	19.0
Ho Chi Minh City	2024-04-20	51	36.4	26.7	30.8	0.2	1.0	43200.0	18.5
Ho Chi Minh City	2024-04-21	51	37.3	26.6	31.0	0.1	1.0	43200.0	19.8
Ho Chi Minh City	2024-04-22	3	36.7	27.0	31.2	0.0	0.0	43200.0	18.8
Ho Chi Minh City	2024-04-23	3	37.1	26.5	31.2	0.0	0.0	43200.0	18.5
Ho Chi Minh City	2024-04-24	3	37.8	27.5	31.7	0.0	0.0	43200.0	20.0
Ho Chi Minh City	2024-04-25	3	38.4	27.9	32.1	0.0	0.0	43200.0	20.8
Ho Chi Minh City	2024-04-26	51	37.7	28.4	32.0	0.3	2.0	43200.0	21.4
Ho Chi Minh City	2024-04-27	3	38.2	27.8	32.1	0.0	0.0	43200.0	18.4
Ho Chi Minh City	2024-04-28	51	37.9	28.0	32.1	0.6	2.0	43200.0	18.0
Ho Chi Minh City	2024-04-29	51	38.5	27.6	32.1	0.3	3.0	43200.0	21.8
Ho Chi Minh City	2024-04-30	51	38.3	27.8	32.1	0.2	2.0	43200.0	20.9
Ho Chi Minh City	2024-05-01	3	37.8	28.1	32.2	0.0	0.0	43200.0	19.2
Ho Chi Minh City	2024-05-02	51	38.2	29.3	32.5	0.7	5.0	43200.0	19.3
Ho Chi Minh City	2024-05-03	51	37.9	28.9	32.5	0.1	1.0	43200.0	19.5
Ho Chi Minh City	2024-05-04	63	37.5	27.9	30.9	4.6	7.0	34715.59	11.6
Ho Chi Minh City	2024-05-05	63	34.9	27.1	29.7	8.0	7.0	36000.0	16.4
Ho Chi Minh City	2024-05-06	51	33.3	27.0	29.8	0.1	1.0	43200.0	15.2
Ho Chi Minh City	2024-05-07	63	33.4	26.7	29.5	9.8	5.0	43074.24	16.8
Ho Chi Minh City	2024-05-08	53	35.1	26.9	30.2	1.0	2.0	43200.0	13.6
Ho Chi Minh City	2024-05-09	61	35.6	27.5	30.4	3.6	8.0	39763.49	20.7
Ho Chi Minh City	2024-05-10	53	34.9	27.4	30.5	1.0	6.0	43213.48	22.8
Ho Chi Minh City	2024-05-11	55	36.1	27.4	30.6	2.2	3.0	41323.45	20.6
Ho Chi Minh City	2024-05-12	53	35.3	27.8	30.7	2.2	8.0	39601.18	19.4
Ho Chi Minh City	2024-05-13	63	35.2	26.7	30.4	7.4	12.0	43200.0	23.2
Ho Chi Minh City	2024-05-14	53	35.7	26.2	30.4	1.2	3.0	42285.93	16.0
Ho Chi Minh City	2024-05-15	63	35.3	26.9	30.1	7.7	8.0	30566.19	25.9
Ho Chi Minh City	2024-05-16	61	33.4	26.5	29.1	5.2	7.0	28684.05	14.1
Ho Chi Minh City	2024-05-17	63	32.6	26.6	29.3	4.1	5.0	39808.47	17.2
Ho Chi Minh City	2024-05-18	51	34.3	26.0	29.3	0.2	2.0	43200.0	17.2
Ho Chi Minh City	2024-05-19	63	33.5	26.4	29.1	6.1	8.0	34213.49	11.5
Ho Chi Minh City	2024-05-20	65	32.0	25.8	28.1	49.9	15.0	32262.21	13.3
Ho Chi Minh City	2024-05-21	65	32.3	25.4	27.9	34.2	12.0	32320.16	10.1
Ho Chi Minh City	2024-05-22	63	33.4	25.8	29.0	7.1	5.0	40666.83	13.8
Ho Chi Minh City	2024-05-23	63	32.4	26.5	29.0	9.1	6.0	39600.0	15.2
Ho Chi Minh City	2024-05-24	51	34.2	26.8	30.0	0.6	3.0	41548.63	15.5
Ho Chi Minh City	2024-05-25	51	33.7	27.2	30.3	0.6	3.0	43200.0	14.8
Ho Chi Minh City	2024-05-26	53	33.7	26.3	29.3	2.0	8.0	43200.0	14.1
Ho Chi Minh City	2024-05-27	53	34.5	27.1	30.1	1.4	5.0	40386.72	10.4
Ho Chi Minh City	2024-05-28	65	32.7	25.2	28.6	28.1	11.0	26511.58	10.5
Ho Chi Minh City	2024-05-29	65	33.8	26.7	28.9	20.8	7.0	37636.12	16.3
Ho Chi Minh City	2024-05-30	63	31.4	26.2	28.2	12.5	13.0	23116.99	17.2
Ho Chi Minh City	2024-05-31	63	32.0	25.9	27.7	15.2	11.0	24900.0	19.4
Ho Chi Minh City	2024-06-01	61	33.3	25.8	28.5	3.5	5.0	43022.65	15.3
Ho Chi Minh City	2024-06-02	51	33.7	25.7	29.4	0.4	2.0	43200.0	12.3
Ho Chi Minh City	2024-06-03	53	34.6	26.4	29.8	0.8	2.0	40094.5	17.8
Ho Chi Minh City	2024-06-04	3	34.6	26.4	30.3	0.0	0.0	42551.69	10.2
Ho Chi Minh City	2024-06-05	63	34.0	27.4	29.6	5.6	6.0	33413.42	13.0
Ho Chi Minh City	2024-06-06	51	34.2	27.0	30.0	0.1	1.0	42444.63	9.9
Ho Chi Minh City	2024-06-07	53	33.3	26.9	29.1	1.7	7.0	26198.32	9.3
Ho Chi Minh City	2024-06-08	65	34.1	26.0	28.9	12.7	6.0	37421.6	12.6
Ho Chi Minh City	2024-06-09	63	30.9	26.1	27.6	10.3	10.0	15180.19	22.9
Ho Chi Minh City	2024-06-10	63	31.0	25.6	27.2	10.2	8.0	15845.79	18.7
Ho Chi Minh City	2024-06-11	51	33.3	25.1	28.6	0.5	3.0	43200.0	18.4
Ho Chi Minh City	2024-06-12	61	33.6	25.5	28.9	2.3	4.0	41251.08	18.5
Ho Chi Minh City	2024-06-13	53	34.5	26.0	29.4	2.0	5.0	41585.22	17.9
Ho Chi Minh City	2024-06-14	63	33.8	26.4	29.0	10.7	5.0	30544.86	19.2
Ho Chi Minh City	2024-06-15	63	33.8	25.8	28.5	5.3	7.0	41534.76	15.2
Ho Chi Minh City	2024-06-16	51	33.2	26.1	28.6	0.2	1.0	38233.48	16.2
Ho Chi Minh City	2024-06-17	63	33.7	25.4	28.0	6.4	7.0	30728.69	22.6
Ho Chi Minh City	2024-06-18	63	34.0	25.4	28.6	8.5	8.0	43200.0	16.6
Ho Chi Minh City	2024-06-19	63	33.4	25.5	28.6	6.8	5.0	31962.25	24.6
Ho Chi Minh City	2024-06-20	65	31.8	26.0	27.4	31.0	19.0	8761.56	18.1
Ho Chi Minh City	2024-06-21	65	31.8	25.3	27.1	17.8	15.0	20875.74	14.3
Ho Chi Minh City	2024-06-22	65	28.6	25.1	26.4	32.5	23.0	13451.68	20.6
Ho Chi Minh City	2024-06-23	63	30.1	24.5	26.4	16.3	17.0	19998.8	22.4
Ho Chi Minh City	2024-06-24	63	30.6	24.4	26.7	16.3	19.0	26170.13	20.9
Ho Chi Minh City	2024-06-25	55	31.3	25.0	27.7	2.5	8.0	35711.6	13.7
Ho Chi Minh City	2024-06-26	55	32.6	24.7	28.2	1.3	3.0	36083.83	11.6
Ho Chi Minh City	2024-06-27	63	31.2	25.3	27.2	19.8	16.0	30177.64	9.8
Ho Chi Minh City	2024-06-28	63	31.3	24.9	27.5	9.3	10.0	41565.21	17.3
Ho Chi Minh City	2024-06-29	61	31.5	25.7	28.3	2.2	9.0	43200.0	20.9
Ho Chi Minh City	2024-06-30	63	32.7	25.5	28.0	4.8	4.0	38384.94	11.7
Ho Chi Minh City	2024-07-01	53	31.2	24.7	27.9	1.7	10.0	43200.0	16.9
Ho Chi Minh City	2024-07-02	65	32.3	25.1	27.3	17.1	15.0	29721.08	12.5
Ho Chi Minh City	2024-07-03	63	31.1	24.9	27.1	16.1	19.0	20210.88	15.5
Ho Chi Minh City	2024-07-04	63	29.7	24.0	26.2	19.7	19.0	14532.25	12.5
Ho Chi Minh City	2024-07-05	63	32.2	24.1	27.1	6.0	5.0	36000.0	18.5
Ho Chi Minh City	2024-07-06	63	32.3	24.2	27.8	7.3	9.0	41705.58	15.2
Ho Chi Minh City	2024-07-07	63	30.7	25.2	27.5	5.3	11.0	37355.47	16.6
Ho Chi Minh City	2024-07-08	53	31.3	25.2	27.6	2.1	10.0	35983.89	15.6
Ho Chi Minh City	2024-07-09	63	31.6	24.8	27.5	18.7	8.0	39600.0	14.2
Ho Chi Minh City	2024-07-10	55	31.6	24.7	27.2	2.1	8.0	39600.0	18.9
Ho Chi Minh City	2024-07-11	63	30.2	24.6	26.4	15.9	15.0	28373.29	18.7
Ho Chi Minh City	2024-07-12	63	30.4	24.6	26.5	12.8	14.0	20678.65	20.6
Ho Chi Minh City	2024-07-13	65	30.2	24.9	26.6	21.9	14.0	22440.81	20.9
Ho Chi Minh City	2024-07-14	63	30.9	25.2	26.7	19.5	15.0	28347.17	27.0
Ho Chi Minh City	2024-07-15	65	30.9	24.9	26.6	19.1	11.0	22089.37	20.4
Ho Chi Minh City	2024-07-16	65	30.5	24.5	26.3	15.4	13.0	25704.14	18.9
Ho Chi Minh City	2024-07-17	63	29.3	24.6	26.0	14.7	19.0	15940.74	24.4
Ho Chi Minh City	2024-07-18	63	31.0	24.5	26.6	17.7	21.0	22235.17	21.8
Ho Chi Minh City	2024-07-19	63	29.2	24.3	26.2	17.0	15.0	2989.32	20.3
Ho Chi Minh City	2024-07-20	63	28.9	24.3	26.0	17.1	21.0	4107.79	15.2
Ho Chi Minh City	2024-07-21	65	31.1	24.6	26.8	16.1	12.0	24455.39	22.2
Ho Chi Minh City	2024-07-22	63	31.3	25.0	27.0	14.3	11.0	22394.84	23.1
Ho Chi Minh City	2024-07-23	63	30.9	25.2	27.6	5.5	5.0	24013.98	18.8
Ho Chi Minh City	2024-07-24	63	31.6	25.3	28.0	7.0	4.0	32285.23	20.3
Ho Chi Minh City	2024-07-25	65	31.6	25.2	27.3	20.9	15.0	29743.62	20.6
Ho Chi Minh City	2024-07-26	61	29.3	24.6	27.0	5.8	6.0	18888.7	20.6
Ho Chi Minh City	2024-07-27	65	29.3	24.7	26.4	26.3	15.0	16998.81	25.2
Ho Chi Minh City	2024-07-28	53	29.5	24.9	26.8	2.1	6.0	17678.62	14.8
Ho Chi Minh City	2024-07-29	63	31.2	24.4	27.2	7.7	8.0	33948.08	16.1
Ho Chi Minh City	2024-07-30	65	32.1	24.4	27.4	9.7	9.0	34075.17	13.6
Ho Chi Minh City	2024-07-31	61	32.3	24.7	27.8	3.3	4.0	37679.0	18.0
Ho Chi Minh City	2024-08-01	65	32.1	25.4	27.8	23.1	9.0	36304.52	19.9
Ho Chi Minh City	2024-08-02	63	32.0	25.0	27.6	24.3	11.0	36000.0	15.8
Ho Chi Minh City	2024-08-03	63	31.3	24.5	27.3	8.4	12.0	39092.42	11.3
Ho Chi Minh City	2024-08-04	65	31.0	24.5	26.6	8.6	5.0	34905.06	12.3
Ho Chi Minh City	2024-08-05	65	31.2	23.8	26.3	27.2	12.0	32385.21	16.8
Ho Chi Minh City	2024-08-06	65	31.6	24.3	26.8	14.9	7.0	35635.2	13.8
Ho Chi Minh City	2024-08-07	63	30.6	24.4	27.0	14.6	9.0	39600.0	15.1
Ho Chi Minh City	2024-08-08	51	32.4	24.4	28.1	1.1	8.0	43200.0	14.7
Ho Chi Minh City	2024-08-09	61	32.3	25.5	28.4	3.0	10.0	43200.0	13.3
Ho Chi Minh City	2024-08-10	53	32.9	25.2	28.6	1.0	4.0	43200.0	14.2
Ho Chi Minh City	2024-08-11	61	32.9	25.5	28.6	4.6	5.0	41771.31	18.2
Ho Chi Minh City	2024-08-12	63	31.8	25.3	27.7	12.3	12.0	40769.93	24.2
Ho Chi Minh City	2024-08-13	51	32.7	24.4	28.1	0.2	1.0	43200.0	17.1
Ho Chi Minh City	2024-08-14	51	32.9	25.4	28.5	0.7	5.0	41833.1	14.0
Ho Chi Minh City	2024-08-15	63	32.5	25.1	28.3	13.1	10.0	43200.0	12.0
Ho Chi Minh City	2024-08-16	61	32.5	25.3	28.1	2.7	6.0	41971.27	13.4
Ho Chi Minh City	2024-08-17	63	32.4	25.3	27.8	4.1	6.0	39232.74	13.2
Ho Chi Minh City	2024-08-18	51	33.2	24.8	28.6	0.2	2.0	43200.0	12.4
Ho Chi Minh City	2024-08-19	51	33.6	25.4	29.1	0.1	1.0	43200.0	12.2
Ho Chi Minh City	2024-08-20	55	32.5	25.3	28.5	1.9	5.0	43200.0	11.2
Ho Chi Minh City	2024-08-21	63	33.2	24.9	28.2	4.8	4.0	43200.0	13.6
Ho Chi Minh City	2024-08-22	61	32.8	24.9	28.2	2.6	5.0	40653.08	13.7
Ho Chi Minh City	2024-08-23	53	31.7	24.8	27.8	1.4	7.0	35493.3	15.2
Ho Chi Minh City	2024-08-24	61	32.1	24.8	27.3	7.1	10.0	41105.74	14.7
Ho Chi Minh City	2024-08-25	65	31.8	23.8	26.8	13.0	10.0	35037.75	14.4
Ho Chi Minh City	2024-08-26	65	31.9	24.4	26.9	28.1	17.0	30644.25	16.1
Ho Chi Minh City	2024-08-27	61	30.6	24.7	26.8	5.8	13.0	25163.98	21.4
Ho Chi Minh City	2024-08-28	63	30.9	24.9	27.0	15.0	16.0	35560.27	22.5
Ho Chi Minh City	2024-08-29	63	30.0	23.9	26.9	7.9	14.0	29892.48	22.9
Ho Chi Minh City	2024-08-30	63	31.1	24.9	26.9	14.3	9.0	24530.37	22.6
Ho Chi Minh City	2024-08-31	63	30.0	24.6	26.7	18.2	18.0	24415.98	18.2
Ho Chi Minh City	2024-09-01	63	29.2	24.5	26.3	25.2	18.0	25198.11	9.9
Ho Chi Minh City	2024-09-02	65	28.4	24.1	26.1	14.8	11.0	31090.49	20.5
Ho Chi Minh City	2024-09-03	63	29.9	24.5	26.5	10.9	9.0	27451.37	25.7
Ho Chi Minh City	2024-09-04	61	30.6	24.9	27.1	3.7	8.0	23884.19	22.6
Ho Chi Minh City	2024-09-05	65	31.7	25.2	27.4	12.1	13.0	26039.34	22.9
Ho Chi Minh City	2024-09-06	61	30.6	25.7	27.1	5.7	11.0	24687.42	28.4
Ho Chi Minh City	2024-09-07	65	31.7	25.3	27.5	16.7	10.0	27416.98	24.8
Ho Chi Minh City	2024-09-08	65	31.5	25.3	27.7	18.1	7.0	33509.17	18.7
Ho Chi Minh City	2024-09-09	63	32.1	25.1	28.1	6.5	10.0	36000.0	17.3
Ho Chi Minh City	2024-09-10	63	32.5	25.3	27.5	7.5	12.0	28544.43	17.6
Ho Chi Minh City	2024-09-11	63	31.4	24.9	27.2	10.1	13.0	26300.21	13.5
Ho Chi Minh City	2024-09-12	63	31.7	24.8	27.1	12.4	12.0	29517.34	13.4
Ho Chi Minh City	2024-09-13	65	31.7	25.1	27.0	27.0	17.0	30558.93	19.3
Ho Chi Minh City	2024-09-14	63	29.6	25.0	26.2	21.5	23.0	9214.1	18.4
Ho Chi Minh City	2024-09-15	63	29.8	25.0	26.6	13.4	15.0	22122.38	16.3
Ho Chi Minh City	2024-09-16	65	31.3	24.8	27.0	23.8	14.0	30611.22	17.9
Ho Chi Minh City	2024-09-17	61	29.0	24.9	26.1	12.4	20.0	12751.96	19.5
Ho Chi Minh City	2024-09-18	63	29.4	23.8	25.8	52.6	22.0	4726.14	18.1
Ho Chi Minh City	2024-09-19	63	29.6	24.3	26.3	10.6	15.0	14969.91	20.4
Ho Chi Minh City	2024-09-20	63	30.0	25.1	26.8	5.5	8.0	18930.68	22.8
Ho Chi Minh City	2024-09-21	63	28.3	24.9	26.0	21.7	16.0	7053.36	20.1
Ho Chi Minh City	2024-09-22	61	29.3	24.5	26.2	12.3	20.0	4743.04	17.0
Ho Chi Minh City	2024-09-23	63	31.2	24.7	26.7	26.1	9.0	27556.13	14.0
Ho Chi Minh City	2024-09-24	55	31.6	24.7	27.4	3.9	10.0	33720.72	9.0
Ho Chi Minh City	2024-09-25	63	30.8	23.9	27.1	4.7	10.0	38642.81	10.9
Ho Chi Minh City	2024-09-26	63	31.4	23.6	26.7	8.3	10.0	33835.97	15.8
Ho Chi Minh City	2024-09-27	63	30.8	24.5	27.1	5.6	10.0	38229.62	20.4
Ho Chi Minh City	2024-09-28	51	32.1	25.0	28.2	1.3	11.0	42083.16	12.0
Ho Chi Minh City	2024-09-29	63	32.3	25.4	28.1	8.7	8.0	32400.0	9.8
Ho Chi Minh City	2024-09-30	65	32.7	25.3	27.9	13.1	10.0	34523.59	11.9
Ho Chi Minh City	2024-10-01	63	32.4	25.4	27.9	8.1	9.0	40968.77	12.2
Ho Chi Minh City	2024-10-02	63	32.2	25.0	27.6	10.6	9.0	35547.34	14.9
Ho Chi Minh City	2024-10-03	63	30.7	24.9	26.8	9.8	11.0	32400.0	15.5
Ho Chi Minh City	2024-10-04	63	31.1	24.1	26.8	5.6	8.0	32833.07	12.5
Ho Chi Minh City	2024-10-05	61	31.8	23.9	27.2	4.7	4.0	36000.0	11.5
Ho Chi Minh City	2024-10-06	63	30.3	24.3	26.7	24.2	15.0	33137.79	11.6
Ho Chi Minh City	2024-10-07	65	31.2	23.8	26.4	23.4	9.0	34841.9	10.6
Ho Chi Minh City	2024-10-08	63	30.5	24.3	26.4	19.3	10.0	30178.93	12.1
Ho Chi Minh City	2024-10-09	65	30.6	24.3	26.6	15.2	11.0	31082.04	13.3
Ho Chi Minh City	2024-10-10	65	31.7	24.7	27.0	12.3	11.0	32400.0	15.8
Ho Chi Minh City	2024-10-11	53	30.9	24.4	27.1	1.6	8.0	30636.35	12.9
Ho Chi Minh City	2024-10-12	63	31.1	24.9	26.7	7.6	9.0	29398.27	12.5
Ho Chi Minh City	2024-10-13	65	32.3	24.4	27.4	14.0	4.0	36000.0	11.9
Ho Chi Minh City	2024-10-14	65	32.1	24.0	27.3	9.8	6.0	37644.52	11.5
Ho Chi Minh City	2024-10-15	63	31.0	24.6	26.7	29.1	22.0	24088.99	13.7
Ho Chi Minh City	2024-10-16	63	30.3	24.8	26.5	7.3	13.0	23782.42	14.3
Ho Chi Minh City	2024-10-17	65	30.5	24.8	26.6	19.6	15.0	29830.88	21.6
Ho Chi Minh City	2024-10-18	55	28.9	23.9	25.9	2.9	9.0	25754.05	13.7
Ho Chi Minh City	2024-10-19	63	29.6	24.1	26.1	8.4	11.0	27116.65	12.2
Ho Chi Minh City	2024-10-20	61	30.6	24.0	26.2	6.8	13.0	32452.19	16.8
Ho Chi Minh City	2024-10-21	63	31.1	23.7	26.4	16.1	12.0	36884.15	17.3
Ho Chi Minh City	2024-10-22	63	30.6	23.4	26.1	10.8	13.0	20716.5	15.5
Ho Chi Minh City	2024-10-23	63	29.3	24.4	26.3	10.0	11.0	17159.83	11.7
Ho Chi Minh City	2024-10-24	51	31.7	24.0	27.5	0.6	4.0	36034.03	14.3
Ho Chi Minh City	2024-10-25	53	31.9	23.1	27.2	1.0	4.0	39600.0	16.5
Ho Chi Minh City	2024-10-26	51	32.5	24.3	27.9	0.1	1.0	39295.42	20.7
Ho Chi Minh City	2024-10-27	63	26.9	24.5	25.6	7.3	12.0	3416.66	12.4
Ho Chi Minh City	2024-10-28	63	26.9	23.6	24.8	41.9	17.0	4092.52	12.9
Ho Chi Minh City	2024-10-29	63	29.2	23.7	25.6	9.2	12.0	16190.39	16.2
Ho Chi Minh City	2024-10-30	61	31.3	23.4	26.4	4.7	10.0	38225.83	14.3
Ho Chi Minh City	2024-10-31	51	31.5	23.4	26.9	0.2	2.0	39600.0	14.3
Ho Chi Minh City	2024-11-01	63	31.8	24.2	27.1	10.5	8.0	36000.0	11.1
Ho Chi Minh City	2024-11-02	61	30.3	23.9	26.6	3.8	12.0	30603.15	14.4
Ho Chi Minh City	2024-11-03	61	31.6	23.2	26.7	1.8	4.0	39600.0	11.4
Ho Chi Minh City	2024-11-04	63	30.3	23.5	26.3	14.3	8.0	27368.92	15.2
Ho Chi Minh City	2024-11-05	53	30.9	23.1	26.3	1.2	4.0	32400.0	13.6
Ho Chi Minh City	2024-11-06	63	30.9	24.3	26.5	8.8	8.0	38851.08	14.2
Ho Chi Minh City	2024-11-07	63	31.0	23.4	26.7	5.3	2.0	37825.39	8.8
Ho Chi Minh City	2024-11-08	63	31.4	23.5	26.7	3.8	3.0	32400.0	10.5
Ho Chi Minh City	2024-11-09	63	31.4	24.1	26.7	7.7	6.0	36000.0	8.3
Ho Chi Minh City	2024-11-10	51	31.9	23.8	27.4	0.6	4.0	39600.0	12.4
Ho Chi Minh City	2024-11-11	51	31.8	23.7	27.6	0.2	2.0	39600.0	13.3
Ho Chi Minh City	2024-11-12	53	30.7	23.8	27.2	1.6	8.0	39600.0	10.0
Ho Chi Minh City	2024-11-13	61	31.6	24.3	27.2	2.8	8.0	39600.0	8.1
Ho Chi Minh City	2024-11-14	3	32.3	24.9	28.3	0.0	0.0	39637.52	10.7
Ho Chi Minh City	2024-11-15	51	32.0	24.9	28.1	1.0	7.0	39639.93	9.4
Ho Chi Minh City	2024-11-16	3	34.1	24.3	28.8	0.0	0.0	39641.84	11.0
Ho Chi Minh City	2024-11-17	51	33.7	24.5	28.7	0.1	1.0	39643.23	10.9
Ho Chi Minh City	2024-11-18	3	34.2	23.0	28.9	0.0	0.0	39644.13	8.5
Ho Chi Minh City	2024-11-19	51	33.8	24.5	28.9	0.9	6.0	39600.0	8.9
Ho Chi Minh City	2024-11-20	53	35.2	24.3	28.2	1.4	5.0	38331.42	13.0
Ho Chi Minh City	2024-11-21	63	33.0	24.1	27.7	5.9	5.0	36623.14	8.7
Ho Chi Minh City	2024-11-22	51	33.3	24.0	28.2	0.5	2.0	39600.0	8.9
Ho Chi Minh City	2024-11-23	51	33.8	23.7	28.2	0.3	2.0	36000.0	10.0
Ho Chi Minh City	2024-11-24	63	33.2	24.8	27.9	3.8	8.0	39600.0	13.8
Ho Chi Minh City	2024-11-25	51	34.2	24.1	28.9	0.1	1.0	36477.96	10.8
Ho Chi Minh City	2024-11-26	3	34.8	24.8	29.7	0.0	0.0	39600.0	8.9
Ho Chi Minh City	2024-11-27	53	34.5	24.1	29.1	0.9	5.0	35452.76	11.1
Ho Chi Minh City	2024-11-28	51	33.7	25.0	28.8	0.7	3.0	37636.33	16.5
Ho Chi Minh City	2024-11-29	3	30.8	24.1	27.0	0.0	0.0	16797.26	15.7
Ho Chi Minh City	2024-11-30	3	33.5	23.0	27.8	0.0	0.0	32400.0	9.4
Ho Chi Minh City	2024-12-01	51	33.4	25.1	28.5	0.3	2.0	39600.0	11.1
Ho Chi Minh City	2024-12-02	51	34.2	25.8	28.7	0.7	6.0	21673.94	8.2
Ho Chi Minh City	2024-12-03	61	28.4	25.4	26.6	4.5	11.0	0.0	5.0
Ho Chi Minh City	2024-12-04	55	31.4	23.1	26.7	2.0	7.0	32308.75	8.1
Ho Chi Minh City	2024-12-05	53	29.6	23.6	26.4	1.2	6.0	15679.6	12.5
Ho Chi Minh City	2024-12-06	63	31.5	23.5	27.0	4.2	6.0	38165.32	10.0
Ho Chi Minh City	2024-12-07	55	29.7	23.6	26.2	4.4	11.0	21714.15	7.3
Ho Chi Minh City	2024-12-08	3	32.1	23.7	27.6	0.0	0.0	39378.42	10.3
Ho Chi Minh City	2024-12-09	3	32.0	24.5	27.6	0.0	0.0	31987.08	11.6
Ho Chi Minh City	2024-12-10	51	31.4	23.8	26.7	0.9	4.0	20513.69	13.9
Ho Chi Minh City	2024-12-11	63	30.5	23.2	25.9	13.8	10.0	21536.03	11.7
Ho Chi Minh City	2024-12-12	63	30.0	23.8	26.1	14.6	12.0	24496.44	13.6
Ho Chi Minh City	2024-12-13	65	29.7	24.2	26.3	21.0	15.0	18593.68	15.3
Ho Chi Minh City	2024-12-14	63	27.0	23.8	25.3	9.8	17.0	0.0	9.5
Ho Chi Minh City	2024-12-15	63	28.8	23.8	25.8	9.2	14.0	26020.89	7.7
Ho Chi Minh City	2024-12-16	3	28.4	22.8	25.3	0.0	0.0	18006.15	10.6
Ho Chi Minh City	2024-12-17	3	29.1	21.6	25.3	0.0	0.0	32386.88	9.1
Ho Chi Minh City	2024-12-18	51	30.8	21.4	25.9	0.1	1.0	39662.23	9.8
Ho Chi Minh City	2024-12-19	51	30.5	22.3	26.1	0.1	1.0	39620.18	11.9
Ho Chi Minh City	2024-12-20	3	30.3	20.8	25.4	0.0	0.0	39222.92	7.0
Ho Chi Minh City	2024-12-21	3	29.4	19.5	24.7	0.0	0.0	31371.87	8.2
Ho Chi Minh City	2024-12-22	3	27.8	19.6	24.0	0.0	0.0	17519.96	9.4
Ho Chi Minh City	2024-12-23	3	31.2	19.6	25.1	0.0	0.0	31383.68	12.8
Ho Chi Minh City	2024-12-24	3	30.5	23.6	26.8	0.0	0.0	16439.45	17.8
Ho Chi Minh City	2024-12-25	3	32.4	23.6	27.7	0.0	0.0	35326.66	18.7
Ho Chi Minh City	2024-12-26	51	31.5	23.9	27.6	1.0	7.0	38546.16	14.6
Ho Chi Minh City	2024-12-27	65	32.9	24.3	26.6	17.3	6.0	26278.62	11.4
Ho Chi Minh City	2024-12-28	63	31.0	23.8	25.9	8.8	10.0	28739.61	10.5
Ho Chi Minh City	2024-12-29	3	30.4	21.9	25.8	0.0	0.0	39944.39	12.3
Ho Chi Minh City	2024-12-30	3	30.4	20.5	25.4	0.0	0.0	39643.99	7.9
Ho Chi Minh City	2024-12-31	3	30.4	21.8	26.0	0.0	0.0	23593.63	13.4
Ho Chi Minh City	2025-01-01	3	28.6	22.3	25.3	0.0	0.0	17585.81	9.4
Ho Chi Minh City	2025-01-02	51	30.7	22.4	26.0	0.3	3.0	27948.74	8.6
Ho Chi Minh City	2025-01-03	53	30.6	23.4	26.6	0.8	2.0	26371.72	8.3
Ho Chi Minh City	2025-01-04	51	31.7	22.3	26.9	0.2	2.0	40392.35	12.0
Ho Chi Minh City	2025-01-05	3	33.1	22.6	27.1	0.0	0.0	33983.02	10.2
Ho Chi Minh City	2025-01-06	3	32.4	21.9	27.0	0.0	0.0	37428.17	10.1
Ho Chi Minh City	2025-01-07	3	32.6	21.6	27.0	0.0	0.0	40356.36	11.4
Ho Chi Minh City	2025-01-08	3	33.1	22.6	27.4	0.0	0.0	40847.94	11.8
Ho Chi Minh City	2025-01-09	3	32.6	22.1	27.2	0.0	0.0	36909.44	9.5
Ho Chi Minh City	2025-01-10	3	33.6	23.9	28.1	0.0	0.0	33638.37	13.1
Ho Chi Minh City	2025-01-11	3	33.0	22.3	27.1	0.0	0.0	37299.92	14.5
Ho Chi Minh City	2025-01-12	3	31.8	21.3	26.3	0.0	0.0	41132.7	12.7
Ho Chi Minh City	2025-01-13	3	31.0	19.5	25.4	0.0	0.0	38196.02	9.9
Ho Chi Minh City	2025-01-14	63	34.0	22.0	26.4	9.5	7.0	34216.17	13.7
Ho Chi Minh City	2025-01-15	63	31.1	23.3	26.5	5.3	1.0	36849.5	8.9
Ho Chi Minh City	2025-01-16	51	31.2	23.3	26.8	0.7	5.0	40208.0	15.3
Ho Chi Minh City	2025-01-17	3	30.4	20.8	25.3	0.0	0.0	39684.65	11.4
Ho Chi Minh City	2025-01-18	3	31.0	20.4	25.6	0.0	0.0	40927.64	9.7
Ho Chi Minh City	2025-01-19	3	31.8	21.7	26.4	0.0	0.0	40956.96	10.4
Ho Chi Minh City	2025-01-20	3	31.8	21.8	26.3	0.0	0.0	39625.88	13.2
Ho Chi Minh City	2025-01-21	3	32.8	21.1	26.5	0.0	0.0	40261.62	10.0
Ho Chi Minh City	2025-01-22	3	34.0	21.3	26.5	0.0	0.0	37831.46	16.9
Ho Chi Minh City	2025-01-23	3	34.3	22.8	27.7	0.0	0.0	39000.93	10.9
Ho Chi Minh City	2025-01-24	51	34.9	23.1	27.8	0.3	2.0	39592.29	12.6
Ho Chi Minh City	2025-01-25	3	34.3	23.6	27.7	0.0	0.0	39054.38	13.9
Ho Chi Minh City	2025-01-26	51	34.0	23.8	27.9	0.4	3.0	40881.83	15.0
Ho Chi Minh City	2025-01-27	3	32.6	21.6	26.8	0.0	0.0	38729.29	12.1
Ho Chi Minh City	2025-01-28	3	32.9	21.4	26.5	0.0	0.0	40920.24	11.4
Ho Chi Minh City	2025-01-29	3	31.9	19.5	25.4	0.0	0.0	41513.49	12.6
Ho Chi Minh City	2025-01-30	3	30.7	20.3	25.6	0.0	0.0	35034.72	8.1
Ho Chi Minh City	2025-01-31	3	32.8	20.4	26.9	0.0	0.0	37656.7	9.8
Ho Chi Minh City	2025-02-01	3	33.8	22.4	27.4	0.0	0.0	40737.57	14.4
Ho Chi Minh City	2025-02-02	3	34.6	22.1	27.6	0.0	0.0	41242.25	13.5
Ho Chi Minh City	2025-02-03	3	34.6	23.3	28.1	0.0	0.0	41008.76	12.7
Ho Chi Minh City	2025-02-04	3	34.3	23.8	28.2	0.0	0.0	41247.7	12.0
Ho Chi Minh City	2025-02-05	3	34.0	22.0	27.2	0.0	0.0	41713.68	17.2
Ho Chi Minh City	2025-02-06	3	33.3	21.7	26.8	0.0	0.0	41038.98	13.8
Ho Chi Minh City	2025-02-07	3	33.8	21.7	27.4	0.0	0.0	40559.92	11.8
Ho Chi Minh City	2025-02-08	3	34.7	22.9	28.0	0.0	0.0	41540.64	12.1
Ho Chi Minh City	2025-02-09	3	33.1	21.6	27.1	0.0	0.0	41837.08	12.5
Ho Chi Minh City	2025-02-10	3	33.4	22.8	27.5	0.0	0.0	28624.94	11.5
Ho Chi Minh City	2025-02-11	63	34.4	24.4	28.1	7.6	4.0	39392.34	17.2
Ho Chi Minh City	2025-02-12	61	32.6	23.5	27.7	6.7	13.0	40348.65	10.3
Ho Chi Minh City	2025-02-13	61	31.1	24.0	26.6	4.7	11.0	25647.82	9.4
Ho Chi Minh City	2025-02-14	55	31.6	23.6	27.0	5.2	14.0	39105.25	9.6
Ho Chi Minh City	2025-02-15	55	31.8	23.3	26.8	2.4	12.0	41079.3	13.4
Ho Chi Minh City	2025-02-16	51	32.6	23.7	27.5	0.6	5.0	41800.51	13.5
Ho Chi Minh City	2025-02-17	51	33.0	23.2	27.6	0.2	2.0	40838.49	12.5
Ho Chi Minh City	2025-02-18	53	34.0	23.5	27.8	1.2	5.0	40117.47	15.3
Ho Chi Minh City	2025-02-19	65	33.7	23.3	27.2	11.8	2.0	41072.87	12.6
Ho Chi Minh City	2025-02-20	51	34.3	23.7	28.2	0.3	1.0	40351.12	12.9
Ho Chi Minh City	2025-02-21	61	33.8	24.8	28.0	2.2	5.0	37320.03	10.9
Ho Chi Minh City	2025-02-22	53	31.8	23.8	27.0	1.7	4.0	40988.91	12.6
Ho Chi Minh City	2025-02-23	53	31.5	24.4	27.4	1.5	4.0	34107.96	16.9
Ho Chi Minh City	2025-02-24	51	32.7	24.4	27.8	0.2	2.0	34155.2	18.6
Ho Chi Minh City	2025-02-25	51	32.3	22.9	27.8	0.2	2.0	42365.29	15.6
Ho Chi Minh City	2025-02-26	51	34.2	24.4	28.5	0.1	1.0	40546.98	8.3
Ho Chi Minh City	2025-02-27	3	35.3	24.1	28.7	0.0	0.0	42435.66	13.7
Ho Chi Minh City	2025-02-28	3	35.9	24.2	28.9	0.0	0.0	42471.03	17.0
Ho Chi Minh City	2025-03-01	3	36.4	24.0	28.3	0.0	0.0	42505.42	18.5
Ho Chi Minh City	2025-03-02	3	34.9	24.3	28.4	0.0	0.0	42535.29	17.8
Ho Chi Minh City	2025-03-03	3	35.6	24.3	28.9	0.0	0.0	42565.51	14.6
Ho Chi Minh City	2025-03-04	3	35.5	24.4	29.0	0.0	0.0	42596.02	14.5
Ho Chi Minh City	2025-03-05	3	36.0	25.2	29.2	0.0	0.0	40446.15	14.9
Ho Chi Minh City	2025-03-06	53	35.0	25.6	29.1	0.6	2.0	42551.09	14.3
Ho Chi Minh City	2025-03-07	53	35.7	25.0	29.2	0.8	4.0	42688.64	13.9
Ho Chi Minh City	2025-03-08	53	35.2	24.5	29.3	0.9	5.0	42719.68	13.4
Ho Chi Minh City	2025-03-09	53	32.1	24.9	28.8	0.9	2.0	18524.19	8.8
Ho Chi Minh City	2025-03-10	61	35.2	24.8	29.6	6.2	6.0	41771.9	15.7
Ho Chi Minh City	2025-03-11	3	36.4	25.1	30.3	0.0	0.0	42816.48	16.5
Ho Chi Minh City	2025-03-12	53	36.6	25.7	30.0	1.0	2.0	42850.19	15.8
Ho Chi Minh City	2025-03-13	3	35.9	25.8	29.7	0.0	0.0	42884.51	17.1
Ho Chi Minh City	2025-03-14	3	36.6	25.1	29.6	0.0	0.0	42919.35	17.0
Ho Chi Minh City	2025-03-15	3	36.4	24.9	29.4	0.0	0.0	42852.92	14.7
Ho Chi Minh City	2025-03-16	53	35.2	25.4	29.0	1.6	4.0	42990.34	17.1
Ho Chi Minh City	2025-03-17	61	35.5	23.5	28.7	8.2	16.0	36732.04	11.9
Ho Chi Minh City	2025-03-18	51	35.2	24.4	29.3	1.1	5.0	43062.59	10.4
Ho Chi Minh City	2025-03-19	3	36.2	25.5	30.2	0.0	0.0	43099.01	12.4
Ho Chi Minh City	2025-03-20	3	35.7	23.6	29.1	0.0	0.0	41687.79	15.1
Ho Chi Minh City	2025-03-21	3	36.2	23.9	29.4	0.0	0.0	36392.43	13.5
Ho Chi Minh City	2025-03-22	3	36.0	24.2	29.6	0.0	0.0	43200.0	13.0
Ho Chi Minh City	2025-03-23	3	35.6	24.9	29.1	0.0	0.0	41005.1	13.9
Ho Chi Minh City	2025-03-24	3	36.6	23.9	28.6	0.0	0.0	43200.0	20.1
Ho Chi Minh City	2025-03-25	3	33.0	24.5	27.7	0.0	0.0	32649.37	15.7
Ho Chi Minh City	2025-03-26	3	34.2	23.8	28.1	0.0	0.0	43200.0	12.3
Ho Chi Minh City	2025-03-27	3	35.4	24.1	28.5	0.0	0.0	43200.0	14.0
Ho Chi Minh City	2025-03-28	51	34.8	23.7	28.6	0.1	1.0	40724.51	14.0
Ho Chi Minh City	2025-03-29	51	35.7	25.2	29.2	0.4	2.0	43162.95	16.6
Ho Chi Minh City	2025-03-30	55	37.1	26.0	29.9	2.1	2.0	43200.0	18.1
Ho Chi Minh City	2025-03-31	61	33.6	25.0	28.9	2.9	8.0	22974.86	10.9
Ho Chi Minh City	2025-04-01	65	32.5	24.9	27.2	21.0	16.0	18548.12	9.0
Ho Chi Minh City	2025-04-02	51	29.3	24.4	26.6	0.8	5.0	29918.16	13.0
Ho Chi Minh City	2025-04-03	51	32.9	23.9	27.7	0.1	1.0	43200.0	11.7
Ho Chi Minh City	2025-04-04	3	33.6	23.2	27.8	0.0	0.0	43200.0	13.1
Ho Chi Minh City	2025-04-05	3	33.6	23.9	28.0	0.0	0.0	43200.0	13.9
Ho Chi Minh City	2025-04-06	3	33.8	24.5	28.4	0.0	0.0	43200.0	14.1
Ho Chi Minh City	2025-04-07	3	36.1	24.6	29.2	0.0	0.0	43200.0	15.6
Ho Chi Minh City	2025-04-08	51	35.4	24.9	29.5	0.1	1.0	41789.93	15.1
Ho Chi Minh City	2025-04-09	53	35.8	25.7	29.4	1.3	3.0	43200.0	14.7
Ho Chi Minh City	2025-04-10	55	35.7	25.8	29.6	1.3	3.0	43200.0	9.9
Ho Chi Minh City	2025-04-11	51	34.4	25.8	29.0	1.0	7.0	35179.56	12.2
Ho Chi Minh City	2025-04-12	51	35.5	25.3	29.9	0.4	3.0	43200.0	12.1
Ho Chi Minh City	2025-04-13	53	36.3	26.4	30.1	1.7	5.0	40757.16	14.7
Ho Chi Minh City	2025-04-14	63	36.6	26.3	30.1	4.7	2.0	42161.8	14.7
Ho Chi Minh City	2025-04-15	53	35.5	26.3	30.2	1.7	7.0	42779.24	15.4
Ho Chi Minh City	2025-04-16	53	35.6	26.7	29.9	1.8	6.0	42387.06	15.8
Ho Chi Minh City	2025-04-17	53	36.4	26.2	30.1	1.7	5.0	43200.0	12.7
Ho Chi Minh City	2025-04-18	55	36.0	25.5	30.1	1.6	6.0	41692.43	13.7
Ho Chi Minh City	2025-04-19	51	35.9	26.3	30.3	0.4	4.0	43200.0	14.0
Ho Chi Minh City	2025-04-20	3	36.7	26.0	30.4	0.0	0.0	43200.0	14.5
Ho Chi Minh City	2025-04-21	53	35.7	26.4	30.0	1.9	7.0	43200.0	15.7
Ho Chi Minh City	2025-04-22	55	33.2	26.6	29.2	3.9	5.0	43043.27	15.5
Ho Chi Minh City	2025-04-23	61	35.9	25.7	29.3	2.8	6.0	43200.0	12.7
Ho Chi Minh City	2025-04-24	63	34.9	25.4	28.6	4.5	5.0	36306.43	14.6
Ho Chi Minh City	2025-04-25	61	34.7	25.7	29.4	3.0	3.0	43200.0	10.1
Ho Chi Minh City	2025-04-26	63	34.1	24.9	28.4	15.2	8.0	39600.0	17.2
Ho Chi Minh City	2025-04-27	3	34.1	24.5	28.9	0.0	0.0	43200.0	12.9
Ho Chi Minh City	2025-04-28	3	36.1	25.9	30.1	0.0	0.0	43200.0	15.1
Ho Chi Minh City	2025-04-29	51	36.7	25.9	30.7	0.1	1.0	43200.0	15.5
Ho Chi Minh City	2025-04-30	3	36.8	26.6	31.1	0.0	0.0	43200.0	15.5
Ho Chi Minh City	2025-05-01	61	36.0	27.8	30.3	2.5	5.0	35470.4	12.4
Ho Chi Minh City	2025-05-02	61	34.9	27.2	29.9	3.2	6.0	42926.01	15.7
Ho Chi Minh City	2025-05-03	63	32.0	26.0	28.1	7.6	10.0	36682.6	12.8
Ho Chi Minh City	2025-05-04	51	33.2	25.3	28.8	1.1	8.0	36767.84	12.6
Ho Chi Minh City	2025-05-05	51	33.5	25.6	29.0	0.9	9.0	43200.0	14.4
Ho Chi Minh City	2025-05-06	61	34.6	25.7	29.4	3.7	8.0	43200.0	12.2
Ho Chi Minh City	2025-05-07	61	35.4	25.9	29.8	3.7	4.0	43200.0	12.3
Ho Chi Minh City	2025-05-08	51	37.4	26.0	30.9	0.4	2.0	41309.89	18.2
Ho Chi Minh City	2025-05-09	53	37.2	27.3	31.1	1.4	4.0	39306.4	11.9
Ho Chi Minh City	2025-05-10	63	30.3	26.1	28.0	8.0	8.0	252.64	11.6
Ho Chi Minh City	2025-05-11	63	32.9	25.1	27.8	10.5	12.0	32675.26	12.3
Ho Chi Minh City	2025-05-12	63	32.4	25.1	27.6	7.5	10.0	38506.45	11.9
Ho Chi Minh City	2025-05-13	63	32.8	24.5	27.4	7.7	8.0	39568.36	12.3
Ho Chi Minh City	2025-05-14	63	33.3	25.8	28.7	5.9	3.0	41824.43	13.6
Ho Chi Minh City	2025-05-15	63	32.3	25.6	27.7	12.1	10.0	39600.0	9.5
Ho Chi Minh City	2025-05-16	63	33.2	25.5	28.5	5.7	4.0	39600.0	12.1
Ho Chi Minh City	2025-05-17	61	32.3	25.4	28.7	3.3	4.0	43200.0	13.0
Ho Chi Minh City	2025-05-18	53	33.7	25.9	29.1	1.4	4.0	43200.0	10.4
Ho Chi Minh City	2025-05-19	63	32.8	25.8	27.8	14.1	9.0	31449.29	15.3
Ho Chi Minh City	2025-05-20	53	32.0	25.1	28.2	1.2	4.0	41653.74	10.8
Ho Chi Minh City	2025-05-21	63	33.3	25.0	27.9	12.0	11.0	34923.79	12.8
Ho Chi Minh City	2025-05-22	63	31.8	23.9	26.9	32.0	15.0	21720.46	11.8
Ho Chi Minh City	2025-05-23	63	31.6	25.3	27.6	9.9	11.0	33120.81	9.5
Ho Chi Minh City	2025-05-24	65	30.6	25.4	27.0	17.7	12.0	31995.15	11.0
Ho Chi Minh City	2025-05-25	65	31.1	25.1	27.1	19.0	16.0	29216.52	11.5
Ho Chi Minh City	2025-05-26	63	32.7	24.4	27.7	6.0	9.0	34190.42	10.4
Ho Chi Minh City	2025-05-27	65	32.7	24.7	27.7	25.0	14.0	38791.04	11.3
Ho Chi Minh City	2025-05-28	65	32.7	24.5	27.5	25.9	10.0	32400.0	10.1
Ho Chi Minh City	2025-05-29	65	32.9	24.9	27.0	24.9	21.0	18000.0	11.7
Ho Chi Minh City	2025-05-30	63	32.4	24.6	26.9	21.0	13.0	26600.0	14.9
Ho Chi Minh City	2025-05-31	63	32.9	24.7	27.5	10.4	7.0	32400.0	22.3
Ho Chi Minh City	2025-06-01	51	33.7	25.5	28.5	1.0	4.0	40876.53	14.2
Ho Chi Minh City	2025-06-02	53	31.3	25.8	27.6	2.0	9.0	26150.61	16.9
Ho Chi Minh City	2025-06-03	63	30.6	25.5	27.3	5.9	6.0	20142.62	16.2
Ho Chi Minh City	2025-06-04	61	32.7	26.1	28.2	6.5	8.0	41279.61	11.9
Ho Chi Minh City	2025-06-05	61	32.7	25.3	28.1	2.5	7.0	38430.15	12.7
Ho Chi Minh City	2025-06-06	65	32.8	24.5	27.7	18.3	14.0	35818.23	10.7
Ho Chi Minh City	2025-06-07	65	30.0	24.5	27.0	23.4	16.0	21965.88	14.3
Ho Chi Minh City	2025-06-08	65	29.7	24.7	27.0	24.4	15.0	32264.54	14.6
Ho Chi Minh City	2025-06-09	65	32.0	25.3	26.8	20.8	16.0	22480.71	16.5
Ho Chi Minh City	2025-06-10	63	31.1	25.3	26.7	18.1	19.0	17812.34	15.5
Ho Chi Minh City	2025-06-11	63	29.8	25.0	26.4	13.0	14.0	9287.64	22.1
Ho Chi Minh City	2025-06-12	53	30.3	24.8	26.7	3.3	14.0	9930.22	19.0
Ho Chi Minh City	2025-06-13	63	30.6	24.8	27.0	10.2	9.0	22173.95	16.8
Ho Chi Minh City	2025-06-14	65	32.0	25.1	27.6	19.2	6.0	30163.73	16.9
Ho Chi Minh City	2025-06-15	63	32.9	25.3	28.4	6.0	6.0	39615.83	13.7
Ho Chi Minh City	2025-06-16	63	32.9	25.6	28.0	10.6	10.0	35820.17	8.3
Ho Chi Minh City	2025-06-17	65	33.0	25.0	27.5	15.1	8.0	36000.0	11.0
Ho Chi Minh City	2025-06-18	63	32.4	24.6	27.2	8.1	9.0	31881.05	12.4
Ho Chi Minh City	2025-06-19	63	32.5	24.1	27.3	8.2	5.0	39818.14	11.8
Ho Chi Minh City	2025-06-20	63	32.2	24.1	27.2	15.2	14.0	31017.93	10.6
Ho Chi Minh City	2025-06-21	61	31.7	24.1	26.6	3.0	10.0	35145.4	13.4
Ho Chi Minh City	2025-06-22	63	30.7	24.5	26.5	11.7	11.0	29272.01	16.8
Ho Chi Minh City	2025-06-23	53	31.8	24.5	27.4	2.0	9.0	43200.0	16.4
Ho Chi Minh City	2025-06-24	65	31.9	24.5	27.1	11.1	9.0	27730.05	18.8
Ho Chi Minh City	2025-06-25	65	31.3	24.9	26.7	19.1	11.0	28198.42	14.3
Ho Chi Minh City	2025-06-26	65	29.8	24.4	26.1	26.0	17.0	23897.86	10.4
Ho Chi Minh City	2025-06-27	63	31.1	24.2	26.8	13.0	12.0	37435.99	13.4
Ho Chi Minh City	2025-06-28	65	31.0	24.8	26.8	19.8	6.0	37627.92	19.7
Ho Chi Minh City	2025-06-29	63	31.7	24.7	27.2	5.9	8.0	36592.22	23.4
Ho Chi Minh City	2025-06-30	51	32.9	24.6	27.9	0.9	5.0	40461.04	16.4
Ho Chi Minh City	2025-07-01	63	30.9	24.9	26.9	16.7	13.0	25380.93	9.9
Ho Chi Minh City	2025-07-02	65	31.1	24.1	26.5	21.0	15.0	23312.96	14.3
Ho Chi Minh City	2025-07-03	65	32.1	24.2	26.7	10.6	10.0	29254.99	11.8
Ho Chi Minh City	2025-07-04	61	31.9	24.0	27.4	2.4	7.0	43200.0	17.3
Ho Chi Minh City	2025-07-05	63	32.4	24.8	27.6	9.9	6.0	39766.77	15.3
Ho Chi Minh City	2025-07-06	63	31.2	25.5	27.5	10.4	9.0	30907.56	13.4
Ho Chi Minh City	2025-07-07	63	31.2	24.8	26.7	16.0	11.0	26265.97	16.6
Ho Chi Minh City	2025-07-08	65	31.1	24.6	27.0	15.0	12.0	36000.0	16.3
Ho Chi Minh City	2025-07-09	65	30.4	24.7	26.9	25.4	9.0	39600.0	15.1
Ho Chi Minh City	2025-07-10	63	32.2	24.3	27.5	6.3	8.0	43200.0	22.0
Ho Chi Minh City	2025-07-11	63	31.8	25.4	27.8	6.5	8.0	40034.15	16.1
Ho Chi Minh City	2025-07-12	63	31.9	25.1	27.4	18.1	11.0	34130.65	12.1
Ho Chi Minh City	2025-07-13	63	31.7	25.2	27.4	7.8	8.0	33621.59	14.8
Ho Chi Minh City	2025-07-14	65	31.4	24.9	27.1	19.8	9.0	34163.38	12.8
Ho Chi Minh City	2025-07-15	63	30.8	24.7	27.1	15.7	13.0	39784.41	15.2
Ho Chi Minh City	2025-07-16	63	30.7	24.5	26.7	11.1	7.0	28800.0	13.2
Ho Chi Minh City	2025-07-17	65	28.7	24.6	26.7	15.1	8.0	34794.12	15.2
Ho Chi Minh City	2025-07-18	63	30.1	24.9	26.5	11.0	12.0	29525.25	14.8
Ho Chi Minh City	2025-07-19	63	31.8	25.0	27.1	12.1	6.0	26589.98	18.3
Ho Chi Minh City	2025-07-20	61	29.9	25.3	27.1	3.4	6.0	34776.35	17.1
Ho Chi Minh City	2025-07-21	61	31.1	24.7	27.2	5.4	14.0	18375.24	21.9
Ho Chi Minh City	2025-07-22	53	32.5	25.2	28.4	2.0	7.0	42842.05	22.6
Ho Chi Minh City	2025-07-23	63	31.4	25.4	28.1	18.4	8.0	41221.83	16.8
Ho Chi Minh City	2025-07-24	3	33.0	25.9	28.9	0.0	0.0	35963.25	15.4
Ho Chi Minh City	2025-07-25	63	33.3	24.8	28.7	4.0	3.0	37393.15	18.8
Ho Chi Minh City	2025-07-26	53	32.8	25.3	28.3	1.1	5.0	22642.07	15.5
Ho Chi Minh City	2025-07-27	63	31.2	25.3	27.2	15.9	10.0	26942.08	17.2
Ho Chi Minh City	2025-07-28	61	30.0	24.7	26.9	3.6	13.0	37624.73	20.8
Ho Chi Minh City	2025-07-29	63	30.8	25.7	27.9	14.7	8.0	39860.51	17.9
Ho Chi Minh City	2025-07-30	51	32.2	26.0	28.7	0.3	3.0	43200.0	18.4
Ho Chi Minh City	2025-07-31	63	32.3	25.7	28.0	11.5	9.0	37882.66	14.7
Ho Chi Minh City	2025-08-01	51	32.3	25.4	28.4	0.8	4.0	43200.0	15.6
Ho Chi Minh City	2025-08-02	53	32.5	25.6	28.6	1.7	5.0	43200.0	12.6
Ho Chi Minh City	2025-08-03	63	33.4	25.6	28.4	3.2	3.0	41365.6	13.0
Ho Chi Minh City	2025-08-04	65	33.7	24.8	28.1	9.0	6.0	40223.58	11.5
Ho Chi Minh City	2025-08-05	63	33.2	25.3	28.1	4.8	5.0	41070.68	15.5
Ho Chi Minh City	2025-08-06	63	32.8	25.1	27.7	7.6	4.0	33956.68	16.1
Ho Chi Minh City	2025-08-07	53	33.3	24.6	28.4	1.7	3.0	43200.0	11.7
Ho Chi Minh City	2025-08-08	63	33.7	24.5	28.3	6.8	4.0	36000.0	10.1
Ho Chi Minh City	2025-08-09	65	32.6	23.8	27.2	27.9	17.0	25091.75	11.9
Ho Chi Minh City	2025-08-10	63	32.8	23.1	26.8	7.8	6.0	43200.0	13.2
Ho Chi Minh City	2025-08-11	63	31.5	24.2	26.5	13.5	15.0	37102.04	16.0
Ho Chi Minh City	2025-08-12	53	31.4	24.1	26.8	4.4	14.0	36956.09	12.7
Ho Chi Minh City	2025-08-13	65	31.1	24.3	26.5	17.1	9.0	36506.19	16.5
Ho Chi Minh City	2025-08-14	65	32.0	23.5	26.2	35.1	18.0	24987.29	10.7
Ho Chi Minh City	2025-08-15	65	31.0	23.9	26.0	17.5	18.0	25200.0	19.0
Ho Chi Minh City	2025-08-16	63	29.1	23.9	25.1	28.8	19.0	12027.67	16.8
Ho Chi Minh City	2025-08-17	63	30.2	23.7	25.7	17.0	13.0	26923.84	15.3
Ho Chi Minh City	2025-08-18	51	31.6	23.6	27.1	0.6	5.0	43200.0	13.7
Ho Chi Minh City	2025-08-19	55	32.1	24.4	27.6	3.0	9.0	43200.0	9.6
Ho Chi Minh City	2025-08-20	65	33.0	23.5	27.3	28.5	8.0	36361.52	17.5
Ho Chi Minh City	2025-08-21	65	27.9	23.1	24.8	45.9	24.0	3094.15	10.3
Ho Chi Minh City	2025-08-22	61	30.9	22.9	26.2	4.8	9.0	41659.08	17.3
Ho Chi Minh City	2025-08-23	65	30.7	23.7	26.7	11.6	6.0	35498.29	12.4
Ho Chi Minh City	2025-08-24	63	31.2	24.7	26.6	15.5	10.0	25292.82	15.0
Ho Chi Minh City	2025-08-25	63	28.9	24.4	26.0	13.7	15.0	22085.37	22.3
Ho Chi Minh City	2025-08-26	53	29.1	24.1	26.4	4.8	9.0	12963.69	15.2
Ho Chi Minh City	2025-08-27	61	30.6	24.4	26.5	11.4	14.0	36813.94	10.5
Ho Chi Minh City	2025-08-28	65	32.1	23.6	26.6	29.7	12.0	35950.92	15.8
Ho Chi Minh City	2025-08-29	63	31.7	23.4	26.3	34.7	22.0	29541.4	15.7
Ho Chi Minh City	2025-08-30	61	31.0	24.8	26.6	8.2	17.0	34388.32	20.1
Ho Chi Minh City	2025-08-31	65	32.0	24.4	26.7	23.5	13.0	26927.52	12.8
Ho Chi Minh City	2025-09-01	53	30.8	24.6	26.5	7.2	20.0	24405.71	17.6
Ho Chi Minh City	2025-09-02	65	29.8	24.4	25.8	44.4	23.0	14512.82	12.8
Ho Chi Minh City	2025-09-03	65	30.4	24.1	26.3	12.7	13.0	31266.36	11.5
Ho Chi Minh City	2025-09-04	65	31.2	23.9	26.6	15.4	12.0	38860.48	12.3
Ho Chi Minh City	2025-09-05	65	31.7	24.6	26.9	25.6	9.0	23188.54	9.9
Ho Chi Minh City	2025-09-06	63	31.9	23.7	26.7	24.6	16.0	28282.17	12.7
Ho Chi Minh City	2025-09-07	65	28.8	23.8	25.7	40.3	22.0	9762.18	14.6
Ho Chi Minh City	2025-09-08	63	31.5	24.2	26.4	13.4	16.0	28630.53	18.8
Ho Chi Minh City	2025-09-09	63	30.8	24.2	26.5	10.9	5.0	26287.78	21.1
Ho Chi Minh City	2025-09-10	63	31.8	24.0	26.9	6.6	10.0	36000.0	8.4
Ho Chi Minh City	2025-09-11	55	32.2	23.8	26.6	5.5	13.0	31955.25	11.4
Ho Chi Minh City	2025-09-12	63	31.3	23.5	26.5	12.0	8.0	31977.24	17.6
Ho Chi Minh City	2025-09-13	63	30.0	24.4	26.6	6.4	11.0	23511.82	14.5
Ho Chi Minh City	2025-09-14	65	29.9	24.3	26.2	21.1	16.0	24516.27	12.9
Ho Chi Minh City	2025-09-15	65	31.8	23.3	26.6	12.4	11.0	33197.17	15.0
Ho Chi Minh City	2025-09-16	65	30.5	24.1	26.4	11.7	9.0	23890.37	10.3
Ho Chi Minh City	2025-09-17	65	31.9	23.9	26.6	17.0	10.0	32491.77	21.0
Ho Chi Minh City	2025-09-18	63	31.8	23.9	26.6	14.6	11.0	35091.8	12.4
Ho Chi Minh City	2025-09-19	63	31.4	24.7	26.7	12.9	14.0	17876.2	14.0
Ho Chi Minh City	2025-09-20	63	32.9	24.4	27.8	5.1	7.0	40682.12	14.2
Ho Chi Minh City	2025-09-21	63	31.5	24.5	27.1	20.9	13.0	33226.79	12.6
Ho Chi Minh City	2025-09-22	63	27.3	23.6	25.3	17.6	23.0	0.0	14.1
Ho Chi Minh City	2025-09-23	53	29.6	23.3	25.9	2.6	12.0	12232.73	13.0
Ho Chi Minh City	2025-09-24	53	31.5	24.7	27.0	1.9	7.0	35156.21	21.1
Ho Chi Minh City	2025-09-25	63	31.4	24.9	27.1	15.1	12.0	27685.12	18.4
Ho Chi Minh City	2025-09-26	63	30.0	24.9	26.3	15.6	18.0	7200.0	10.7
Ho Chi Minh City	2025-09-27	63	30.2	24.2	25.6	14.1	21.0	15317.35	16.3
Ho Chi Minh City	2025-09-28	63	30.6	23.9	26.0	14.2	17.0	18704.99	16.2
Ho Chi Minh City	2025-09-29	63	29.7	24.1	26.1	20.6	15.0	28463.54	16.4
Ho Chi Minh City	2025-09-30	63	30.0	24.2	26.4	8.6	11.0	28235.14	12.3
Ho Chi Minh City	2025-10-01	63	31.6	24.1	26.6	7.8	9.0	40963.68	10.1
Ho Chi Minh City	2025-10-02	3	31.7	23.9	27.5	0.0	0.0	40749.01	7.0
Ho Chi Minh City	2025-10-03	63	31.1	24.5	26.7	13.0	10.0	36307.06	15.1
Ho Chi Minh City	2025-10-04	63	32.4	24.4	27.6	5.9	6.0	40553.72	13.7
Ho Chi Minh City	2025-10-05	61	31.5	24.4	27.2	2.0	1.0	20354.2	12.3
Ho Chi Minh City	2025-10-06	63	32.9	24.7	27.5	10.9	4.0	39600.0	18.8
Ho Chi Minh City	2025-10-07	63	32.5	24.7	27.3	3.7	4.0	37205.29	17.1
Ho Chi Minh City	2025-10-08	65	32.0	23.2	26.4	24.4	17.0	32400.0	9.4
Ho Chi Minh City	2025-10-09	61	31.1	23.7	26.5	3.2	7.0	35521.54	9.2
Ho Chi Minh City	2025-10-10	63	30.1	23.9	26.5	5.9	6.0	30362.16	9.4
Ho Chi Minh City	2025-10-11	63	30.3	23.5	26.5	18.0	19.0	29380.66	9.4
Ho Chi Minh City	2025-10-12	63	31.2	23.9	26.7	9.6	17.0	28800.0	10.2
Ho Chi Minh City	2025-10-13	63	30.3	24.2	26.5	20.1	16.0	15953.05	10.0
Ho Chi Minh City	2025-10-14	63	31.2	24.4	27.0	11.9	15.0	36000.0	9.3
Ho Chi Minh City	2025-10-15	63	32.8	24.8	27.7	9.4	3.0	35834.4	14.1
Ho Chi Minh City	2025-10-16	51	32.3	24.4	27.6	0.7	2.0	39600.0	10.7
Ho Chi Minh City	2025-10-17	63	32.7	24.7	27.7	4.8	9.0	34422.76	7.5
Ho Chi Minh City	2025-10-18	63	31.9	24.5	26.6	5.5	10.0	35746.69	14.0
Ho Chi Minh City	2025-10-19	51	32.9	24.5	28.0	0.3	1.0	36270.31	7.6
Ho Chi Minh City	2025-10-20	63	33.2	24.6	28.0	12.0	9.0	39600.0	10.5
Ho Chi Minh City	2025-10-21	63	32.3	24.7	27.6	8.5	14.0	35898.38	10.3
Ho Chi Minh City	2025-10-22	63	32.1	24.1	27.2	10.8	16.0	32564.13	9.0
Ho Chi Minh City	2025-10-23	63	31.4	24.3	26.8	4.6	4.0	32015.11	8.9
Ho Chi Minh City	2025-10-24	65	32.1	24.7	27.0	17.9	13.0	28437.16	8.1
Ho Chi Minh City	2025-10-25	53	29.0	23.8	26.0	2.2	9.0	2313.38	9.5
Ho Chi Minh City	2025-10-26	63	30.5	23.6	26.4	10.6	10.0	23188.61	10.2
Ho Chi Minh City	2025-10-27	61	30.4	23.2	26.1	4.0	11.0	26489.88	12.3
Ho Chi Minh City	2025-10-28	65	29.8	24.3	25.7	35.4	21.0	21092.09	6.6
Ho Chi Minh City	2025-10-29	61	29.2	24.4	26.1	6.9	16.0	22759.03	9.0
Ho Chi Minh City	2025-10-30	53	28.5	24.5	26.2	4.4	21.0	6341.59	12.0
Ho Chi Minh City	2025-10-31	63	30.8	24.3	27.0	9.4	10.0	36000.0	14.9
Ho Chi Minh City	2025-11-01	65	30.7	24.5	26.2	32.0	18.0	26954.38	10.6
Ho Chi Minh City	2025-11-02	63	31.2	23.9	26.5	6.8	8.0	31731.22	10.1
Ho Chi Minh City	2025-11-03	65	28.7	24.1	26.1	19.3	15.0	20337.19	9.2
Ho Chi Minh City	2025-11-04	63	30.8	24.0	26.5	15.1	18.0	35915.23	10.7
Ho Chi Minh City	2025-11-05	63	29.9	24.0	26.2	8.7	13.0	21341.89	9.5
Ho Chi Minh City	2025-11-06	61	28.6	23.9	25.8	9.1	13.0	0.0	14.1
Ho Chi Minh City	2025-11-07	63	31.3	24.3	26.3	8.9	18.0	29094.11	13.7
Ho Chi Minh City	2025-11-08	63	31.1	24.4	27.0	5.3	12.0	39600.0	8.6
Ho Chi Minh City	2025-11-09	65	31.5	24.1	27.0	9.8	9.0	32783.59	11.5
Ho Chi Minh City	2025-11-10	53	31.7	24.5	27.0	2.0	7.0	38384.92	11.8
Ho Chi Minh City	2025-11-11	61	31.6	23.8	26.9	3.8	12.0	34367.29	9.9
Ho Chi Minh City	2025-11-12	63	30.4	24.2	26.4	7.1	11.0	39600.0	11.4
Ho Chi Minh City	2025-11-13	63	31.8	23.7	26.8	9.1	9.0	39600.0	10.3
Ho Chi Minh City	2025-11-14	51	31.7	23.4	26.9	0.2	1.0	37054.32	10.7
Ho Chi Minh City	2025-11-15	3	31.2	20.6	25.9	0.0	0.0	39600.0	8.9
Ho Chi Minh City	2025-11-16	65	29.6	23.6	25.1	21.7	11.0	18000.0	9.4
Ho Chi Minh City	2025-11-17	61	28.6	23.4	25.5	11.9	17.0	7200.0	8.3
Ho Chi Minh City	2025-11-18	63	30.1	24.1	26.0	10.1	8.0	37026.79	13.1
Ho Chi Minh City	2025-11-19	65	31.3	23.1	25.4	23.2	13.0	25200.0	15.3
Ho Chi Minh City	2025-11-20	51	29.0	22.4	25.4	0.6	4.0	22266.53	12.9
Ho Chi Minh City	2025-11-21	51	29.5	22.9	25.7	0.3	1.0	22211.81	9.5
Ho Chi Minh City	2025-11-22	53	27.6	23.3	25.1	2.7	7.0	729.41	10.6
Ho Chi Minh City	2025-11-23	61	31.1	23.5	26.0	4.4	9.0	26950.15	11.2
Ho Chi Minh City	2025-11-24	51	31.9	23.6	27.2	1.2	6.0	39600.0	8.6
Ho Chi Minh City	2025-11-25	3	31.7	23.6	26.9	0.0	0.0	39600.0	14.9
Ho Chi Minh City	2025-11-26	3	31.1	21.8	25.9	0.0	0.0	38867.5	13.3
Ho Chi Minh City	2025-11-27	3	30.6	21.9	25.6	0.0	0.0	39600.0	15.2
Ho Chi Minh City	2025-11-28	3	29.3	19.5	24.5	0.0	0.0	36776.59	15.5
Ho Chi Minh City	2025-11-29	3	31.5	20.8	26.0	0.0	0.0	39600.0	10.7
Ho Chi Minh City	2025-11-30	51	33.0	22.5	27.9	0.6	3.0	39613.89	9.8
Ho Chi Minh City	2025-12-01	51	34.2	24.2	29.2	0.1	1.0	39600.0	9.6
Ho Chi Minh City	2025-12-02	61	33.4	24.9	28.2	5.3	11.0	39459.67	9.3
Ho Chi Minh City	2025-12-03	65	31.4	23.9	26.2	29.1	14.0	31814.68	10.6
Ho Chi Minh City	2025-12-04	63	29.9	23.5	26.4	9.3	15.0	27949.22	19.0
Ho Chi Minh City	2025-12-05	51	31.1	23.6	26.9	0.8	4.0	37590.27	6.9
Ho Chi Minh City	2025-12-06	51	30.8	21.9	26.2	0.3	3.0	39446.44	9.9
Ho Chi Minh City	2025-12-07	51	31.1	21.1	26.0	0.4	3.0	39628.43	9.6
Ho Chi Minh City	2025-12-08	3	30.6	20.2	25.5	0.0	0.0	39382.57	11.3
Ho Chi Minh City	2025-12-09	51	31.6	21.7	26.8	0.1	1.0	39205.28	14.2
Ho Chi Minh City	2025-12-10	63	31.0	24.0	26.1	13.1	9.0	25778.24	13.0
Ho Chi Minh City	2025-12-11	63	31.2	23.1	26.4	8.0	4.0	24858.25	14.5
Ho Chi Minh City	2025-12-12	3	31.6	23.4	27.4	0.0	0.0	39258.03	10.3
Ho Chi Minh City	2025-12-13	63	32.0	23.7	27.1	15.9	5.0	34209.63	14.6
Ho Chi Minh City	2025-12-14	51	31.7	23.6	27.4	0.1	1.0	39198.05	7.3
Ho Chi Minh City	2025-12-15	3	33.1	23.7	27.9	0.0	0.0	36864.68	9.3
Ho Chi Minh City	2025-12-16	51	34.0	23.9	28.0	0.3	2.0	39254.61	6.4
Ho Chi Minh City	2025-12-17	51	33.7	23.5	27.9	0.7	5.0	39466.68	9.1
Ho Chi Minh City	2025-12-18	51	32.7	23.5	27.8	0.5	4.0	39074.78	7.7
Ho Chi Minh City	2025-12-19	51	33.7	23.1	28.1	0.3	3.0	39376.48	10.1
Ho Chi Minh City	2025-12-20	51	33.4	23.7	28.2	0.4	4.0	39330.7	10.3
Ho Chi Minh City	2025-12-21	51	34.5	23.8	28.3	0.2	2.0	39797.81	8.5
Ho Chi Minh City	2025-12-22	53	33.9	24.3	28.6	1.0	5.0	39238.49	11.3
Ho Chi Minh City	2025-12-23	51	33.3	24.7	28.0	0.8	5.0	35610.57	9.0
Ho Chi Minh City	2025-12-24	61	33.4	24.7	27.9	7.1	9.0	35404.74	8.3
Ho Chi Minh City	2025-12-25	65	31.3	24.3	26.6	26.7	12.0	30395.07	18.2
Ho Chi Minh City	2025-12-26	53	30.7	23.3	26.1	1.6	4.0	35231.62	9.7
Ho Chi Minh City	2025-12-27	51	30.3	22.3	25.6	0.7	5.0	34622.52	9.7
Ho Chi Minh City	2025-12-28	3	31.0	22.3	26.1	0.0	0.0	40248.96	10.7
Ho Chi Minh City	2025-12-29	3	31.2	22.8	26.1	0.0	0.0	37966.0	10.2
Ho Chi Minh City	2025-12-30	3	30.5	21.6	25.4	0.0	0.0	38390.44	9.3
Ho Chi Minh City	2025-12-31	3	31.2	21.0	25.5	0.0	0.0	40377.63	11.8
Ha Noi	2021-01-01	3	17.4	8.0	12.1	0.0	0.0	36000.0	14.7
Ha Noi	2021-01-02	2	18.5	6.1	12.5	0.0	0.0	36000.0	12.5
Ha Noi	2021-01-03	3	18.7	8.2	13.7	0.0	0.0	10385.94	11.3
Ha Noi	2021-01-04	3	21.4	11.8	15.8	0.0	0.0	36079.7	10.9
Ha Noi	2021-01-05	3	20.9	10.4	16.0	0.0	0.0	10587.4	9.4
Ha Noi	2021-01-06	3	19.9	15.5	17.3	0.0	0.0	19014.75	12.3
Ha Noi	2021-01-07	51	16.3	10.9	14.2	0.2	2.0	799.16	18.4
Ha Noi	2021-01-08	51	11.9	7.8	9.6	0.3	3.0	7703.02	21.6
Ha Noi	2021-01-09	3	12.9	8.0	10.1	0.0	0.0	30692.98	14.0
Ha Noi	2021-01-10	3	13.5	8.7	11.1	0.0	0.0	12693.97	14.5
Ha Noi	2021-01-11	3	15.4	9.4	11.8	0.0	0.0	12899.86	23.3
Ha Noi	2021-01-12	3	17.5	7.7	12.5	0.0	0.0	30420.41	16.6
Ha Noi	2021-01-13	3	20.6	9.1	14.9	0.0	0.0	36434.17	17.6
Ha Noi	2021-01-14	3	21.6	9.9	15.4	0.0	0.0	36680.59	10.4
Ha Noi	2021-01-15	3	20.4	11.5	16.0	0.0	0.0	8036.49	10.9
Ha Noi	2021-01-16	51	21.1	15.9	18.1	0.5	5.0	1295.07	9.2
Ha Noi	2021-01-17	61	17.1	13.0	14.9	4.8	13.0	0.0	28.1
Ha Noi	2021-01-18	3	19.4	9.8	14.2	0.0	0.0	37123.06	15.7
Ha Noi	2021-01-19	0	21.7	8.0	14.6	0.0	0.0	37099.12	18.1
Ha Noi	2021-01-20	3	21.4	10.4	16.2	0.0	0.0	10408.01	12.4
Ha Noi	2021-01-21	51	21.0	15.3	17.8	0.5	5.0	4246.44	11.0
Ha Noi	2021-01-22	3	23.2	14.0	18.8	0.0	0.0	19120.44	7.2
Ha Noi	2021-01-23	3	24.5	14.1	19.1	0.0	0.0	24632.0	13.2
Ha Noi	2021-01-24	3	25.3	14.8	19.4	0.0	0.0	18869.23	18.5
Ha Noi	2021-01-25	53	23.4	18.6	20.4	4.0	17.0	2083.03	16.4
Ha Noi	2021-01-26	51	25.2	16.8	20.1	0.5	3.0	20282.33	15.5
Ha Noi	2021-01-27	3	22.7	16.2	19.2	0.0	0.0	1332.71	15.5
Ha Noi	2021-01-28	51	18.8	16.8	17.7	0.7	4.0	0.0	21.3
Ha Noi	2021-01-29	3	23.0	14.9	18.3	0.0	0.0	24774.5	14.3
Ha Noi	2021-01-30	51	21.5	14.4	18.1	0.4	4.0	3538.53	13.8
Ha Noi	2021-01-31	51	21.9	16.0	18.8	1.0	6.0	362.39	16.6
Ha Noi	2021-02-01	3	25.2	17.8	20.3	0.0	0.0	14452.42	15.9
Ha Noi	2021-02-02	51	23.9	16.7	19.5	0.9	6.0	6195.7	13.5
Ha Noi	2021-02-03	3	25.5	16.6	20.2	0.0	0.0	17417.55	16.2
Ha Noi	2021-02-04	51	24.6	17.1	19.9	0.5	3.0	13382.66	12.6
Ha Noi	2021-02-05	51	25.0	16.2	20.0	0.1	1.0	15003.26	13.5
Ha Noi	2021-02-06	3	25.4	15.6	19.9	0.0	0.0	24612.73	13.0
Ha Noi	2021-02-07	3	26.1	16.8	21.2	0.0	0.0	22500.45	13.0
Ha Noi	2021-02-08	63	25.5	17.6	20.5	7.8	14.0	27338.23	10.9
Ha Noi	2021-02-09	63	18.0	13.9	16.5	33.7	20.0	0.0	18.2
Ha Noi	2021-02-10	3	22.9	12.4	17.2	0.0	0.0	38893.55	12.9
Ha Noi	2021-02-11	3	23.4	13.2	18.1	0.0	0.0	36847.82	11.8
Ha Noi	2021-02-12	3	22.8	14.7	18.4	0.0	0.0	22344.23	10.9
Ha Noi	2021-02-13	3	24.3	14.1	18.9	0.0	0.0	26495.39	16.0
Ha Noi	2021-02-14	3	25.0	15.4	19.9	0.0	0.0	34687.43	12.4
Ha Noi	2021-02-15	51	25.1	16.3	20.4	0.4	4.0	2960.93	17.1
Ha Noi	2021-02-16	53	24.8	17.7	20.9	1.0	4.0	7564.74	14.0
Ha Noi	2021-02-17	51	21.9	18.0	19.5	0.4	2.0	11270.09	18.9
Ha Noi	2021-02-18	3	23.8	17.7	20.1	0.0	0.0	13309.34	9.7
Ha Noi	2021-02-19	3	24.6	17.0	20.3	0.0	0.0	14536.57	10.3
Ha Noi	2021-02-20	3	25.5	14.2	19.6	0.0	0.0	39199.25	13.9
Ha Noi	2021-02-21	1	27.4	15.6	20.6	0.0	0.0	39733.51	21.2
Ha Noi	2021-02-22	51	24.9	17.5	20.9	0.6	5.0	2298.98	17.3
Ha Noi	2021-02-23	51	26.0	17.9	21.7	0.2	2.0	12145.17	14.4
Ha Noi	2021-02-24	51	26.2	18.6	21.8	0.2	2.0	12024.57	23.2
Ha Noi	2021-02-25	51	28.6	19.8	22.9	0.8	7.0	15276.48	21.3
Ha Noi	2021-02-26	53	26.6	20.4	23.1	2.3	10.0	16976.63	15.3
Ha Noi	2021-02-27	61	19.1	16.2	17.7	6.8	12.0	0.0	19.4
Ha Noi	2021-02-28	53	20.9	16.9	18.6	6.6	23.0	0.0	8.0
Ha Noi	2021-03-01	61	25.5	19.9	22.0	8.2	17.0	1159.14	23.2
Ha Noi	2021-03-02	53	19.9	16.6	18.4	1.4	8.0	0.0	20.9
Ha Noi	2021-03-03	61	19.6	16.3	17.7	10.0	14.0	0.0	9.7
Ha Noi	2021-03-04	51	21.0	15.7	18.2	1.2	9.0	2696.83	10.0
Ha Noi	2021-03-05	51	24.7	18.0	21.0	0.6	6.0	1949.33	12.5
Ha Noi	2021-03-06	51	29.1	21.2	23.9	0.2	2.0	37969.65	13.9
Ha Noi	2021-03-07	61	22.1	19.2	20.8	4.3	7.0	0.0	20.9
Ha Noi	2021-03-08	51	26.4	19.7	22.3	2.0	13.0	15891.29	18.3
Ha Noi	2021-03-09	51	27.1	20.7	22.9	0.4	4.0	21669.89	23.8
Ha Noi	2021-03-10	51	26.7	20.5	23.1	1.0	8.0	17543.73	24.3
Ha Noi	2021-03-11	51	26.1	20.7	23.1	1.3	9.0	14954.33	18.9
Ha Noi	2021-03-12	51	27.3	19.8	22.9	0.3	3.0	17828.71	17.1
Ha Noi	2021-03-13	51	25.7	19.8	22.4	1.2	7.0	24488.81	14.0
Ha Noi	2021-03-14	51	26.6	18.8	22.2	0.3	3.0	22242.4	15.3
Ha Noi	2021-03-15	51	26.2	20.2	23.2	0.9	9.0	12271.62	20.4
Ha Noi	2021-03-16	51	27.0	21.5	23.4	1.2	9.0	6019.13	19.4
Ha Noi	2021-03-17	51	27.2	21.8	23.8	1.0	8.0	3535.28	19.9
Ha Noi	2021-03-18	51	27.7	21.7	24.1	0.8	7.0	1071.62	17.5
Ha Noi	2021-03-19	51	27.9	22.6	24.8	0.7	7.0	262.11	20.4
Ha Noi	2021-03-20	51	27.7	23.2	24.7	1.9	16.0	662.92	16.8
Ha Noi	2021-03-21	61	23.4	15.8	18.8	8.8	16.0	0.0	33.6
Ha Noi	2021-03-22	3	19.6	15.1	16.8	0.0	0.0	16613.76	20.0
Ha Noi	2021-03-23	3	21.8	14.2	17.5	0.0	0.0	29037.58	12.4
Ha Noi	2021-03-24	3	23.9	14.5	19.1	0.0	0.0	25295.44	13.3
Ha Noi	2021-03-25	51	24.3	19.0	21.0	1.5	11.0	0.0	10.7
Ha Noi	2021-03-26	51	26.7	20.0	22.8	1.7	12.0	1313.74	18.2
Ha Noi	2021-03-27	51	27.4	22.6	24.2	1.2	12.0	317.26	20.8
Ha Noi	2021-03-28	51	27.0	22.7	24.4	2.3	15.0	312.69	18.0
Ha Noi	2021-03-29	3	31.4	23.1	26.0	0.0	0.0	25030.42	16.9
Ha Noi	2021-03-30	3	32.6	23.3	27.1	0.0	0.0	23244.92	16.2
Ha Noi	2021-03-31	3	33.5	23.4	27.7	0.0	0.0	40295.39	19.6
Ha Noi	2021-04-01	3	32.7	23.0	26.9	0.0	0.0	31522.39	17.1
Ha Noi	2021-04-02	51	31.2	23.7	26.6	0.6	6.0	14341.33	17.1
Ha Noi	2021-04-03	55	27.1	23.3	25.2	3.4	12.0	0.0	16.1
Ha Noi	2021-04-04	63	28.6	22.3	24.3	5.9	11.0	21905.63	16.8
Ha Noi	2021-04-05	55	26.9	20.0	22.7	4.6	11.0	15999.77	12.8
Ha Noi	2021-04-06	53	26.1	21.1	23.3	1.1	4.0	16719.65	18.8
Ha Noi	2021-04-07	51	27.5	21.8	24.3	1.0	6.0	12339.43	13.3
Ha Noi	2021-04-08	61	27.8	20.8	24.3	13.1	22.0	32816.0	19.5
Ha Noi	2021-04-09	53	22.1	17.8	20.1	2.1	9.0	338.89	18.3
Ha Noi	2021-04-10	51	23.8	18.6	20.8	2.4	15.0	882.74	10.5
Ha Noi	2021-04-11	51	28.3	21.6	24.4	1.9	15.0	29470.31	18.5
Ha Noi	2021-04-12	51	28.8	22.0	25.1	0.8	6.0	22830.79	18.5
Ha Noi	2021-04-13	51	27.6	23.6	25.3	0.2	2.0	2080.22	16.9
Ha Noi	2021-04-14	51	28.5	23.0	25.5	0.3	3.0	4235.43	16.8
Ha Noi	2021-04-15	53	28.0	24.2	25.5	2.8	12.0	953.01	20.5
Ha Noi	2021-04-16	53	28.1	23.8	25.8	3.8	16.0	12336.4	18.7
Ha Noi	2021-04-17	61	24.1	20.9	22.2	15.9	24.0	0.0	18.4
Ha Noi	2021-04-18	53	25.6	20.3	22.6	3.6	12.0	5969.44	9.5
Ha Noi	2021-04-19	53	28.9	22.6	25.3	2.3	12.0	33909.93	17.3
Ha Noi	2021-04-20	53	30.2	24.1	26.8	1.5	7.0	28199.73	19.4
Ha Noi	2021-04-21	53	29.8	25.2	27.1	3.0	10.0	35624.92	20.4
Ha Noi	2021-04-22	53	30.9	25.3	27.3	2.2	12.0	32400.0	16.6
Ha Noi	2021-04-23	51	31.8	25.2	27.6	1.9	13.0	27487.96	19.6
Ha Noi	2021-04-24	51	32.4	25.1	28.1	1.1	7.0	26795.02	18.3
Ha Noi	2021-04-25	63	29.9	24.4	26.4	17.0	23.0	9175.93	17.1
Ha Noi	2021-04-26	65	24.5	20.9	23.0	41.1	22.0	0.0	22.4
Ha Noi	2021-04-27	55	24.8	20.4	22.5	5.6	19.0	265.75	10.9
Ha Noi	2021-04-28	61	25.5	21.0	22.9	14.1	19.0	12433.75	16.7
Ha Noi	2021-04-29	61	23.9	19.7	21.4	3.1	7.0	8043.57	14.2
Ha Noi	2021-04-30	3	27.6	18.4	23.1	0.0	0.0	43200.0	14.5
Ha Noi	2021-05-01	61	28.7	21.2	24.7	4.9	8.0	14160.97	12.8
Ha Noi	2021-05-02	63	29.0	23.9	26.2	7.1	12.0	29728.84	15.9
Ha Noi	2021-05-03	63	30.7	25.5	27.5	4.4	6.0	40131.66	21.4
Ha Noi	2021-05-04	3	32.8	25.2	28.3	0.0	0.0	39600.0	17.1
Ha Noi	2021-05-05	63	27.1	23.2	25.5	21.6	20.0	7870.19	15.1
Ha Noi	2021-05-06	51	30.1	22.6	26.0	0.2	1.0	20781.4	15.0
Ha Noi	2021-05-07	51	31.5	24.6	27.3	0.2	2.0	34490.54	18.8
Ha Noi	2021-05-08	3	31.3	24.3	27.3	0.0	0.0	24859.68	16.5
Ha Noi	2021-05-09	51	32.9	24.7	28.1	0.1	1.0	29687.97	17.3
Ha Noi	2021-05-10	3	34.3	25.8	29.4	0.0	0.0	43435.18	16.9
Ha Noi	2021-05-11	3	35.0	26.5	30.1	0.0	0.0	41723.74	17.9
Ha Noi	2021-05-12	3	34.9	27.0	30.4	0.0	0.0	41159.84	16.8
Ha Noi	2021-05-13	65	33.0	26.5	29.1	13.3	7.0	32593.73	17.7
Ha Noi	2021-05-14	51	32.0	27.0	29.4	0.4	3.0	42000.47	22.7
Ha Noi	2021-05-15	3	34.4	27.5	30.4	0.0	0.0	39938.24	19.8
Ha Noi	2021-05-16	3	35.2	27.3	30.6	0.0	0.0	43630.92	19.7
Ha Noi	2021-05-17	51	33.2	27.6	29.9	0.6	4.0	37204.1	21.7
Ha Noi	2021-05-18	51	34.0	27.4	29.9	1.0	5.0	38761.61	19.6
Ha Noi	2021-05-19	51	35.7	27.5	30.8	0.4	2.0	39358.66	19.9
Ha Noi	2021-05-20	53	36.2	27.8	31.2	0.7	1.0	37472.15	19.2
Ha Noi	2021-05-21	53	35.5	27.4	31.0	1.1	3.0	37027.63	21.6
Ha Noi	2021-05-22	51	36.7	28.3	31.7	0.5	2.0	43848.35	22.2
Ha Noi	2021-05-23	51	35.0	27.5	30.7	1.2	5.0	42663.14	21.0
Ha Noi	2021-05-24	65	30.2	25.3	27.5	23.6	12.0	16039.95	17.5
Ha Noi	2021-05-25	65	27.8	23.8	25.6	21.9	14.0	10286.51	18.4
Ha Noi	2021-05-26	61	30.6	24.5	27.6	3.5	7.0	42763.8	17.7
Ha Noi	2021-05-27	53	31.6	25.6	28.5	1.9	11.0	42541.1	19.1
Ha Noi	2021-05-28	53	31.9	25.9	28.8	1.6	11.0	40733.26	14.7
Ha Noi	2021-05-29	51	34.5	26.7	30.4	0.1	1.0	44084.54	17.2
Ha Noi	2021-05-30	61	35.4	27.7	31.4	1.6	2.0	39945.53	14.6
Ha Noi	2021-05-31	3	36.6	27.7	31.8	0.0	0.0	39860.2	12.3
Ha Noi	2021-06-01	3	37.4	28.6	32.9	0.0	0.0	43547.93	18.0
Ha Noi	2021-06-02	3	37.0	29.0	32.5	0.0	0.0	40810.01	16.3
Ha Noi	2021-06-03	53	38.2	29.0	33.1	1.3	3.0	43813.91	17.8
Ha Noi	2021-06-04	63	29.7	25.1	27.0	6.6	6.0	16610.13	25.1
Ha Noi	2021-06-05	51	30.9	24.4	27.4	0.2	2.0	43547.98	8.2
Ha Noi	2021-06-06	63	31.6	25.3	28.1	13.8	13.0	39678.61	13.2
Ha Noi	2021-06-07	63	32.0	25.5	27.8	16.4	16.0	36224.15	15.9
Ha Noi	2021-06-08	63	29.7	24.8	26.9	29.0	23.0	22572.37	11.2
Ha Noi	2021-06-09	63	30.5	25.2	27.3	13.3	22.0	20566.75	7.3
Ha Noi	2021-06-10	63	31.2	24.7	27.5	26.8	19.0	22410.0	13.0
Ha Noi	2021-06-11	63	31.0	25.3	27.2	20.6	17.0	18273.9	13.3
Ha Noi	2021-06-12	63	31.5	25.4	27.8	23.0	22.0	28947.13	20.4
Ha Noi	2021-06-13	63	30.0	25.4	27.3	15.7	21.0	29453.16	24.8
Ha Noi	2021-06-14	55	32.6	25.3	28.9	2.9	8.0	44139.51	15.3
Ha Noi	2021-06-15	51	33.1	26.8	29.8	0.4	3.0	43866.62	14.4
Ha Noi	2021-06-16	3	34.6	27.7	31.2	0.0	0.0	42491.99	16.5
Ha Noi	2021-06-17	3	35.5	27.4	31.6	0.0	0.0	44938.41	16.9
Ha Noi	2021-06-18	0	36.2	27.6	31.8	0.0	0.0	44936.54	16.6
Ha Noi	2021-06-19	3	37.0	28.6	32.5	0.0	0.0	45474.29	15.7
Ha Noi	2021-06-20	3	37.4	29.1	33.0	0.0	0.0	45473.59	14.0
Ha Noi	2021-06-21	3	37.3	28.9	33.0	0.0	0.0	43606.93	13.0
Ha Noi	2021-06-22	63	33.7	27.7	30.7	4.8	3.0	27896.86	15.9
Ha Noi	2021-06-23	63	33.1	26.4	29.1	13.5	9.0	24256.15	12.4
Ha Noi	2021-06-24	63	31.8	27.0	29.2	10.8	12.0	22924.01	10.1
Ha Noi	2021-06-25	63	32.6	26.8	28.7	12.8	13.0	18159.02	14.4
Ha Noi	2021-06-26	53	32.8	26.5	29.8	1.8	7.0	39650.89	13.4
Ha Noi	2021-06-27	3	35.7	27.6	31.6	0.0	0.0	44406.31	15.8
Ha Noi	2021-06-28	3	35.8	28.5	31.6	0.0	0.0	40652.12	15.0
Ha Noi	2021-06-29	51	33.9	28.3	31.0	0.3	2.0	31133.19	9.8
Ha Noi	2021-06-30	53	34.8	28.2	31.3	0.7	2.0	34689.51	15.3
Ha Noi	2021-07-01	3	34.9	28.3	31.3	0.0	0.0	33812.05	15.9
Ha Noi	2021-07-02	3	36.3	28.2	31.8	0.0	0.0	40515.13	13.3
Ha Noi	2021-07-03	3	35.7	28.5	31.7	0.0	0.0	39963.86	9.8
Ha Noi	2021-07-04	51	35.9	28.2	31.4	0.7	3.0	39566.4	15.0
Ha Noi	2021-07-05	63	32.5	28.0	29.8	6.6	15.0	38953.66	15.2
Ha Noi	2021-07-06	53	32.6	26.6	29.4	2.2	10.0	44727.88	13.4
Ha Noi	2021-07-07	65	31.9	26.8	28.5	16.1	13.0	33190.07	12.3
Ha Noi	2021-07-08	63	29.2	25.8	27.3	30.7	20.0	28679.25	21.8
Ha Noi	2021-07-09	55	31.1	25.5	27.8	6.4	19.0	33130.2	17.3
Ha Noi	2021-07-10	61	31.3	25.6	28.1	2.8	11.0	44497.54	16.7
Ha Noi	2021-07-11	51	32.5	25.5	28.8	0.4	3.0	44508.15	15.8
Ha Noi	2021-07-12	2	33.5	25.9	29.5	0.0	0.0	45052.56	18.6
Ha Noi	2021-07-13	51	33.8	26.7	29.8	1.0	6.0	44266.23	20.5
Ha Noi	2021-07-14	51	33.6	27.6	30.1	0.2	2.0	44012.88	17.2
Ha Noi	2021-07-15	51	32.9	26.8	29.7	1.0	8.0	44822.77	16.3
Ha Noi	2021-07-16	51	34.0	26.4	30.0	0.1	1.0	44571.07	14.9
Ha Noi	2021-07-17	3	34.6	26.2	30.3	0.0	0.0	44585.51	15.5
Ha Noi	2021-07-18	61	32.0	27.1	29.0	7.1	14.0	21991.82	13.4
Ha Noi	2021-07-19	63	32.0	26.4	28.3	15.0	12.0	25005.03	11.3
Ha Noi	2021-07-20	63	31.2	24.5	27.3	15.5	22.0	23726.68	8.7
Ha Noi	2021-07-21	51	31.2	25.4	28.1	0.3	1.0	23128.75	9.2
Ha Noi	2021-07-22	63	30.2	26.6	28.0	12.5	20.0	6034.11	8.2
Ha Noi	2021-07-23	65	27.4	25.8	26.6	76.1	22.0	0.0	20.7
Ha Noi	2021-07-24	61	31.5	24.9	28.3	6.0	15.0	43207.4	15.3
Ha Noi	2021-07-25	63	32.6	26.0	29.2	8.0	10.0	28118.26	12.4
Ha Noi	2021-07-26	55	33.1	26.5	29.0	2.5	8.0	32376.98	11.5
Ha Noi	2021-07-27	51	33.9	26.3	29.9	0.3	3.0	41373.17	10.8
Ha Noi	2021-07-28	51	33.0	27.7	29.7	1.0	4.0	27751.71	11.2
Ha Noi	2021-07-29	63	32.2	27.0	29.0	12.5	11.0	21600.0	8.4
Ha Noi	2021-07-30	53	33.2	26.7	29.9	1.5	7.0	43200.0	13.9
Ha Noi	2021-07-31	65	34.4	27.4	30.9	22.4	6.0	38176.29	15.5
Ha Noi	2021-08-01	63	27.3	26.0	26.6	28.5	17.0	0.0	11.8
Ha Noi	2021-08-02	51	33.1	25.3	29.2	0.3	3.0	39600.0	10.3
Ha Noi	2021-08-03	53	33.9	26.8	29.9	0.7	1.0	38680.14	12.1
Ha Noi	2021-08-04	53	35.6	27.3	31.2	0.7	1.0	43225.74	10.1
Ha Noi	2021-08-05	3	36.0	27.9	31.9	0.0	0.0	43200.0	13.9
Ha Noi	2021-08-06	3	36.2	28.8	32.2	0.0	0.0	32971.65	12.2
Ha Noi	2021-08-07	3	36.4	28.1	32.4	0.0	0.0	40859.99	11.4
Ha Noi	2021-08-08	3	34.2	28.4	31.2	0.0	0.0	26528.74	7.9
Ha Noi	2021-08-09	65	33.3	28.3	30.4	17.4	5.0	14874.54	11.5
Ha Noi	2021-08-10	63	31.0	26.1	27.9	32.4	19.0	10659.02	12.1
Ha Noi	2021-08-11	65	31.1	26.2	27.7	35.7	19.0	16612.05	15.1
Ha Noi	2021-08-12	63	33.2	25.5	28.7	6.3	11.0	20403.52	12.6
Ha Noi	2021-08-13	51	32.9	27.2	30.0	0.4	4.0	36385.43	13.4
Ha Noi	2021-08-14	63	32.2	27.1	29.4	12.5	7.0	6565.2	8.5
Ha Noi	2021-08-15	63	30.6	25.7	27.3	19.4	17.0	4719.27	9.6
Ha Noi	2021-08-16	65	31.9	25.0	28.6	17.0	4.0	34000.88	11.0
Ha Noi	2021-08-17	61	33.1	26.0	29.3	4.7	13.0	43200.0	11.6
Ha Noi	2021-08-18	63	32.6	26.8	29.5	6.3	9.0	40686.82	16.0
Ha Noi	2021-08-19	63	31.3	26.0	28.4	9.8	9.0	38713.5	13.4
Ha Noi	2021-08-20	63	31.9	26.2	28.8	9.0	10.0	43200.0	13.5
Ha Noi	2021-08-21	51	33.2	27.3	30.0	1.1	6.0	43200.0	17.1
Ha Noi	2021-08-22	3	34.6	27.7	30.8	0.0	0.0	43200.0	16.6
Ha Noi	2021-08-23	61	34.8	28.4	30.6	3.0	7.0	40581.15	15.5
Ha Noi	2021-08-24	63	32.7	27.0	29.2	15.3	16.0	38784.17	14.0
Ha Noi	2021-08-25	51	31.5	25.9	28.7	2.1	11.0	38037.19	15.2
Ha Noi	2021-08-26	61	30.6	25.9	27.6	10.3	18.0	34231.94	14.7
Ha Noi	2021-08-27	61	30.2	24.4	26.8	8.8	18.0	38599.17	9.5
Ha Noi	2021-08-28	53	29.6	24.6	26.3	6.0	18.0	30324.68	12.8
Ha Noi	2021-08-29	53	30.9	24.3	27.0	2.8	12.0	41018.96	13.3
Ha Noi	2021-08-30	51	31.4	25.1	27.6	1.5	9.0	42220.84	11.7
Ha Noi	2021-08-31	53	31.4	25.2	27.9	1.9	9.0	39347.74	11.8
Ha Noi	2021-09-01	61	31.5	25.4	28.1	3.7	8.0	38381.14	11.7
Ha Noi	2021-09-02	61	30.1	25.1	27.0	11.7	19.0	19682.34	8.2
Ha Noi	2021-09-03	61	31.0	24.8	27.7	7.3	12.0	42888.57	12.5
Ha Noi	2021-09-04	63	31.0	25.0	27.7	10.3	20.0	42545.39	12.4
Ha Noi	2021-09-05	61	30.0	24.4	26.8	10.8	16.0	36876.67	14.2
Ha Noi	2021-09-06	53	31.2	25.1	27.9	2.7	13.0	38845.6	8.3
Ha Noi	2021-09-07	63	29.9	25.8	27.4	16.2	16.0	23377.06	15.8
Ha Noi	2021-09-08	63	29.2	24.6	26.5	19.5	19.0	29861.74	18.4
Ha Noi	2021-09-09	55	30.3	24.3	26.7	7.6	16.0	31926.26	11.1
Ha Noi	2021-09-10	3	32.8	24.3	28.4	0.0	0.0	43200.0	11.5
Ha Noi	2021-09-11	3	33.4	26.1	29.6	0.0	0.0	43185.17	8.2
Ha Noi	2021-09-12	51	34.3	26.7	30.5	0.1	1.0	43127.82	9.7
Ha Noi	2021-09-13	63	31.5	26.5	28.8	8.0	6.0	24314.53	12.4
Ha Noi	2021-09-14	63	29.1	25.2	26.7	33.1	20.0	3386.66	10.1
Ha Noi	2021-09-15	63	29.8	25.0	26.7	14.3	18.0	11760.28	8.9
Ha Noi	2021-09-16	61	29.8	25.2	26.9	4.4	11.0	10746.29	13.8
Ha Noi	2021-09-17	53	31.5	25.4	27.8	0.9	4.0	28981.47	13.9
Ha Noi	2021-09-18	51	31.4	25.9	28.4	0.9	5.0	41955.09	16.0
Ha Noi	2021-09-19	3	32.6	25.6	28.7	0.0	0.0	42091.9	12.7
Ha Noi	2021-09-20	61	31.1	25.6	27.8	3.8	8.0	37425.56	10.5
Ha Noi	2021-09-21	61	31.1	25.2	27.8	4.4	11.0	40300.5	11.2
Ha Noi	2021-09-22	51	27.8	24.9	26.2	2.4	14.0	17221.7	11.2
Ha Noi	2021-09-23	61	29.4	24.8	26.8	10.9	16.0	32382.27	11.3
Ha Noi	2021-09-24	63	28.6	24.7	26.0	26.1	20.0	9776.19	15.1
Ha Noi	2021-09-25	63	29.0	24.0	25.8	28.2	22.0	17109.32	12.9
Ha Noi	2021-09-26	63	29.9	24.1	26.1	16.6	21.0	25093.68	13.0
Ha Noi	2021-09-27	61	29.5	24.2	26.2	10.0	18.0	29320.89	6.4
Ha Noi	2021-09-28	3	31.7	24.1	27.7	0.0	0.0	38039.66	12.4
Ha Noi	2021-09-29	51	32.1	24.5	28.3	0.1	1.0	40293.21	12.5
Ha Noi	2021-09-30	51	32.4	25.4	28.7	0.1	1.0	40321.91	12.0
Ha Noi	2021-10-01	61	31.8	25.6	28.3	2.6	6.0	35153.32	12.7
Ha Noi	2021-10-02	51	31.1	25.3	27.8	0.2	2.0	34269.79	13.0
Ha Noi	2021-10-03	3	30.6	24.2	27.3	0.0	0.0	33722.67	11.1
Ha Noi	2021-10-04	51	30.8	24.4	27.2	1.2	7.0	39445.66	13.2
Ha Noi	2021-10-05	63	31.3	24.8	27.1	8.1	14.0	34683.1	12.6
Ha Noi	2021-10-06	55	31.8	24.4	27.5	1.6	4.0	39600.0	6.9
Ha Noi	2021-10-07	53	32.4	25.5	28.6	1.2	3.0	39008.44	14.5
Ha Noi	2021-10-08	3	32.7	26.3	28.8	0.0	0.0	39806.35	21.6
Ha Noi	2021-10-09	63	27.9	23.2	25.6	19.7	14.0	2125.91	17.7
Ha Noi	2021-10-10	65	24.4	23.1	23.7	122.5	24.0	0.0	25.0
Ha Noi	2021-10-11	65	23.5	22.2	22.7	68.5	19.0	0.0	25.1
Ha Noi	2021-10-12	3	28.4	21.7	24.4	0.0	0.0	39664.36	25.8
Ha Noi	2021-10-13	65	26.2	22.1	23.4	31.8	11.0	13082.95	25.8
Ha Noi	2021-10-14	63	22.5	20.9	21.4	36.0	24.0	0.0	29.1
Ha Noi	2021-10-15	63	23.8	21.0	21.6	12.8	21.0	0.0	21.6
Ha Noi	2021-10-16	53	23.4	19.9	21.3	3.3	11.0	480.97	28.1
Ha Noi	2021-10-17	51	23.7	19.6	21.3	0.2	1.0	16864.08	25.2
Ha Noi	2021-10-18	61	20.7	17.9	19.2	7.8	20.0	0.0	15.9
Ha Noi	2021-10-19	65	25.8	19.8	21.7	16.3	6.0	8269.01	10.7
Ha Noi	2021-10-20	3	30.7	20.6	25.6	0.0	0.0	35824.72	18.0
Ha Noi	2021-10-21	65	24.7	20.2	22.2	29.1	14.0	7200.0	31.4
Ha Noi	2021-10-22	51	20.7	18.9	19.8	0.1	1.0	676.04	17.2
Ha Noi	2021-10-23	3	23.3	17.9	19.8	0.0	0.0	32610.99	16.3
Ha Noi	2021-10-24	3	24.3	17.0	20.3	0.0	0.0	38207.96	15.2
Ha Noi	2021-10-25	1	25.9	17.5	21.3	0.0	0.0	39600.0	13.1
Ha Noi	2021-10-26	3	26.5	17.1	22.1	0.0	0.0	34125.09	7.6
Ha Noi	2021-10-27	3	27.8	19.3	23.4	0.0	0.0	39578.39	14.0
Ha Noi	2021-10-28	63	23.4	20.8	22.3	12.9	13.0	0.0	12.7
Ha Noi	2021-10-29	63	22.7	20.8	21.6	47.2	22.0	0.0	15.1
Ha Noi	2021-10-30	63	21.0	19.7	20.3	18.5	16.0	0.0	15.9
Ha Noi	2021-10-31	61	23.4	19.6	21.1	10.3	14.0	0.0	11.8
Ha Noi	2021-11-01	63	24.9	20.3	22.1	9.3	12.0	239.08	13.0
Ha Noi	2021-11-02	61	25.0	20.7	22.0	5.7	12.0	1330.19	12.8
Ha Noi	2021-11-03	51	27.4	20.3	23.3	0.4	3.0	30488.22	10.0
Ha Noi	2021-11-04	51	29.5	21.6	25.1	0.3	3.0	30767.76	15.5
Ha Noi	2021-11-05	3	30.2	23.3	26.1	0.0	0.0	32907.17	18.8
Ha Noi	2021-11-06	51	30.5	23.2	26.1	0.2	2.0	34746.6	16.5
Ha Noi	2021-11-07	63	29.9	23.3	25.4	15.2	14.0	25200.0	29.1
Ha Noi	2021-11-08	63	22.3	15.5	17.9	6.9	7.0	292.01	32.8
Ha Noi	2021-11-09	3	21.5	14.5	18.1	0.0	0.0	39180.85	12.1
Ha Noi	2021-11-10	3	21.8	14.3	18.6	0.0	0.0	38886.33	15.0
Ha Noi	2021-11-11	3	23.4	15.0	19.2	0.0	0.0	38911.6	9.6
Ha Noi	2021-11-12	3	24.0	17.3	20.8	0.0	0.0	24409.3	17.3
Ha Noi	2021-11-13	3	23.7	17.5	20.2	0.0	0.0	29561.94	15.5
Ha Noi	2021-11-14	3	24.0	16.3	19.9	0.0	0.0	38196.2	12.4
Ha Noi	2021-11-15	3	25.3	16.3	20.9	0.0	0.0	20614.66	10.8
Ha Noi	2021-11-16	51	22.4	18.6	20.7	1.2	4.0	0.0	6.7
Ha Noi	2021-11-17	51	23.3	19.6	21.1	0.2	2.0	2573.33	20.5
Ha Noi	2021-11-18	3	22.5	17.5	19.7	0.0	0.0	20486.39	13.8
Ha Noi	2021-11-19	51	24.3	16.0	20.7	0.4	3.0	14859.47	15.3
Ha Noi	2021-11-20	51	28.6	20.9	23.6	0.8	7.0	14782.22	17.9
Ha Noi	2021-11-21	61	29.1	21.9	24.8	7.1	17.0	31225.67	18.7
Ha Noi	2021-11-22	53	21.7	16.9	19.2	0.8	4.0	1856.46	24.9
Ha Noi	2021-11-23	3	18.7	15.2	16.9	0.0	0.0	21864.45	17.4
Ha Noi	2021-11-24	61	20.0	15.6	17.4	1.9	2.0	20820.11	15.0
Ha Noi	2021-11-25	51	22.8	13.7	17.8	0.2	1.0	30211.66	11.3
Ha Noi	2021-11-26	3	24.2	14.9	19.4	0.0	0.0	37144.14	11.2
Ha Noi	2021-11-27	3	24.6	17.2	20.4	0.0	0.0	37436.11	12.0
Ha Noi	2021-11-28	3	24.4	15.7	19.3	0.0	0.0	37189.4	11.2
Ha Noi	2021-11-29	3	25.5	16.4	20.8	0.0	0.0	32038.25	10.1
Ha Noi	2021-11-30	3	24.7	17.6	20.9	0.0	0.0	33272.95	21.8
Ha Noi	2021-12-01	3	21.8	14.9	17.8	0.0	0.0	37257.75	14.7
Ha Noi	2021-12-02	3	21.7	12.3	16.3	0.0	0.0	37280.48	13.7
Ha Noi	2021-12-03	3	22.4	11.6	16.4	0.0	0.0	37031.75	12.8
Ha Noi	2021-12-04	3	23.1	11.4	16.8	0.0	0.0	37053.87	10.9
Ha Noi	2021-12-05	0	23.4	12.0	17.3	0.0	0.0	36803.97	11.4
Ha Noi	2021-12-06	0	23.6	12.2	17.3	0.0	0.0	36825.35	11.0
Ha Noi	2021-12-07	0	23.5	10.8	16.9	0.0	0.0	36846.42	9.4
Ha Noi	2021-12-08	51	24.0	11.6	18.3	0.3	2.0	32994.64	9.1
Ha Noi	2021-12-09	53	21.4	17.4	19.2	1.4	5.0	0.0	11.5
Ha Noi	2021-12-10	3	25.6	16.9	20.5	0.0	0.0	16201.95	15.8
Ha Noi	2021-12-11	51	25.6	16.5	20.4	0.1	1.0	24744.79	9.4
Ha Noi	2021-12-12	51	25.5	16.2	19.9	0.1	1.0	30548.08	24.9
Ha Noi	2021-12-13	3	21.1	14.3	18.0	0.0	0.0	28401.46	17.3
Ha Noi	2021-12-14	3	22.9	11.7	17.5	0.0	0.0	29982.56	9.4
Ha Noi	2021-12-15	51	23.2	14.6	18.2	0.2	2.0	5619.57	9.0
Ha Noi	2021-12-16	51	23.4	18.5	20.1	1.0	5.0	8787.53	10.5
Ha Noi	2021-12-17	51	25.5	17.0	21.0	0.3	3.0	36000.0	20.6
Ha Noi	2021-12-18	3	21.8	15.0	18.2	0.0	0.0	30162.38	18.2
Ha Noi	2021-12-19	3	20.8	12.9	17.1	0.0	0.0	25200.0	17.2
Ha Noi	2021-12-20	3	23.1	14.7	18.6	0.0	0.0	18783.71	14.6
Ha Noi	2021-12-21	3	23.8	15.3	19.0	0.0	0.0	29972.11	13.1
Ha Noi	2021-12-22	2	25.1	12.8	18.6	0.0	0.0	36000.0	11.8
Ha Noi	2021-12-23	3	25.6	13.7	19.0	0.0	0.0	35877.15	14.3
Ha Noi	2021-12-24	51	23.7	15.5	19.4	0.3	3.0	8040.25	10.3
Ha Noi	2021-12-25	55	25.1	17.6	20.4	3.3	8.0	26033.07	14.4
Ha Noi	2021-12-26	53	21.5	13.9	17.9	1.8	4.0	0.0	25.1
Ha Noi	2021-12-27	51	13.8	9.9	12.1	0.2	2.0	436.45	18.8
Ha Noi	2021-12-28	3	16.0	11.0	13.5	0.0	0.0	10631.3	10.2
Ha Noi	2021-12-29	51	16.2	14.4	15.2	0.1	1.0	0.0	11.5
Ha Noi	2021-12-30	51	18.8	13.5	15.8	0.2	2.0	1397.27	14.0
Ha Noi	2021-12-31	51	18.2	13.8	16.0	0.1	1.0	0.0	11.4
Ha Noi	2022-01-01	3	20.9	14.1	17.0	0.0	0.0	7253.28	14.8
Ha Noi	2022-01-02	3	22.3	15.0	17.3	0.0	0.0	27493.35	13.2
Ha Noi	2022-01-03	3	22.3	12.3	17.8	0.0	0.0	16121.61	8.7
Ha Noi	2022-01-04	51	23.3	13.4	18.2	0.1	1.0	15940.41	15.3
Ha Noi	2022-01-05	51	24.1	17.2	19.9	0.4	2.0	6223.7	9.7
Ha Noi	2022-01-06	53	24.9	17.2	20.4	1.0	6.0	28511.9	13.4
Ha Noi	2022-01-07	51	24.9	17.0	20.1	1.2	6.0	25874.66	21.7
Ha Noi	2022-01-08	51	22.9	16.8	19.5	1.3	9.0	1696.97	15.0
Ha Noi	2022-01-09	53	16.9	13.9	14.9	4.3	13.0	0.0	16.1
Ha Noi	2022-01-10	51	19.2	14.2	16.1	1.1	7.0	0.0	18.7
Ha Noi	2022-01-11	51	18.8	12.9	15.8	0.5	3.0	13127.69	16.3
Ha Noi	2022-01-12	3	20.5	10.9	16.2	0.0	0.0	11362.27	10.6
Ha Noi	2022-01-13	51	17.0	14.9	15.8	1.5	11.0	0.0	14.3
Ha Noi	2022-01-14	3	21.7	14.7	17.3	0.0	0.0	3827.81	13.8
Ha Noi	2022-01-15	51	22.9	14.2	18.8	0.2	2.0	12.66	11.5
Ha Noi	2022-01-16	53	25.6	15.8	19.8	3.0	13.0	26869.98	24.8
Ha Noi	2022-01-17	53	15.6	13.4	14.4	5.1	14.0	0.0	17.3
Ha Noi	2022-01-18	3	20.8	14.0	16.5	0.0	0.0	29936.35	14.2
Ha Noi	2022-01-19	3	21.1	11.3	15.9	0.0	0.0	36569.95	13.4
Ha Noi	2022-01-20	55	20.3	12.1	16.3	2.2	6.0	5155.35	10.8
Ha Noi	2022-01-21	61	19.2	15.8	17.2	12.1	21.0	0.0	9.2
Ha Noi	2022-01-22	55	22.3	17.1	19.0	3.6	9.0	4236.55	7.3
Ha Noi	2022-01-23	51	24.7	18.2	20.7	0.5	3.0	9987.68	13.1
Ha Noi	2022-01-24	51	26.1	18.9	21.7	1.8	11.0	21312.57	16.8
Ha Noi	2022-01-25	53	24.6	18.9	20.8	1.7	9.0	18239.14	19.1
Ha Noi	2022-01-26	51	25.2	18.5	21.0	0.6	5.0	18226.58	18.4
Ha Noi	2022-01-27	53	26.4	19.5	21.8	2.7	11.0	24207.58	23.0
Ha Noi	2022-01-28	51	26.7	19.6	22.0	0.4	4.0	31919.33	23.1
Ha Noi	2022-01-29	63	20.0	13.0	16.1	17.4	12.0	3600.0	23.0
Ha Noi	2022-01-30	51	13.9	11.7	12.6	0.8	8.0	0.0	15.9
Ha Noi	2022-01-31	61	14.5	10.9	12.1	4.1	11.0	3600.0	19.0
Ha Noi	2022-02-01	3	14.3	11.1	12.3	0.0	0.0	517.4	12.0
Ha Noi	2022-02-02	53	13.2	10.8	11.8	2.2	12.0	0.0	15.1
Ha Noi	2022-02-03	3	15.9	10.7	12.6	0.0	0.0	17288.92	12.0
Ha Noi	2022-02-04	3	16.6	9.9	13.3	0.0	0.0	17363.3	15.3
Ha Noi	2022-02-05	63	17.1	12.5	14.2	6.6	5.0	2542.48	14.3
Ha Noi	2022-02-06	63	16.0	12.3	13.9	11.0	15.0	0.0	6.8
Ha Noi	2022-02-07	51	21.9	14.3	17.5	0.7	3.0	11115.55	8.9
Ha Noi	2022-02-08	51	18.7	14.3	16.5	4.4	22.0	0.0	14.0
Ha Noi	2022-02-09	53	14.8	12.1	13.2	3.6	14.0	0.0	14.1
Ha Noi	2022-02-10	51	18.5	12.1	14.8	1.0	9.0	883.89	8.7
Ha Noi	2022-02-11	51	21.1	14.8	17.5	1.1	11.0	217.82	8.3
Ha Noi	2022-02-12	53	17.5	14.5	16.1	4.0	18.0	0.0	11.5
Ha Noi	2022-02-13	61	14.4	12.6	13.5	11.6	20.0	0.0	19.2
Ha Noi	2022-02-14	51	20.1	11.9	15.4	0.2	2.0	31376.14	14.1
Ha Noi	2022-02-15	51	18.5	11.9	15.7	0.5	4.0	0.0	8.7
Ha Noi	2022-02-16	51	19.1	15.3	17.1	0.5	3.0	0.0	7.9
Ha Noi	2022-02-17	3	23.7	17.2	20.2	0.0	0.0	716.44	13.4
Ha Noi	2022-02-18	65	24.9	19.1	21.8	26.0	19.0	1190.4	15.8
Ha Noi	2022-02-19	63	17.5	10.1	12.2	21.3	22.0	0.0	22.9
Ha Noi	2022-02-20	63	10.0	7.8	8.4	23.3	22.0	0.0	19.7
Ha Noi	2022-02-21	3	14.0	6.8	10.2	0.0	0.0	9913.81	16.5
Ha Noi	2022-02-22	3	14.3	9.5	11.3	0.0	0.0	6942.9	17.7
Ha Noi	2022-02-23	3	17.2	8.1	12.2	0.0	0.0	39483.19	17.9
Ha Noi	2022-02-24	3	17.8	7.4	12.4	0.0	0.0	36302.36	13.0
Ha Noi	2022-02-25	3	19.2	8.2	13.5	0.0	0.0	36514.68	10.1
Ha Noi	2022-02-26	3	21.8	9.4	16.0	0.0	0.0	29243.33	8.2
Ha Noi	2022-02-27	3	22.9	13.5	17.8	0.0	0.0	36755.17	15.0
Ha Noi	2022-02-28	3	23.6	12.7	18.2	0.0	0.0	9520.1	14.5
Ha Noi	2022-03-01	51	23.0	16.7	19.9	0.6	6.0	180.82	8.8
Ha Noi	2022-03-02	51	25.8	18.4	21.3	0.2	2.0	36526.58	12.5
Ha Noi	2022-03-03	3	25.8	16.3	20.9	0.0	0.0	20619.5	16.9
Ha Noi	2022-03-04	51	25.0	18.9	21.5	0.2	2.0	0.0	16.5
Ha Noi	2022-03-05	51	24.6	20.2	21.9	0.3	3.0	0.0	17.4
Ha Noi	2022-03-06	51	25.9	20.0	22.3	1.9	10.0	0.0	14.8
Ha Noi	2022-03-07	63	25.4	17.3	21.1	13.4	10.0	26983.8	28.3
Ha Noi	2022-03-08	3	24.6	13.6	18.9	0.0	0.0	40469.3	18.1
Ha Noi	2022-03-09	51	23.2	15.0	18.9	0.2	2.0	308.64	16.6
Ha Noi	2022-03-10	51	23.3	18.6	20.5	0.1	1.0	0.0	15.2
Ha Noi	2022-03-11	3	25.2	18.7	21.5	0.0	0.0	5501.72	13.5
Ha Noi	2022-03-12	51	25.9	18.6	22.0	0.1	1.0	2270.75	16.3
Ha Noi	2022-03-13	51	25.2	19.5	22.2	0.5	4.0	3178.06	16.4
Ha Noi	2022-03-14	51	25.6	19.3	22.2	0.3	3.0	31.75	15.3
Ha Noi	2022-03-15	51	27.3	20.3	23.9	0.1	1.0	14356.76	12.0
Ha Noi	2022-03-16	63	25.8	21.1	22.7	13.0	7.0	5098.5	21.3
Ha Noi	2022-03-17	51	28.6	20.7	23.8	0.3	3.0	15733.32	15.0
Ha Noi	2022-03-18	3	28.4	21.4	24.2	0.0	0.0	16507.28	13.4
Ha Noi	2022-03-19	51	27.3	21.6	23.7	0.6	6.0	7765.58	16.8
Ha Noi	2022-03-20	51	30.3	22.6	25.4	0.2	2.0	22124.86	21.0
Ha Noi	2022-03-21	51	30.6	22.5	26.0	0.5	3.0	17891.22	19.7
Ha Noi	2022-03-22	65	31.7	23.2	26.9	26.6	10.0	31748.76	15.1
Ha Noi	2022-03-23	63	24.5	16.4	18.3	19.7	21.0	0.0	24.0
Ha Noi	2022-03-24	51	23.7	16.2	19.2	0.5	3.0	0.0	16.3
Ha Noi	2022-03-25	3	30.3	18.5	23.8	0.0	0.0	37381.13	16.4
Ha Noi	2022-03-26	3	31.7	20.8	26.1	0.0	0.0	31509.18	16.9
Ha Noi	2022-03-27	51	24.6	20.3	21.6	1.5	7.0	0.0	23.6
Ha Noi	2022-03-28	63	23.8	17.1	20.1	6.3	2.0	27393.13	12.0
Ha Noi	2022-03-29	3	23.6	16.6	20.3	0.0	0.0	2973.05	11.1
Ha Noi	2022-03-30	53	25.8	20.7	22.5	2.2	10.0	0.0	14.8
Ha Noi	2022-03-31	61	28.6	20.4	23.8	6.1	11.0	9750.46	25.9
Ha Noi	2022-04-01	61	20.9	16.7	19.1	7.2	13.0	0.0	21.8
Ha Noi	2022-04-02	51	19.9	15.3	17.6	0.2	1.0	3059.52	27.7
Ha Noi	2022-04-03	3	23.4	12.8	18.1	0.0	0.0	42148.33	13.8
Ha Noi	2022-04-04	3	25.1	13.1	18.8	0.0	0.0	41812.76	15.3
Ha Noi	2022-04-05	3	25.7	14.7	20.0	0.0	0.0	41864.67	11.5
Ha Noi	2022-04-06	3	28.6	15.2	21.7	0.0	0.0	36894.63	8.1
Ha Noi	2022-04-07	3	29.6	17.8	23.2	0.0	0.0	39137.12	15.3
Ha Noi	2022-04-08	0	28.8	16.5	22.7	0.0	0.0	43200.0	13.6
Ha Noi	2022-04-09	0	28.5	17.4	22.4	0.0	0.0	42771.98	17.6
Ha Noi	2022-04-10	3	28.3	18.4	23.1	0.0	0.0	35940.88	17.2
Ha Noi	2022-04-11	51	27.6	19.8	23.4	0.3	3.0	4143.97	14.8
Ha Noi	2022-04-12	51	29.4	21.1	24.4	0.7	5.0	14173.14	19.1
Ha Noi	2022-04-13	3	30.8	21.7	25.7	0.0	0.0	36564.64	14.0
Ha Noi	2022-04-14	3	30.3	21.7	25.7	0.0	0.0	30798.27	17.3
Ha Noi	2022-04-15	51	28.4	23.8	25.6	2.3	9.0	0.0	20.8
Ha Noi	2022-04-16	63	27.6	19.3	23.0	12.4	14.0	3693.77	25.0
Ha Noi	2022-04-17	53	20.2	17.1	18.6	3.8	17.0	0.0	13.4
Ha Noi	2022-04-18	53	20.6	16.6	18.3	1.8	9.0	0.0	19.5
Ha Noi	2022-04-19	3	24.6	16.6	20.3	0.0	0.0	22083.7	12.6
Ha Noi	2022-04-20	3	24.8	17.3	20.6	0.0	0.0	23561.86	8.7
Ha Noi	2022-04-21	51	26.5	17.5	22.1	0.5	3.0	23543.81	13.3
Ha Noi	2022-04-22	51	29.6	20.9	24.9	0.8	7.0	31224.24	20.7
Ha Noi	2022-04-23	51	30.9	23.0	26.2	0.3	3.0	21082.97	16.5
Ha Noi	2022-04-24	51	32.8	23.4	27.3	0.1	1.0	32092.97	19.9
Ha Noi	2022-04-25	3	34.1	24.4	28.6	0.0	0.0	43200.0	18.4
Ha Noi	2022-04-26	3	34.4	24.5	28.9	0.0	0.0	43200.0	17.5
Ha Noi	2022-04-27	51	33.8	24.6	28.2	0.3	3.0	33243.5	20.3
Ha Noi	2022-04-28	51	32.5	25.0	28.0	0.5	4.0	22314.64	22.1
Ha Noi	2022-04-29	53	31.6	24.1	27.5	1.5	6.0	26613.66	21.2
Ha Noi	2022-04-30	63	31.3	24.6	27.7	8.9	11.0	36000.0	16.9
Ha Noi	2022-05-01	63	23.0	19.3	21.3	6.0	8.0	14400.0	24.0
Ha Noi	2022-05-02	3	26.9	18.7	22.2	0.0	0.0	43107.64	18.4
Ha Noi	2022-05-03	3	27.9	17.8	22.8	0.0	0.0	43200.0	13.0
Ha Noi	2022-05-04	3	28.9	17.4	23.5	0.0	0.0	43200.0	15.8
Ha Noi	2022-05-05	3	29.2	18.6	23.9	0.0	0.0	41131.94	14.9
Ha Noi	2022-05-06	51	28.9	20.3	24.6	0.3	1.0	24983.8	6.9
Ha Noi	2022-05-07	51	30.4	22.7	25.7	1.1	8.0	28593.11	16.1
Ha Noi	2022-05-08	55	30.5	23.5	25.9	2.7	12.0	33827.74	18.9
Ha Noi	2022-05-09	61	30.1	23.5	26.3	8.3	17.0	18056.27	18.3
Ha Noi	2022-05-10	65	30.5	24.8	26.6	24.5	12.0	16611.23	16.1
Ha Noi	2022-05-11	63	32.0	24.3	27.7	8.2	12.0	26636.98	16.7
Ha Noi	2022-05-12	65	29.9	24.9	26.8	16.6	10.0	19698.99	12.6
Ha Noi	2022-05-13	65	30.7	24.6	26.8	32.5	16.0	28541.56	18.3
Ha Noi	2022-05-14	55	29.5	22.6	25.8	2.9	6.0	16956.35	11.7
Ha Noi	2022-05-15	63	26.6	22.6	24.8	7.5	6.0	0.0	22.9
Ha Noi	2022-05-16	51	23.5	20.6	21.6	1.3	5.0	13246.07	19.8
Ha Noi	2022-05-17	3	26.4	20.0	23.1	0.0	0.0	38228.31	12.0
Ha Noi	2022-05-18	3	27.9	19.7	23.9	0.0	0.0	33578.99	14.1
Ha Noi	2022-05-19	51	29.9	20.9	25.4	0.3	3.0	31353.61	14.8
Ha Noi	2022-05-20	63	30.3	22.8	25.9	5.6	7.0	28425.33	13.0
Ha Noi	2022-05-21	61	26.9	23.8	24.8	8.6	14.0	6569.94	13.5
Ha Noi	2022-05-22	63	27.8	23.4	25.1	24.1	20.0	6210.08	18.3
Ha Noi	2022-05-23	65	29.0	23.7	25.5	35.5	24.0	5067.34	18.6
Ha Noi	2022-05-24	63	27.6	22.6	24.8	25.0	21.0	0.0	8.7
Ha Noi	2022-05-25	63	30.9	23.8	26.8	8.2	8.0	27298.89	15.0
Ha Noi	2022-05-26	61	30.8	24.7	27.6	3.5	9.0	23336.88	11.5
Ha Noi	2022-05-27	65	30.6	24.2	26.8	24.5	16.0	4784.58	12.7
Ha Noi	2022-05-28	65	31.2	24.6	27.1	34.1	16.0	10904.87	13.0
Ha Noi	2022-05-29	63	31.6	25.4	28.0	9.2	9.0	27169.54	10.9
Ha Noi	2022-05-30	63	31.3	24.9	27.3	22.7	13.0	20597.41	10.8
Ha Noi	2022-05-31	61	29.6	24.4	26.5	4.4	13.0	12315.57	14.4
Ha Noi	2022-06-01	51	31.7	25.1	28.1	0.8	6.0	37739.47	16.8
Ha Noi	2022-06-02	63	33.3	26.6	29.2	5.6	2.0	20037.9	18.0
Ha Noi	2022-06-03	51	34.0	27.1	30.4	0.1	1.0	30573.65	16.0
Ha Noi	2022-06-04	51	35.5	27.5	31.1	0.1	1.0	39885.85	16.5
Ha Noi	2022-06-05	51	34.9	27.5	30.4	0.4	1.0	31526.07	14.1
Ha Noi	2022-06-06	53	29.6	25.5	27.5	3.1	16.0	11716.87	15.1
Ha Noi	2022-06-07	63	29.9	24.6	26.8	16.5	13.0	16823.82	11.9
Ha Noi	2022-06-08	65	31.5	24.9	27.3	21.3	11.0	29097.75	8.3
Ha Noi	2022-06-09	65	32.0	25.2	27.4	13.6	10.0	24335.33	13.2
Ha Noi	2022-06-10	63	32.9	25.9	29.3	9.6	5.0	23009.04	10.8
Ha Noi	2022-06-11	63	28.7	25.1	26.8	21.6	21.0	0.0	14.0
Ha Noi	2022-06-12	53	33.2	26.5	29.7	1.3	5.0	6462.18	14.5
Ha Noi	2022-06-13	65	34.0	26.3	29.9	55.0	8.0	27248.25	14.2
Ha Noi	2022-06-14	63	29.4	25.0	26.6	18.9	16.0	10311.94	11.2
Ha Noi	2022-06-15	55	30.6	25.1	27.1	5.4	12.0	19318.11	11.1
Ha Noi	2022-06-16	65	32.7	25.7	28.5	18.2	12.0	29665.63	16.2
Ha Noi	2022-06-17	3	34.3	26.6	30.5	0.0	0.0	42917.03	16.2
Ha Noi	2022-06-18	3	34.9	27.9	31.2	0.0	0.0	43064.6	18.0
Ha Noi	2022-06-19	3	35.3	27.6	31.3	0.0	0.0	43594.63	15.5
Ha Noi	2022-06-20	3	36.0	28.1	31.8	0.0	0.0	41926.43	18.2
Ha Noi	2022-06-21	3	35.8	28.0	31.8	0.0	0.0	41675.67	17.4
Ha Noi	2022-06-22	63	34.8	27.0	31.0	10.1	3.0	40179.2	19.1
Ha Noi	2022-06-23	65	33.3	24.2	28.6	27.9	12.0	43352.31	15.7
Ha Noi	2022-06-24	51	33.2	26.2	29.8	0.6	4.0	43898.67	14.9
Ha Noi	2022-06-25	3	33.4	25.7	29.6	0.0	0.0	44669.29	18.6
Ha Noi	2022-06-26	51	33.9	26.6	30.0	0.8	4.0	44671.74	16.7
Ha Noi	2022-06-27	3	35.8	27.7	31.5	0.0	0.0	43866.87	16.5
Ha Noi	2022-06-28	51	35.7	27.8	31.7	0.3	1.0	39891.95	14.7
Ha Noi	2022-06-29	63	31.8	27.6	29.1	5.2	8.0	7198.7	11.5
Ha Noi	2022-06-30	63	31.3	25.1	27.4	22.3	19.0	20037.78	9.5
Ha Noi	2022-07-01	63	31.9	24.7	27.9	5.2	8.0	35346.05	14.6
Ha Noi	2022-07-02	65	32.9	26.8	29.3	25.8	9.0	31629.01	19.5
Ha Noi	2022-07-03	63	34.9	26.4	30.0	22.6	9.0	38775.25	16.2
Ha Noi	2022-07-04	65	35.5	27.3	30.3	15.6	4.0	36000.0	15.0
Ha Noi	2022-07-05	65	34.3	26.8	29.5	30.9	8.0	26525.08	12.1
Ha Noi	2022-07-06	63	30.8	27.0	28.4	12.5	14.0	20245.16	12.6
Ha Noi	2022-07-07	65	29.1	25.8	27.5	18.3	15.0	6921.17	12.6
Ha Noi	2022-07-08	61	29.8	25.0	27.2	10.4	17.0	6799.12	9.5
Ha Noi	2022-07-09	65	30.4	24.6	27.3	14.6	16.0	24417.64	13.8
Ha Noi	2022-07-10	63	31.8	24.8	27.8	6.7	11.0	39631.1	9.0
Ha Noi	2022-07-11	63	31.5	24.6	28.3	16.6	16.0	36565.93	14.0
Ha Noi	2022-07-12	63	31.6	25.0	28.1	8.4	16.0	31517.24	13.9
Ha Noi	2022-07-13	53	30.0	25.3	27.7	5.6	16.0	30533.13	10.5
Ha Noi	2022-07-14	61	30.8	25.3	27.6	4.5	10.0	26276.95	12.1
Ha Noi	2022-07-15	53	32.3	24.9	28.4	1.8	9.0	39487.62	10.9
Ha Noi	2022-07-16	51	34.2	26.1	30.0	0.5	5.0	43772.94	17.5
Ha Noi	2022-07-17	51	35.5	27.7	31.4	0.2	2.0	43418.31	17.7
Ha Noi	2022-07-18	65	36.9	27.8	31.7	22.5	4.0	41171.54	17.7
Ha Noi	2022-07-19	51	35.2	26.8	30.1	0.1	1.0	43200.0	17.7
Ha Noi	2022-07-20	63	31.9	25.5	28.4	13.0	16.0	36978.66	17.5
Ha Noi	2022-07-21	63	30.3	24.8	27.2	23.2	23.0	37187.26	20.1
Ha Noi	2022-07-22	63	31.0	24.1	26.8	7.5	16.0	31353.86	15.5
Ha Noi	2022-07-23	53	32.5	24.5	28.2	1.2	4.0	43720.47	13.9
Ha Noi	2022-07-24	1	33.4	25.8	29.5	0.0	0.0	43904.25	13.8
Ha Noi	2022-07-25	0	33.9	25.5	29.5	0.0	0.0	44184.76	16.2
Ha Noi	2022-07-26	1	33.9	25.5	29.3	0.0	0.0	43942.13	17.7
Ha Noi	2022-07-27	3	34.1	25.5	29.4	0.0	0.0	43756.71	16.8
Ha Noi	2022-07-28	3	35.0	25.9	29.8	0.0	0.0	43506.39	14.8
Ha Noi	2022-07-29	51	34.5	25.6	29.8	0.1	1.0	38002.81	11.5
Ha Noi	2022-07-30	63	31.5	26.7	28.0	27.0	12.0	27911.74	10.1
Ha Noi	2022-07-31	65	32.0	24.3	27.7	19.6	11.0	24838.62	18.2
Ha Noi	2022-08-01	63	32.0	24.6	27.9	14.6	10.0	43069.51	14.8
Ha Noi	2022-08-02	53	32.7	26.0	28.9	0.9	5.0	43200.0	13.2
Ha Noi	2022-08-03	51	33.3	25.7	29.7	0.3	3.0	43200.0	12.2
Ha Noi	2022-08-04	61	33.6	26.9	29.8	3.0	6.0	36012.8	10.5
Ha Noi	2022-08-05	63	29.4	25.5	27.3	17.6	21.0	10250.08	10.0
Ha Noi	2022-08-06	63	29.7	24.7	26.0	33.2	24.0	10669.25	12.5
Ha Noi	2022-08-07	61	28.8	24.3	26.3	13.4	20.0	1100.24	12.1
Ha Noi	2022-08-08	63	31.8	24.6	27.1	8.7	12.0	30354.39	14.8
Ha Noi	2022-08-09	63	32.0	24.2	27.3	12.6	9.0	32222.2	10.5
Ha Noi	2022-08-10	63	31.7	26.2	27.9	13.2	11.0	27142.44	14.6
Ha Noi	2022-08-11	65	27.0	25.2	25.9	71.8	23.0	816.98	20.0
Ha Noi	2022-08-12	63	26.5	23.9	25.1	40.3	21.0	0.0	15.2
Ha Noi	2022-08-13	53	30.5	24.0	26.9	4.2	15.0	39499.51	7.0
Ha Noi	2022-08-14	63	32.3	24.5	27.7	8.9	10.0	34117.67	13.5
Ha Noi	2022-08-15	55	31.7	25.3	28.2	2.1	7.0	36636.99	13.0
Ha Noi	2022-08-16	51	32.9	25.8	29.1	0.8	6.0	41120.53	12.6
Ha Noi	2022-08-17	63	32.3	26.1	28.7	7.3	10.0	37746.63	10.3
Ha Noi	2022-08-18	51	32.9	25.5	29.0	0.7	4.0	43200.0	14.3
Ha Noi	2022-08-19	63	32.9	26.7	29.2	5.7	11.0	36000.0	13.3
Ha Noi	2022-08-20	63	29.9	25.3	26.8	28.2	21.0	14851.14	13.6
Ha Noi	2022-08-21	63	29.4	24.3	26.5	17.3	22.0	27753.36	17.8
Ha Noi	2022-08-22	53	32.6	24.8	28.3	2.0	10.0	43200.0	12.8
Ha Noi	2022-08-23	53	32.4	26.2	29.1	2.8	8.0	40602.22	11.5
Ha Noi	2022-08-24	63	32.4	25.8	29.1	9.1	9.0	32777.88	10.5
Ha Noi	2022-08-25	65	31.2	27.1	28.2	69.1	13.0	7614.14	15.0
Ha Noi	2022-08-26	65	30.5	25.3	27.3	87.8	16.0	12332.5	19.7
Ha Noi	2022-08-27	63	33.0	24.0	28.4	12.1	5.0	37692.67	13.5
Ha Noi	2022-08-28	51	33.2	25.8	29.3	1.1	6.0	43200.0	15.6
Ha Noi	2022-08-29	51	33.0	26.3	29.3	0.8	6.0	43200.0	15.7
Ha Noi	2022-08-30	3	33.4	25.7	29.4	0.0	0.0	43200.0	11.9
Ha Noi	2022-08-31	51	33.2	25.8	29.5	0.1	1.0	31756.67	12.8
Ha Noi	2022-09-01	63	29.9	24.4	26.9	16.5	16.0	18414.9	21.3
Ha Noi	2022-09-02	61	32.6	25.3	28.5	2.9	6.0	39600.0	14.0
Ha Noi	2022-09-03	63	32.5	25.3	28.6	10.2	4.0	43200.0	13.7
Ha Noi	2022-09-04	65	31.8	24.8	27.5	30.7	14.0	33523.89	14.8
Ha Noi	2022-09-05	3	32.4	25.9	28.8	0.0	0.0	39608.38	13.8
Ha Noi	2022-09-06	3	33.6	24.2	28.6	0.0	0.0	43200.0	11.7
Ha Noi	2022-09-07	65	32.3	24.9	27.6	17.9	7.0	41673.64	10.0
Ha Noi	2022-09-08	63	26.4	23.8	25.0	34.6	24.0	946.45	14.8
Ha Noi	2022-09-09	65	27.5	23.4	25.2	29.8	22.0	0.0	9.3
Ha Noi	2022-09-10	65	30.4	23.2	26.6	18.6	16.0	35770.62	8.7
Ha Noi	2022-09-11	61	31.1	23.8	27.4	4.8	5.0	39140.18	10.5
Ha Noi	2022-09-12	63	30.9	23.9	26.7	7.4	4.0	30809.35	14.5
Ha Noi	2022-09-13	51	32.1	24.2	28.2	0.1	1.0	43080.56	7.5
Ha Noi	2022-09-14	3	31.6	24.7	28.4	0.0	0.0	35573.09	12.4
Ha Noi	2022-09-15	65	32.2	25.8	28.1	10.3	9.0	30475.78	9.9
Ha Noi	2022-09-16	65	29.5	25.2	26.6	29.5	14.0	14698.87	10.4
Ha Noi	2022-09-17	63	29.2	24.7	26.4	19.6	17.0	12975.95	10.1
Ha Noi	2022-09-18	51	32.2	24.7	28.3	0.4	3.0	39195.95	11.6
Ha Noi	2022-09-19	3	33.4	24.8	29.2	0.0	0.0	42740.07	12.8
Ha Noi	2022-09-20	51	33.4	25.2	28.9	0.3	1.0	41262.59	10.6
Ha Noi	2022-09-21	65	29.5	23.9	26.1	31.3	18.0	23043.79	13.0
Ha Noi	2022-09-22	65	27.7	23.2	24.9	27.7	19.0	12189.19	12.0
Ha Noi	2022-09-23	53	31.4	23.6	26.5	1.4	5.0	36425.46	14.8
Ha Noi	2022-09-24	63	29.8	24.3	26.0	12.0	13.0	29568.52	19.5
Ha Noi	2022-09-25	65	29.1	23.1	25.2	20.4	14.0	19077.92	11.4
Ha Noi	2022-09-26	51	31.3	23.8	27.0	0.3	3.0	40693.7	10.1
Ha Noi	2022-09-27	51	32.7	24.4	28.1	0.1	1.0	40229.49	12.9
Ha Noi	2022-09-28	63	28.5	24.2	25.8	20.8	15.0	0.0	20.7
Ha Noi	2022-09-29	63	28.0	23.4	25.0	25.4	20.0	3450.63	17.3
Ha Noi	2022-09-30	65	29.4	23.8	25.4	25.3	20.0	18832.51	15.9
Ha Noi	2022-10-01	63	25.4	23.6	24.4	45.2	24.0	0.0	9.7
Ha Noi	2022-10-02	63	28.1	23.6	25.4	17.4	16.0	9237.25	12.1
Ha Noi	2022-10-03	61	29.7	23.2	25.8	4.5	9.0	30206.62	9.4
Ha Noi	2022-10-04	61	30.6	23.6	26.5	4.3	10.0	34512.9	10.7
Ha Noi	2022-10-05	55	30.8	23.7	26.5	2.0	6.0	37869.0	11.2
Ha Noi	2022-10-06	51	30.6	23.8	27.0	0.6	5.0	36145.4	12.6
Ha Noi	2022-10-07	53	28.5	23.6	25.4	3.7	12.0	31244.8	14.5
Ha Noi	2022-10-08	63	27.7	22.5	25.0	7.7	6.0	29172.83	14.5
Ha Noi	2022-10-09	63	27.0	21.9	23.9	28.1	19.0	6112.2	24.3
Ha Noi	2022-10-10	3	23.9	19.8	21.9	0.0	0.0	7642.18	19.9
Ha Noi	2022-10-11	3	26.1	18.2	21.8	0.0	0.0	39629.13	13.7
Ha Noi	2022-10-12	2	27.2	18.0	22.5	0.0	0.0	39600.0	10.7
Ha Noi	2022-10-13	3	28.2	18.0	22.7	0.0	0.0	39600.0	13.1
Ha Noi	2022-10-14	3	28.5	18.6	23.1	0.0	0.0	39600.0	19.8
Ha Noi	2022-10-15	3	28.4	20.2	23.6	0.0	0.0	39600.0	18.3
Ha Noi	2022-10-16	3	29.9	19.4	23.9	0.0	0.0	39600.0	19.1
Ha Noi	2022-10-17	3	29.6	21.3	24.8	0.0	0.0	39600.0	22.7
Ha Noi	2022-10-18	3	28.1	21.1	24.1	0.0	0.0	39600.0	24.5
Ha Noi	2022-10-19	51	23.7	17.2	20.4	0.6	2.0	2158.6	15.1
Ha Noi	2022-10-20	63	19.1	17.1	18.3	14.0	20.0	0.0	14.9
Ha Noi	2022-10-21	61	22.8	18.6	20.4	8.6	14.0	0.0	13.0
Ha Noi	2022-10-22	3	29.7	20.4	24.6	0.0	0.0	36987.1	11.4
Ha Noi	2022-10-23	1	31.8	21.0	26.0	0.0	0.0	39600.0	12.1
Ha Noi	2022-10-24	51	30.9	20.9	25.9	0.3	2.0	39600.0	11.7
Ha Noi	2022-10-25	51	29.0	22.7	25.4	0.5	2.0	33092.78	12.0
Ha Noi	2022-10-26	51	28.6	21.6	25.0	1.7	11.0	29797.85	10.4
Ha Noi	2022-10-27	3	30.0	21.7	25.5	0.0	0.0	39584.83	13.5
Ha Noi	2022-10-28	51	29.6	21.8	25.3	0.1	1.0	37745.87	9.7
Ha Noi	2022-10-29	3	28.9	22.0	24.6	0.0	0.0	34682.89	14.4
Ha Noi	2022-10-30	3	29.4	21.4	24.7	0.0	0.0	34159.89	16.5
Ha Noi	2022-10-31	3	28.9	20.8	24.3	0.0	0.0	35639.6	23.1
Ha Noi	2022-11-01	3	28.0	18.5	22.7	0.0	0.0	39443.45	22.7
Ha Noi	2022-11-02	3	27.8	16.2	21.8	0.0	0.0	39413.15	10.1
Ha Noi	2022-11-03	3	28.7	16.2	22.1	0.0	0.0	39382.25	10.6
Ha Noi	2022-11-04	3	28.9	19.2	23.3	0.0	0.0	36000.0	12.2
Ha Noi	2022-11-05	0	27.9	18.2	22.8	0.0	0.0	39318.81	15.5
Ha Noi	2022-11-06	0	27.2	17.4	22.0	0.0	0.0	39286.32	10.9
Ha Noi	2022-11-07	3	27.0	18.2	22.4	0.0	0.0	36460.21	9.5
Ha Noi	2022-11-08	51	28.5	18.3	23.0	0.1	1.0	39093.8	12.0
Ha Noi	2022-11-09	3	29.1	18.0	23.5	0.0	0.0	31887.0	12.8
Ha Noi	2022-11-10	51	28.5	20.1	24.0	0.2	2.0	27432.85	7.4
Ha Noi	2022-11-11	51	29.3	20.8	24.6	1.0	7.0	30759.44	13.3
Ha Noi	2022-11-12	51	30.0	22.2	25.4	0.6	6.0	32400.0	16.1
Ha Noi	2022-11-13	51	28.9	22.1	25.0	1.6	10.0	25959.25	11.4
Ha Noi	2022-11-14	51	29.0	21.8	25.1	0.3	2.0	30409.23	12.5
Ha Noi	2022-11-15	51	29.6	22.2	25.2	0.8	5.0	35370.5	15.5
Ha Noi	2022-11-16	61	30.0	22.7	25.7	2.8	9.0	30787.36	14.8
Ha Noi	2022-11-17	53	30.0	23.1	25.9	1.7	10.0	33071.08	13.5
Ha Noi	2022-11-18	53	29.6	23.7	26.1	2.2	10.0	28858.25	12.8
Ha Noi	2022-11-19	63	28.5	22.8	24.4	17.8	16.0	22520.02	14.1
Ha Noi	2022-11-20	3	29.4	21.2	24.6	0.0	0.0	36735.77	13.0
Ha Noi	2022-11-21	3	29.1	20.8	24.6	0.0	0.0	35258.66	9.9
Ha Noi	2022-11-22	3	29.9	21.5	25.5	0.0	0.0	22299.33	11.3
Ha Noi	2022-11-23	53	27.0	23.5	25.2	2.6	10.0	8477.74	12.7
Ha Noi	2022-11-24	65	24.2	21.6	22.9	25.0	17.0	669.13	13.4
Ha Noi	2022-11-25	61	24.6	21.6	22.7	5.8	9.0	2216.64	9.0
Ha Noi	2022-11-26	55	26.2	22.0	23.5	4.0	10.0	3039.11	11.9
Ha Noi	2022-11-27	61	30.0	23.0	25.9	1.6	3.0	35947.85	22.3
Ha Noi	2022-11-28	3	31.6	24.2	27.1	0.0	0.0	32400.0	18.2
Ha Noi	2022-11-29	51	31.5	24.4	27.2	0.7	6.0	30249.16	14.2
Ha Noi	2022-11-30	65	29.3	19.1	23.6	25.4	8.0	9057.75	23.3
Ha Noi	2022-12-01	55	18.2	12.2	14.1	5.8	14.0	0.0	20.3
Ha Noi	2022-12-02	51	16.2	10.8	13.5	0.6	4.0	11796.23	17.1
Ha Noi	2022-12-03	3	19.0	14.2	16.4	0.0	0.0	6032.52	9.6
Ha Noi	2022-12-04	51	17.8	15.8	16.9	0.6	6.0	0.0	13.7
Ha Noi	2022-12-05	51	18.4	13.8	16.0	0.9	7.0	9845.02	19.2
Ha Noi	2022-12-06	3	19.8	11.4	15.8	0.0	0.0	36548.56	13.6
Ha Noi	2022-12-07	3	17.5	14.3	16.2	0.0	0.0	74.62	16.6
Ha Noi	2022-12-08	3	18.8	16.0	17.2	0.0	0.0	1788.05	10.2
Ha Noi	2022-12-09	51	19.3	16.1	17.2	0.5	3.0	0.0	10.2
Ha Noi	2022-12-10	55	19.4	15.7	17.4	3.5	9.0	0.0	10.6
Ha Noi	2022-12-11	3	19.1	14.6	17.3	0.0	0.0	0.0	11.3
Ha Noi	2022-12-12	3	21.1	14.2	17.3	0.0	0.0	25271.51	18.0
Ha Noi	2022-12-13	1	20.6	11.4	15.6	0.0	0.0	36408.72	11.5
Ha Noi	2022-12-14	3	20.8	13.0	16.2	0.0	0.0	28800.0	14.7
Ha Noi	2022-12-15	2	20.7	9.9	15.2	0.0	0.0	36171.74	12.5
Ha Noi	2022-12-16	3	23.4	11.7	17.4	0.0	0.0	36000.0	17.1
Ha Noi	2022-12-17	3	18.6	15.2	16.6	0.0	0.0	11172.81	29.8
Ha Noi	2022-12-18	3	18.0	11.2	14.8	0.0	0.0	32400.0	19.7
Ha Noi	2022-12-19	3	18.4	8.7	13.0	0.0	0.0	36241.09	10.2
Ha Noi	2022-12-20	3	21.1	8.6	14.8	0.0	0.0	36000.0	8.7
Ha Noi	2022-12-21	3	21.5	14.2	17.7	0.0	0.0	32585.66	16.4
Ha Noi	2022-12-22	3	22.0	10.7	16.8	0.0	0.0	32509.32	14.8
Ha Noi	2022-12-23	3	22.5	13.7	18.0	0.0	0.0	34796.62	15.9
Ha Noi	2022-12-24	3	23.1	13.1	17.2	0.0	0.0	31082.56	10.5
Ha Noi	2022-12-25	2	24.1	10.7	17.2	0.0	0.0	36000.0	17.2
Ha Noi	2022-12-26	51	22.6	13.2	17.8	0.3	3.0	28511.1	13.8
Ha Noi	2022-12-27	51	23.6	15.7	19.3	0.1	1.0	19934.22	17.8
Ha Noi	2022-12-28	61	18.4	12.3	15.2	2.5	4.0	0.0	25.1
Ha Noi	2022-12-29	51	15.7	11.1	13.1	0.1	1.0	11078.7	17.7
Ha Noi	2022-12-30	3	15.7	10.9	13.1	0.0	0.0	2818.25	15.5
Ha Noi	2022-12-31	3	20.5	10.2	14.6	0.0	0.0	34346.95	12.1
Ha Noi	2023-01-01	3	20.6	10.4	15.4	0.0	0.0	36000.0	10.4
Ha Noi	2023-01-02	51	19.1	11.5	15.8	0.1	1.0	201.1	12.2
Ha Noi	2023-01-03	51	19.5	14.1	16.1	0.1	1.0	17938.72	10.3
Ha Noi	2023-01-04	3	21.9	14.2	18.0	0.0	0.0	24636.82	8.1
Ha Noi	2023-01-05	3	22.0	14.5	18.3	0.0	0.0	12316.48	9.0
Ha Noi	2023-01-06	3	24.7	15.8	19.1	0.0	0.0	28728.2	23.5
Ha Noi	2023-01-07	51	21.6	12.1	17.1	0.5	3.0	32400.0	12.9
Ha Noi	2023-01-08	3	22.5	13.8	17.5	0.0	0.0	15645.49	13.0
Ha Noi	2023-01-09	3	22.2	15.5	18.8	0.0	0.0	9103.89	7.7
Ha Noi	2023-01-10	55	21.0	17.2	18.7	4.9	13.0	1432.96	10.5
Ha Noi	2023-01-11	51	22.9	17.4	19.8	0.6	3.0	3434.39	11.2
Ha Noi	2023-01-12	3	23.8	16.1	19.4	0.0	0.0	7866.2	12.0
Ha Noi	2023-01-13	3	29.4	17.4	22.1	0.0	0.0	26821.12	17.9
Ha Noi	2023-01-14	3	30.0	16.9	22.7	0.0	0.0	31002.89	16.3
Ha Noi	2023-01-15	3	20.2	14.1	18.1	0.0	0.0	2652.51	24.6
Ha Noi	2023-01-16	3	14.4	10.5	12.6	0.0	0.0	4735.01	20.1
Ha Noi	2023-01-17	3	14.8	10.9	12.6	0.0	0.0	3455.8	14.7
Ha Noi	2023-01-18	3	16.7	10.4	13.2	0.0	0.0	17053.56	13.7
Ha Noi	2023-01-19	3	19.6	8.2	14.1	0.0	0.0	36577.98	8.2
Ha Noi	2023-01-20	3	19.0	11.8	15.3	0.0	0.0	18618.23	8.3
Ha Noi	2023-01-21	3	22.5	9.6	15.8	0.0	0.0	37066.04	13.8
Ha Noi	2023-01-22	3	21.0	12.9	16.8	0.0	0.0	5349.43	9.0
Ha Noi	2023-01-23	51	21.9	15.2	18.7	2.8	12.0	7325.18	23.9
Ha Noi	2023-01-24	51	18.6	12.2	15.5	0.5	3.0	27179.68	26.5
Ha Noi	2023-01-25	3	18.7	7.3	13.1	0.0	0.0	37501.94	14.4
Ha Noi	2023-01-26	51	22.3	9.4	16.0	0.1	1.0	17874.85	14.7
Ha Noi	2023-01-27	51	18.1	11.4	15.2	0.9	7.0	6043.19	23.1
Ha Noi	2023-01-28	3	19.3	8.8	13.5	0.0	0.0	37955.93	16.6
Ha Noi	2023-01-29	0	20.1	8.5	13.7	0.0	0.0	38193.81	12.9
Ha Noi	2023-01-30	0	21.4	6.7	14.1	0.0	0.0	38168.63	15.0
Ha Noi	2023-01-31	0	23.3	9.2	15.7	0.0	0.0	38143.64	17.2
Ha Noi	2023-02-01	3	24.9	11.9	17.8	0.0	0.0	23154.96	18.5
Ha Noi	2023-02-02	51	24.1	18.5	20.6	1.4	10.0	9701.62	10.9
Ha Noi	2023-02-03	55	20.8	19.0	19.9	5.5	15.0	0.0	13.2
Ha Noi	2023-02-04	53	25.2	18.6	20.7	2.7	14.0	4154.32	16.8
Ha Noi	2023-02-05	63	22.5	19.6	20.3	17.6	17.0	3454.33	15.7
Ha Noi	2023-02-06	53	22.8	19.0	20.5	3.4	14.0	3600.0	16.6
Ha Noi	2023-02-07	53	23.4	19.7	21.3	3.3	15.0	0.0	20.9
Ha Noi	2023-02-08	51	24.1	19.7	21.6	3.3	13.0	0.0	18.6
Ha Noi	2023-02-09	53	24.9	20.7	21.9	5.4	16.0	4618.44	17.4
Ha Noi	2023-02-10	53	27.9	20.5	23.3	1.7	9.0	20964.92	25.2
Ha Noi	2023-02-11	51	28.5	21.4	23.7	1.0	7.0	17034.4	25.0
Ha Noi	2023-02-12	51	32.2	20.3	24.5	0.2	2.0	24290.16	17.1
Ha Noi	2023-02-13	61	29.8	20.0	24.1	1.8	2.0	24572.04	23.1
Ha Noi	2023-02-14	53	19.2	15.8	17.3	3.3	12.0	2575.81	23.0
Ha Noi	2023-02-15	51	18.3	14.2	16.2	0.7	3.0	1040.42	16.2
Ha Noi	2023-02-16	3	19.5	14.4	16.8	0.0	0.0	1737.36	10.0
Ha Noi	2023-02-17	3	21.6	13.1	17.6	0.0	0.0	3613.87	11.5
Ha Noi	2023-02-18	51	24.9	14.5	19.4	0.1	1.0	13807.82	15.5
Ha Noi	2023-02-19	61	24.6	16.9	19.8	3.0	4.0	13945.04	18.7
Ha Noi	2023-02-20	3	24.7	17.0	20.2	0.0	0.0	35778.02	12.9
Ha Noi	2023-02-21	3	25.3	15.4	20.1	0.0	0.0	19900.66	16.0
Ha Noi	2023-02-22	51	23.4	16.4	19.7	0.2	2.0	8130.56	15.8
Ha Noi	2023-02-23	3	24.5	16.7	20.2	0.0	0.0	12510.84	18.1
Ha Noi	2023-02-24	51	21.0	18.2	19.3	0.9	8.0	0.0	21.9
Ha Noi	2023-02-25	3	23.0	15.0	18.8	0.0	0.0	39318.43	18.7
Ha Noi	2023-02-26	0	22.3	13.1	17.2	0.0	0.0	39741.8	17.8
Ha Noi	2023-02-27	3	23.6	11.0	17.1	0.0	0.0	39457.99	13.4
Ha Noi	2023-02-28	3	24.1	11.6	18.0	0.0	0.0	30175.71	14.8
Ha Noi	2023-03-01	51	23.8	14.3	19.4	0.2	2.0	7678.46	10.2
Ha Noi	2023-03-02	3	27.1	16.6	21.3	0.0	0.0	20253.66	16.4
Ha Noi	2023-03-03	51	25.7	16.4	20.5	0.2	2.0	13698.37	14.8
Ha Noi	2023-03-04	3	24.2	16.5	20.2	0.0	0.0	12950.31	9.9
Ha Noi	2023-03-05	3	25.5	15.0	20.4	0.0	0.0	26193.66	16.8
Ha Noi	2023-03-06	3	25.9	15.7	20.7	0.0	0.0	19651.12	17.6
Ha Noi	2023-03-07	3	26.9	17.7	21.4	0.0	0.0	10955.34	16.1
Ha Noi	2023-03-08	3	26.1	18.2	21.8	0.0	0.0	1243.8	13.2
Ha Noi	2023-03-09	3	29.0	17.8	23.1	0.0	0.0	28130.76	14.4
Ha Noi	2023-03-10	3	29.4	18.3	23.1	0.0	0.0	32182.93	21.5
Ha Noi	2023-03-11	51	26.2	19.2	22.5	0.2	2.0	354.8	15.3
Ha Noi	2023-03-12	61	28.5	18.9	23.1	4.1	5.0	24257.89	26.2
Ha Noi	2023-03-13	53	21.9	15.8	18.4	2.3	6.0	9946.74	24.2
Ha Noi	2023-03-14	3	26.5	13.8	20.2	0.0	0.0	40338.88	20.1
Ha Noi	2023-03-15	51	25.2	17.0	21.1	0.3	3.0	440.24	14.6
Ha Noi	2023-03-16	51	27.5	19.6	23.3	0.2	2.0	11053.98	18.9
Ha Noi	2023-03-17	51	27.5	20.5	23.5	0.4	4.0	7421.43	17.2
Ha Noi	2023-03-18	51	28.1	20.5	23.5	0.3	3.0	5131.01	17.7
Ha Noi	2023-03-19	51	28.5	20.3	23.7	0.3	2.0	10987.74	20.9
Ha Noi	2023-03-20	51	29.8	21.0	24.5	0.7	5.0	13871.78	19.7
Ha Noi	2023-03-21	3	33.0	22.0	26.4	0.0	0.0	18307.44	15.6
Ha Noi	2023-03-22	3	36.3	23.2	28.4	0.0	0.0	40261.98	16.8
Ha Noi	2023-03-23	2	35.4	22.5	28.5	0.0	0.0	40112.8	16.8
Ha Noi	2023-03-24	61	34.7	22.7	27.4	1.8	1.0	38073.07	21.3
Ha Noi	2023-03-25	61	28.7	21.3	25.1	7.9	18.0	6956.69	18.6
Ha Noi	2023-03-26	63	24.0	17.6	20.9	12.1	14.0	4390.38	18.7
Ha Noi	2023-03-27	53	21.0	17.8	19.2	2.9	14.0	297.4	17.2
Ha Noi	2023-03-28	51	21.4	17.4	19.0	0.3	3.0	911.62	10.6
Ha Noi	2023-03-29	51	23.9	17.1	20.2	0.2	2.0	18381.13	10.1
Ha Noi	2023-03-30	53	23.6	17.9	20.5	1.6	5.0	2375.11	11.7
Ha Noi	2023-03-31	51	25.1	19.3	21.9	0.4	4.0	0.0	11.9
Ha Noi	2023-04-01	51	25.2	20.8	22.7	1.4	12.0	0.0	14.3
Ha Noi	2023-04-02	51	30.5	23.1	25.3	1.6	10.0	16549.48	17.1
Ha Noi	2023-04-03	53	33.0	22.7	26.5	1.2	4.0	27686.66	18.1
Ha Noi	2023-04-04	51	32.7	22.8	27.0	0.1	1.0	27065.09	16.4
Ha Noi	2023-04-05	3	33.1	22.1	27.2	0.0	0.0	43027.75	15.6
Ha Noi	2023-04-06	51	31.6	22.9	26.4	0.3	3.0	27844.74	26.6
Ha Noi	2023-04-07	3	27.4	21.4	23.8	0.0	0.0	12397.65	14.6
Ha Noi	2023-04-08	51	21.9	18.6	20.6	2.3	12.0	0.0	14.3
Ha Noi	2023-04-09	51	22.5	18.0	19.8	0.3	3.0	0.0	9.4
Ha Noi	2023-04-10	51	25.2	19.1	21.8	0.9	9.0	2227.89	10.8
Ha Noi	2023-04-11	51	27.5	22.1	24.3	1.8	9.0	248.32	14.5
Ha Noi	2023-04-12	53	28.5	23.5	25.4	3.7	11.0	3952.79	17.1
Ha Noi	2023-04-13	53	27.4	23.7	25.3	4.0	13.0	0.0	21.0
Ha Noi	2023-04-14	53	28.2	24.4	25.8	3.7	12.0	29.93	16.6
Ha Noi	2023-04-15	63	29.2	23.4	25.7	18.0	13.0	20702.13	19.1
Ha Noi	2023-04-16	3	29.9	21.6	25.5	0.0	0.0	36685.6	13.9
Ha Noi	2023-04-17	51	30.7	22.0	25.7	0.5	5.0	21790.96	18.6
Ha Noi	2023-04-18	51	32.5	24.6	27.5	0.3	3.0	22324.01	17.1
Ha Noi	2023-04-19	3	33.5	23.7	28.1	0.0	0.0	39408.32	14.4
Ha Noi	2023-04-20	51	33.0	23.8	27.7	0.1	1.0	30194.54	18.5
Ha Noi	2023-04-21	51	33.2	24.0	28.0	0.2	2.0	32957.58	18.6
Ha Noi	2023-04-22	3	33.7	24.5	28.6	0.0	0.0	42604.85	18.4
Ha Noi	2023-04-23	51	33.2	25.2	28.5	0.4	2.0	33573.46	18.9
Ha Noi	2023-04-24	63	31.7	24.7	27.1	6.3	8.0	15111.22	18.1
Ha Noi	2023-04-25	61	24.5	21.0	22.4	3.4	7.0	1136.95	23.3
Ha Noi	2023-04-26	3	26.4	20.9	22.9	0.0	0.0	22741.76	10.5
Ha Noi	2023-04-27	3	29.1	19.9	24.2	0.0	0.0	32580.89	19.3
Ha Noi	2023-04-28	51	30.8	23.4	26.5	0.8	6.0	24206.74	22.7
Ha Noi	2023-04-29	63	28.8	22.4	25.5	7.9	8.0	14317.63	22.0
Ha Noi	2023-04-30	53	24.1	20.6	21.6	2.6	6.0	15202.01	10.1
Ha Noi	2023-05-01	3	28.7	18.8	23.7	0.0	0.0	39653.61	20.0
Ha Noi	2023-05-02	51	29.9	21.3	25.5	0.1	1.0	34554.5	22.0
Ha Noi	2023-05-03	51	31.1	24.1	27.2	0.5	4.0	32443.23	22.7
Ha Noi	2023-05-04	51	33.6	25.1	28.7	0.1	1.0	34865.98	24.5
Ha Noi	2023-05-05	3	35.5	25.7	30.4	0.0	0.0	43200.0	18.4
Ha Noi	2023-05-06	3	38.5	26.5	32.3	0.0	0.0	43200.0	19.0
Ha Noi	2023-05-07	3	36.1	27.1	30.9	0.0	0.0	43200.0	20.0
Ha Noi	2023-05-08	63	28.2	23.8	25.3	6.6	13.0	406.66	18.7
Ha Noi	2023-05-09	53	28.9	22.2	25.1	1.2	6.0	25166.3	17.6
Ha Noi	2023-05-10	65	31.2	24.2	26.9	11.9	13.0	27266.43	15.5
Ha Noi	2023-05-11	63	26.3	23.2	25.0	34.1	20.0	0.0	20.5
Ha Noi	2023-05-12	63	26.7	21.4	23.7	17.3	6.0	4282.27	17.1
Ha Noi	2023-05-13	63	24.2	20.8	22.2	13.7	12.0	0.0	17.3
Ha Noi	2023-05-14	3	28.0	20.0	23.5	0.0	0.0	29068.6	11.7
Ha Noi	2023-05-15	3	29.7	20.7	25.6	0.0	0.0	40000.18	16.1
Ha Noi	2023-05-16	3	33.8	23.8	28.8	0.0	0.0	39883.18	16.9
Ha Noi	2023-05-17	3	36.2	25.3	30.8	0.0	0.0	43624.99	12.3
Ha Noi	2023-05-18	3	36.1	25.0	30.9	0.0	0.0	43877.87	12.7
Ha Noi	2023-05-19	1	35.4	26.4	30.5	0.0	0.0	43608.37	15.0
Ha Noi	2023-05-20	3	35.9	26.4	30.7	0.0	0.0	41839.98	16.8
Ha Noi	2023-05-21	3	36.6	27.7	31.6	0.0	0.0	43594.0	20.8
Ha Noi	2023-05-22	3	37.1	28.1	32.1	0.0	0.0	43850.6	21.8
Ha Noi	2023-05-23	65	33.5	26.1	29.5	15.9	7.0	36248.13	25.1
Ha Noi	2023-05-24	63	31.2	25.4	27.7	19.2	18.0	17134.05	16.4
Ha Noi	2023-05-25	65	30.9	25.3	27.3	12.3	11.0	21600.0	11.8
Ha Noi	2023-05-26	55	32.3	25.6	28.6	4.4	11.0	40963.52	16.9
Ha Noi	2023-05-27	63	31.7	26.2	28.7	5.2	11.0	39935.23	14.7
Ha Noi	2023-05-28	51	31.9	25.8	28.6	1.1	7.0	43186.85	14.8
Ha Noi	2023-05-29	53	32.7	25.1	29.0	0.7	3.0	43557.07	14.2
Ha Noi	2023-05-30	1	34.3	26.1	30.1	0.0	0.0	44085.96	14.1
Ha Noi	2023-05-31	3	35.2	25.8	30.4	0.0	0.0	44350.51	16.9
Ha Noi	2023-06-01	3	36.2	26.8	31.2	0.0	0.0	44083.46	20.4
Ha Noi	2023-06-02	3	36.9	27.8	31.9	0.0	0.0	44082.79	18.9
Ha Noi	2023-06-03	65	34.5	27.4	29.5	8.5	5.0	33705.53	15.1
Ha Noi	2023-06-04	65	33.3	26.8	29.0	10.1	10.0	21948.35	15.1
Ha Noi	2023-06-05	61	31.9	26.0	28.8	6.8	10.0	33579.16	10.7
Ha Noi	2023-06-06	63	31.9	24.4	27.5	26.4	17.0	17923.08	13.0
Ha Noi	2023-06-07	63	32.6	24.9	28.6	10.6	12.0	36026.06	12.6
Ha Noi	2023-06-08	63	32.7	25.7	28.8	7.1	6.0	22710.38	12.2
Ha Noi	2023-06-09	65	32.9	25.3	28.6	13.0	6.0	40819.29	17.0
Ha Noi	2023-06-10	51	33.9	25.5	29.8	0.4	3.0	44091.04	12.0
Ha Noi	2023-06-11	3	35.8	26.5	30.6	0.0	0.0	43888.56	20.0
Ha Noi	2023-06-12	63	33.8	26.9	29.8	8.6	7.0	36629.1	10.2
Ha Noi	2023-06-13	65	32.0	26.5	28.4	19.8	15.0	14573.28	9.5
Ha Noi	2023-06-14	63	30.5	25.4	27.9	26.5	20.0	19426.03	7.6
Ha Noi	2023-06-15	63	33.1	25.9	28.7	11.2	14.0	31908.9	12.6
Ha Noi	2023-06-16	63	32.4	25.6	29.4	11.7	9.0	19009.37	16.8
Ha Noi	2023-06-17	61	34.1	27.7	30.3	5.5	6.0	35980.17	15.6
Ha Noi	2023-06-18	61	31.8	26.5	28.9	6.8	9.0	8867.61	15.4
Ha Noi	2023-06-19	51	32.5	27.4	29.6	0.5	4.0	21426.17	14.2
Ha Noi	2023-06-20	61	33.7	26.9	30.1	2.1	3.0	36489.68	12.5
Ha Noi	2023-06-21	55	34.0	27.0	30.3	2.2	6.0	36614.43	12.4
Ha Noi	2023-06-22	61	33.1	27.4	29.7	2.4	3.0	18814.52	11.9
Ha Noi	2023-06-23	63	30.2	25.7	27.7	17.0	16.0	1718.33	15.1
Ha Noi	2023-06-24	63	28.4	24.8	26.2	44.3	24.0	6009.45	8.0
Ha Noi	2023-06-25	63	28.3	24.5	26.2	38.2	19.0	1932.2	8.4
Ha Noi	2023-06-26	61	26.5	24.4	25.6	9.1	16.0	989.08	10.5
Ha Noi	2023-06-27	63	30.4	24.0	27.1	19.3	12.0	28972.88	17.2
Ha Noi	2023-06-28	61	32.3	25.2	28.7	2.3	9.0	43869.28	20.2
Ha Noi	2023-06-29	51	34.2	26.4	30.0	0.2	2.0	44411.69	18.6
Ha Noi	2023-06-30	51	35.8	27.6	31.2	0.1	1.0	43435.72	14.9
Ha Noi	2023-07-01	53	36.2	27.9	31.7	0.6	1.0	44152.56	17.1
Ha Noi	2023-07-02	61	36.2	28.1	31.2	1.8	3.0	43957.76	18.3
Ha Noi	2023-07-03	65	34.7	26.9	30.2	20.9	12.0	42713.87	14.8
Ha Noi	2023-07-04	63	33.9	27.8	30.1	14.8	9.0	43200.0	12.2
Ha Noi	2023-07-05	63	33.3	26.6	29.6	3.9	9.0	44179.98	13.9
Ha Noi	2023-07-06	51	35.3	27.6	31.1	0.1	1.0	44723.97	19.5
Ha Noi	2023-07-07	3	35.7	28.6	31.9	0.0	0.0	44464.72	17.8
Ha Noi	2023-07-08	63	35.2	27.7	31.0	4.7	2.0	44190.53	25.6
Ha Noi	2023-07-09	51	34.3	27.4	30.6	0.1	1.0	43394.31	18.3
Ha Noi	2023-07-10	3	35.0	27.6	31.0	0.0	0.0	43764.73	16.6
Ha Noi	2023-07-11	51	35.1	28.2	31.4	0.6	3.0	44504.36	16.7
Ha Noi	2023-07-12	51	35.4	28.3	31.8	0.1	1.0	44515.25	13.7
Ha Noi	2023-07-13	3	35.9	28.0	31.7	0.0	0.0	44527.19	14.1
Ha Noi	2023-07-14	61	33.3	28.5	30.9	7.0	11.0	43741.48	15.1
Ha Noi	2023-07-15	63	33.3	25.3	29.3	9.8	10.0	36000.0	17.6
Ha Noi	2023-07-16	55	35.9	26.0	30.1	1.8	4.0	39345.18	16.6
Ha Noi	2023-07-17	3	35.8	27.7	31.6	0.0	0.0	43492.63	21.4
Ha Noi	2023-07-18	61	31.1	24.7	28.2	7.2	15.0	3837.6	24.5
Ha Noi	2023-07-19	53	30.1	24.9	26.8	6.5	20.0	35112.08	14.3
Ha Noi	2023-07-20	63	30.0	24.7	26.6	23.9	17.0	14634.53	8.2
Ha Noi	2023-07-21	63	31.9	25.3	28.2	7.6	14.0	36213.66	9.2
Ha Noi	2023-07-22	53	32.8	26.2	29.4	1.5	5.0	40489.52	13.7
Ha Noi	2023-07-23	3	34.2	26.4	30.1	0.0	0.0	43881.71	14.9
Ha Noi	2023-07-24	51	33.8	26.4	30.0	0.3	2.0	43203.21	14.8
Ha Noi	2023-07-25	3	34.3	26.5	30.4	0.0	0.0	43736.44	16.4
Ha Noi	2023-07-26	3	35.4	26.7	30.9	0.0	0.0	43938.17	17.0
Ha Noi	2023-07-27	51	35.9	27.1	31.0	0.3	3.0	43200.0	9.8
Ha Noi	2023-07-28	65	32.6	26.2	29.1	17.4	8.0	32491.51	13.3
Ha Noi	2023-07-29	63	34.4	26.9	30.1	5.8	8.0	43200.0	13.1
Ha Noi	2023-07-30	63	32.5	26.5	28.9	17.8	14.0	40188.57	12.3
Ha Noi	2023-07-31	65	31.1	25.1	27.6	25.4	21.0	10201.88	11.2
Ha Noi	2023-08-01	65	31.6	25.8	27.9	47.1	21.0	25200.0	10.0
Ha Noi	2023-08-02	63	30.9	25.8	27.4	19.8	20.0	24021.6	15.1
Ha Noi	2023-08-03	63	31.3	25.5	27.3	26.5	13.0	19889.66	12.3
Ha Noi	2023-08-04	63	30.0	25.3	27.2	24.0	22.0	12487.75	14.0
Ha Noi	2023-08-05	63	30.0	25.1	27.5	16.8	12.0	11215.24	10.9
Ha Noi	2023-08-06	51	30.8	25.5	27.8	1.4	8.0	555.57	9.1
Ha Noi	2023-08-07	63	31.6	25.3	28.2	9.4	12.0	33040.95	11.5
Ha Noi	2023-08-08	65	32.9	25.0	27.9	22.9	14.0	30495.16	19.6
Ha Noi	2023-08-09	63	33.0	25.7	29.1	4.2	8.0	36000.0	8.5
Ha Noi	2023-08-10	63	31.8	26.6	28.7	8.0	13.0	25753.42	8.7
Ha Noi	2023-08-11	65	30.9	25.4	27.7	29.7	16.0	22406.39	9.9
Ha Noi	2023-08-12	63	30.9	25.3	27.7	16.1	9.0	31529.44	10.8
Ha Noi	2023-08-13	63	32.4	25.4	28.1	6.7	9.0	34853.07	13.3
Ha Noi	2023-08-14	63	31.8	25.8	28.1	14.4	14.0	30881.02	9.6
Ha Noi	2023-08-15	63	30.8	24.9	27.7	22.0	16.0	28254.73	9.7
Ha Noi	2023-08-16	63	32.9	24.4	28.6	17.1	10.0	36138.15	9.2
Ha Noi	2023-08-17	53	34.0	26.6	30.3	1.7	5.0	42516.98	9.0
Ha Noi	2023-08-18	61	34.4	26.8	30.4	3.3	4.0	34787.33	12.1
Ha Noi	2023-08-19	63	29.6	25.7	27.4	16.6	12.0	3538.41	12.2
Ha Noi	2023-08-20	63	28.6	25.0	26.7	32.3	19.0	4243.7	10.7
Ha Noi	2023-08-21	63	32.0	24.6	28.4	12.5	15.0	40553.49	12.9
Ha Noi	2023-08-22	61	32.4	25.9	29.2	3.6	8.0	37165.72	10.5
Ha Noi	2023-08-23	65	33.1	25.6	28.8	31.0	13.0	26160.26	11.3
Ha Noi	2023-08-24	63	31.1	24.8	27.0	27.1	18.0	13020.48	11.4
Ha Noi	2023-08-25	63	31.6	24.4	27.5	14.0	18.0	34988.73	12.0
Ha Noi	2023-08-26	65	32.1	25.2	28.5	26.5	15.0	36057.8	13.0
Ha Noi	2023-08-27	61	33.6	27.1	29.8	2.4	6.0	36710.15	11.5
Ha Noi	2023-08-28	61	30.6	25.9	27.9	4.7	12.0	18083.67	16.9
Ha Noi	2023-08-29	3	31.3	25.4	28.1	0.0	0.0	43200.0	21.2
Ha Noi	2023-08-30	3	31.4	25.0	27.9	0.0	0.0	43200.0	20.3
Ha Noi	2023-08-31	1	32.2	24.1	28.2	0.0	0.0	43200.0	16.0
Ha Noi	2023-09-01	51	32.9	25.4	28.6	0.3	1.0	35606.08	15.6
Ha Noi	2023-09-02	3	34.3	25.7	29.6	0.0	0.0	43200.0	18.0
Ha Noi	2023-09-03	51	28.2	25.1	26.5	0.7	2.0	0.0	17.4
Ha Noi	2023-09-04	51	29.7	24.0	26.3	1.7	10.0	21037.92	17.2
Ha Noi	2023-09-05	51	32.5	24.4	28.2	0.2	2.0	36451.51	12.7
Ha Noi	2023-09-06	61	32.8	25.6	29.0	2.7	4.0	35079.55	12.3
Ha Noi	2023-09-07	51	33.6	26.0	29.9	0.5	4.0	43200.0	12.0
Ha Noi	2023-09-08	61	32.2	25.1	28.4	5.1	16.0	39801.83	13.3
Ha Noi	2023-09-09	63	31.7	25.0	27.7	5.4	10.0	26075.35	14.0
Ha Noi	2023-09-10	63	31.3	25.4	27.6	9.7	13.0	28151.61	7.7
Ha Noi	2023-09-11	63	31.2	25.3	27.6	11.9	16.0	20141.61	8.7
Ha Noi	2023-09-12	63	30.3	25.7	27.4	23.8	19.0	7600.8	14.8
Ha Noi	2023-09-13	63	28.0	24.3	26.0	24.7	15.0	4084.66	17.8
Ha Noi	2023-09-14	63	25.0	24.0	24.3	26.7	22.0	0.0	15.4
Ha Noi	2023-09-15	63	27.9	23.1	25.1	11.8	18.0	880.49	17.6
Ha Noi	2023-09-16	63	28.1	24.3	26.0	12.9	13.0	4924.99	11.7
Ha Noi	2023-09-17	63	30.3	24.0	26.3	19.9	19.0	21193.09	10.2
Ha Noi	2023-09-18	53	30.7	24.1	27.2	3.2	13.0	32765.17	9.8
Ha Noi	2023-09-19	51	31.6	25.1	27.9	0.4	3.0	41328.67	13.9
Ha Noi	2023-09-20	51	31.5	25.7	28.4	1.6	9.0	41501.18	12.9
Ha Noi	2023-09-21	51	32.2	25.8	28.7	0.7	3.0	41110.01	13.5
Ha Noi	2023-09-22	3	32.6	25.6	28.7	0.0	0.0	36466.95	16.7
Ha Noi	2023-09-23	3	32.3	25.6	28.7	0.0	0.0	41834.17	14.8
Ha Noi	2023-09-24	61	31.8	24.7	27.7	2.8	3.0	32400.0	15.6
Ha Noi	2023-09-25	63	32.2	24.5	27.2	9.7	7.0	25373.28	23.4
Ha Noi	2023-09-26	63	26.8	24.1	25.6	40.3	19.0	4744.16	19.1
Ha Noi	2023-09-27	63	27.4	23.7	25.3	43.3	22.0	8518.05	17.6
Ha Noi	2023-09-28	65	27.1	23.8	25.1	39.9	23.0	0.0	11.2
Ha Noi	2023-09-29	63	30.7	23.9	26.5	6.6	17.0	21709.59	10.0
Ha Noi	2023-09-30	63	31.1	24.2	27.5	6.7	11.0	36848.2	7.9
Ha Noi	2023-10-01	3	32.4	24.3	28.3	0.0	0.0	39895.29	11.8
Ha Noi	2023-10-02	51	32.1	24.3	27.9	0.1	1.0	36834.12	13.6
Ha Noi	2023-10-03	51	32.4	23.7	28.0	0.1	1.0	37706.99	11.9
Ha Noi	2023-10-04	3	33.2	25.0	28.8	0.0	0.0	39266.7	12.8
Ha Noi	2023-10-05	3	33.1	25.1	29.1	0.0	0.0	39956.67	10.8
Ha Noi	2023-10-06	63	32.1	23.9	28.5	13.5	9.0	39600.0	14.5
Ha Noi	2023-10-07	63	29.6	23.9	25.9	18.8	15.0	21168.23	23.6
Ha Noi	2023-10-08	3	28.8	23.6	25.6	0.0	0.0	32689.6	14.8
Ha Noi	2023-10-09	3	29.8	22.0	25.7	0.0	0.0	36242.87	17.3
Ha Noi	2023-10-10	51	27.9	22.8	25.4	0.4	3.0	19218.35	20.6
Ha Noi	2023-10-11	3	28.0	22.9	25.1	0.0	0.0	27093.2	15.8
Ha Noi	2023-10-12	51	26.4	22.6	24.3	0.2	1.0	742.8	12.6
Ha Noi	2023-10-13	51	29.4	22.2	25.3	0.3	3.0	39093.57	12.8
Ha Noi	2023-10-14	51	28.9	23.2	25.5	0.1	1.0	37641.56	15.9
Ha Noi	2023-10-15	3	28.3	22.5	24.6	0.0	0.0	25745.7	17.3
Ha Noi	2023-10-16	3	29.5	21.8	25.4	0.0	0.0	34592.04	13.3
Ha Noi	2023-10-17	3	30.6	21.3	26.1	0.0	0.0	39600.0	10.8
Ha Noi	2023-10-18	3	31.4	22.1	26.6	0.0	0.0	37005.47	11.6
Ha Noi	2023-10-19	3	31.7	23.2	27.1	0.0	0.0	36000.0	17.6
Ha Noi	2023-10-20	3	29.8	24.5	27.1	0.0	0.0	38827.1	26.3
Ha Noi	2023-10-21	3	26.5	22.4	24.5	0.0	0.0	19426.55	19.7
Ha Noi	2023-10-22	3	27.1	21.6	23.8	0.0	0.0	31686.38	15.3
Ha Noi	2023-10-23	3	29.0	21.3	24.5	0.0	0.0	26321.67	9.7
Ha Noi	2023-10-24	3	30.1	21.2	25.7	0.0	0.0	37568.9	9.0
Ha Noi	2023-10-25	3	31.7	22.4	26.9	0.0	0.0	39600.0	14.0
Ha Noi	2023-10-26	3	31.8	23.0	27.1	0.0	0.0	39255.42	13.0
Ha Noi	2023-10-27	51	31.6	22.1	27.0	0.1	1.0	39592.66	14.3
Ha Noi	2023-10-28	63	29.1	23.6	26.0	11.3	16.0	25932.94	13.7
Ha Noi	2023-10-29	63	26.6	22.4	24.1	9.7	14.0	7200.0	18.4
Ha Noi	2023-10-30	3	28.3	22.5	24.6	0.0	0.0	34284.6	15.3
Ha Noi	2023-10-31	3	29.0	21.4	24.6	0.0	0.0	39478.66	13.1
Ha Noi	2023-11-01	1	29.2	20.4	24.4	0.0	0.0	38662.81	10.4
Ha Noi	2023-11-02	3	29.1	20.4	24.6	0.0	0.0	39418.61	14.5
Ha Noi	2023-11-03	51	30.7	21.7	26.0	0.1	1.0	38449.47	16.6
Ha Noi	2023-11-04	53	30.2	23.9	26.4	1.3	7.0	28689.39	16.9
Ha Noi	2023-11-05	51	31.3	24.0	27.2	0.4	3.0	37877.44	16.0
Ha Noi	2023-11-06	63	30.2	22.2	25.6	6.7	12.0	25200.0	15.3
Ha Noi	2023-11-07	51	28.1	21.2	24.1	0.2	2.0	20036.03	14.2
Ha Noi	2023-11-08	3	30.0	21.2	25.4	0.0	0.0	37071.14	14.7
Ha Noi	2023-11-09	51	31.1	22.4	26.7	0.1	1.0	37019.74	15.0
Ha Noi	2023-11-10	51	31.5	24.2	27.3	0.2	2.0	38089.68	14.1
Ha Noi	2023-11-11	51	31.4	24.0	27.1	0.3	3.0	31814.88	14.4
Ha Noi	2023-11-12	61	27.5	21.8	24.7	11.6	21.0	23261.7	21.4
Ha Noi	2023-11-13	63	21.5	15.4	16.7	15.5	18.0	0.0	23.5
Ha Noi	2023-11-14	3	21.3	15.6	17.9	0.0	0.0	17513.17	14.6
Ha Noi	2023-11-15	3	23.8	16.6	19.8	0.0	0.0	7361.91	9.4
Ha Noi	2023-11-16	51	22.2	17.7	19.8	1.1	4.0	10580.49	26.2
Ha Noi	2023-11-17	3	24.1	14.9	18.9	0.0	0.0	38786.06	17.5
Ha Noi	2023-11-18	3	24.1	13.6	18.6	0.0	0.0	38877.99	12.0
Ha Noi	2023-11-19	3	24.7	13.4	19.1	0.0	0.0	36000.0	9.0
Ha Noi	2023-11-20	1	25.0	13.8	19.2	0.0	0.0	38596.63	10.0
Ha Noi	2023-11-21	0	25.2	14.4	19.7	0.0	0.0	38355.29	12.5
Ha Noi	2023-11-22	51	25.4	15.7	20.4	0.2	2.0	37578.52	7.4
Ha Noi	2023-11-23	3	27.6	17.8	22.2	0.0	0.0	32489.25	7.4
Ha Noi	2023-11-24	51	28.4	19.2	23.1	0.5	4.0	32417.82	16.4
Ha Noi	2023-11-25	3	27.7	18.3	22.7	0.0	0.0	36496.48	12.5
Ha Noi	2023-11-26	3	27.9	19.5	22.5	0.0	0.0	25607.09	10.7
Ha Noi	2023-11-27	51	27.8	18.4	22.8	0.1	1.0	36890.51	8.9
Ha Noi	2023-11-28	1	27.1	17.6	21.8	0.0	0.0	36643.44	11.0
Ha Noi	2023-11-29	3	27.1	18.2	22.4	0.0	0.0	33318.91	13.7
Ha Noi	2023-11-30	51	26.6	21.7	23.4	0.5	4.0	2162.93	16.3
Ha Noi	2023-12-01	53	21.5	18.7	19.9	1.3	7.0	0.0	18.7
Ha Noi	2023-12-02	51	19.1	18.0	18.5	0.6	4.0	0.0	12.2
Ha Noi	2023-12-03	51	20.8	17.5	19.0	0.4	4.0	0.0	11.0
Ha Noi	2023-12-04	3	21.1	17.8	19.2	0.0	0.0	0.0	11.0
Ha Noi	2023-12-05	3	23.7	18.0	20.4	0.0	0.0	6456.34	12.2
Ha Noi	2023-12-06	53	22.8	18.0	20.2	3.7	6.0	5319.91	17.6
Ha Noi	2023-12-07	3	24.9	15.1	19.7	0.0	0.0	36287.97	10.5
Ha Noi	2023-12-08	3	25.9	15.7	20.7	0.0	0.0	36307.97	15.1
Ha Noi	2023-12-09	3	28.0	18.2	22.8	0.0	0.0	27063.56	16.6
Ha Noi	2023-12-10	51	28.1	22.1	24.4	1.0	6.0	6643.16	19.3
Ha Noi	2023-12-11	53	28.8	23.2	25.0	2.4	10.0	21469.05	15.1
Ha Noi	2023-12-12	51	28.6	22.3	24.7	0.1	1.0	26622.1	19.1
Ha Noi	2023-12-13	51	27.5	20.2	23.6	0.5	4.0	27189.28	19.7
Ha Noi	2023-12-14	51	27.8	21.5	24.2	1.0	8.0	29163.1	18.0
Ha Noi	2023-12-15	51	30.0	21.9	25.1	0.5	4.0	28639.78	15.8
Ha Noi	2023-12-16	63	23.7	14.4	18.7	5.9	4.0	12131.82	34.3
Ha Noi	2023-12-17	51	15.8	11.2	12.9	0.6	4.0	9746.28	19.2
Ha Noi	2023-12-18	51	17.9	11.4	14.8	0.1	1.0	1848.21	11.2
Ha Noi	2023-12-19	51	15.3	11.9	13.8	0.5	5.0	1433.89	17.8
Ha Noi	2023-12-20	3	17.1	12.5	14.1	0.0	0.0	4920.87	17.3
Ha Noi	2023-12-21	3	17.3	11.4	13.7	0.0	0.0	26011.53	18.9
Ha Noi	2023-12-22	3	16.0	8.1	11.9	0.0	0.0	36000.0	18.9
Ha Noi	2023-12-23	3	18.1	8.2	12.7	0.0	0.0	36026.65	17.3
Ha Noi	2023-12-24	3	17.8	11.5	14.0	0.0	0.0	10936.76	16.0
Ha Noi	2023-12-25	3	19.9	9.4	14.1	0.0	0.0	36000.0	14.0
Ha Noi	2023-12-26	1	21.5	8.8	15.0	0.0	0.0	36000.0	8.4
Ha Noi	2023-12-27	0	23.2	10.9	16.8	0.0	0.0	36000.0	12.3
Ha Noi	2023-12-28	3	24.9	12.0	18.4	0.0	0.0	36000.0	12.3
Ha Noi	2023-12-29	3	25.6	16.2	20.4	0.0	0.0	31674.18	13.8
Ha Noi	2023-12-30	51	25.1	18.5	21.1	1.2	4.0	10845.93	10.5
Ha Noi	2023-12-31	53	26.9	17.6	21.8	0.5	1.0	34824.0	15.2
Ha Noi	2024-01-01	51	26.9	17.3	21.6	0.5	3.0	36000.0	17.2
Ha Noi	2024-01-02	51	27.5	19.9	22.7	1.1	7.0	27163.09	15.1
Ha Noi	2024-01-03	63	20.3	15.5	17.8	9.6	12.0	0.0	24.8
Ha Noi	2024-01-04	3	23.4	16.6	19.1	0.0	0.0	19521.78	16.9
Ha Noi	2024-01-05	51	24.5	17.1	20.1	0.2	2.0	11249.65	14.4
Ha Noi	2024-01-06	53	25.2	19.0	21.4	2.1	10.0	18559.93	14.0
Ha Noi	2024-01-07	51	25.0	17.5	20.9	0.1	1.0	7200.0	16.6
Ha Noi	2024-01-08	51	26.7	19.1	22.0	1.1	6.0	23935.9	17.6
Ha Noi	2024-01-09	53	26.7	19.6	22.3	2.3	11.0	26893.29	13.6
Ha Noi	2024-01-10	61	22.4	18.0	19.9	16.4	21.0	3439.31	15.1
Ha Noi	2024-01-11	61	20.1	17.2	18.4	8.5	19.0	0.0	11.3
Ha Noi	2024-01-12	63	19.5	17.7	18.4	11.7	15.0	0.0	12.3
Ha Noi	2024-01-13	61	20.0	18.1	18.9	11.3	20.0	0.0	9.8
Ha Noi	2024-01-14	63	23.2	17.9	19.7	15.0	16.0	6276.78	8.9
Ha Noi	2024-01-15	51	25.4	17.6	20.8	0.7	5.0	33557.03	16.5
Ha Noi	2024-01-16	53	22.9	18.0	19.9	3.8	8.0	7441.96	18.9
Ha Noi	2024-01-17	61	25.5	17.9	20.6	4.2	12.0	22471.56	16.8
Ha Noi	2024-01-18	51	26.3	18.3	21.7	0.3	3.0	24374.12	16.4
Ha Noi	2024-01-19	51	27.1	19.6	22.6	0.9	5.0	29319.67	19.5
Ha Noi	2024-01-20	55	26.5	17.7	21.2	5.5	11.0	15857.95	22.7
Ha Noi	2024-01-21	53	16.9	14.9	15.9	2.4	13.0	0.0	16.0
Ha Noi	2024-01-22	63	14.8	8.4	11.3	10.0	20.0	0.0	26.6
Ha Noi	2024-01-23	51	11.3	7.2	9.2	1.5	7.0	496.42	18.4
Ha Noi	2024-01-24	3	11.8	8.0	9.7	0.0	0.0	2089.72	14.2
Ha Noi	2024-01-25	51	12.6	8.7	10.5	0.1	1.0	7279.55	12.9
Ha Noi	2024-01-26	3	13.6	10.5	11.5	0.0	0.0	289.34	12.1
Ha Noi	2024-01-27	3	12.4	10.3	11.1	0.0	0.0	0.0	12.6
Ha Noi	2024-01-28	51	13.6	10.4	12.0	0.1	1.0	0.0	13.4
Ha Noi	2024-01-29	53	17.2	11.4	13.7	0.6	1.0	4203.19	10.1
Ha Noi	2024-01-30	3	19.5	13.7	16.2	0.0	0.0	1672.32	9.7
Ha Noi	2024-01-31	55	21.3	16.4	18.5	1.2	3.0	0.0	9.6
Ha Noi	2024-02-01	51	25.0	19.3	21.4	0.1	1.0	9747.68	14.1
Ha Noi	2024-02-02	51	27.9	21.0	23.2	0.3	2.0	25440.39	21.7
Ha Noi	2024-02-03	51	26.8	21.1	22.8	1.8	12.0	18957.02	21.5
Ha Noi	2024-02-04	51	29.6	21.4	24.5	1.6	12.0	30332.33	18.3
Ha Noi	2024-02-05	51	24.7	20.5	22.2	1.3	10.0	2673.46	20.4
Ha Noi	2024-02-06	61	24.4	18.8	21.4	4.2	13.0	3586.15	17.7
Ha Noi	2024-02-07	53	17.3	13.7	15.7	2.5	14.0	0.0	15.8
Ha Noi	2024-02-08	51	14.5	11.1	12.8	0.9	6.0	0.0	15.9
Ha Noi	2024-02-09	3	16.6	11.3	13.9	0.0	0.0	5345.03	14.8
Ha Noi	2024-02-10	3	19.3	14.5	16.6	0.0	0.0	18158.27	13.1
Ha Noi	2024-02-11	3	22.6	12.3	17.4	0.0	0.0	37391.76	12.0
Ha Noi	2024-02-12	3	25.4	10.7	17.7	0.0	0.0	38640.7	22.3
Ha Noi	2024-02-13	3	25.0	15.1	19.6	0.0	0.0	29672.27	18.8
Ha Noi	2024-02-14	51	25.2	18.9	21.4	0.6	4.0	19601.03	21.0
Ha Noi	2024-02-15	51	25.5	18.6	21.4	0.6	4.0	14631.96	9.4
Ha Noi	2024-02-16	51	25.0	17.4	20.4	0.5	3.0	4406.97	17.1
Ha Noi	2024-02-17	51	25.7	16.2	20.6	0.6	4.0	15917.42	22.1
Ha Noi	2024-02-18	51	29.6	19.2	23.3	0.3	3.0	22821.12	19.8
Ha Noi	2024-02-19	51	30.9	20.4	24.1	0.2	1.0	20968.13	23.4
Ha Noi	2024-02-20	51	31.6	21.6	25.3	0.1	1.0	27893.43	25.6
Ha Noi	2024-02-21	51	32.5	22.2	26.6	0.3	3.0	36009.73	20.6
Ha Noi	2024-02-22	51	29.8	22.6	25.3	0.6	5.0	15018.55	20.8
Ha Noi	2024-02-23	53	23.3	15.0	19.3	2.2	9.0	0.0	18.3
Ha Noi	2024-02-24	53	14.8	12.0	13.4	5.7	22.0	0.0	13.9
Ha Noi	2024-02-25	51	15.5	11.4	13.4	0.9	8.0	0.0	12.6
Ha Noi	2024-02-26	51	17.5	13.5	15.1	0.3	3.0	0.0	12.4
Ha Noi	2024-02-27	51	15.3	11.5	13.4	0.9	9.0	274.16	16.5
Ha Noi	2024-02-28	51	18.9	13.3	15.5	0.2	2.0	0.0	9.2
Ha Noi	2024-02-29	51	17.0	14.0	15.5	1.0	9.0	0.0	16.6
Ha Noi	2024-03-01	51	15.6	12.4	14.0	0.1	1.0	1094.95	16.2
Ha Noi	2024-03-02	3	18.1	12.1	14.2	0.0	0.0	17251.06	15.6
Ha Noi	2024-03-03	3	21.7	11.6	16.5	0.0	0.0	9076.75	17.9
Ha Noi	2024-03-04	3	29.0	17.1	21.5	0.0	0.0	31134.88	13.0
Ha Noi	2024-03-05	3	32.3	17.4	24.0	0.0	0.0	32329.21	10.3
Ha Noi	2024-03-06	2	26.6	19.7	22.9	0.0	0.0	40222.55	25.0
Ha Noi	2024-03-07	3	22.8	18.0	20.4	0.0	0.0	477.89	15.3
Ha Noi	2024-03-08	51	21.3	18.2	19.8	0.1	1.0	0.0	12.4
Ha Noi	2024-03-09	51	19.2	16.8	17.8	1.0	8.0	0.0	9.8
Ha Noi	2024-03-10	51	19.3	16.1	17.4	1.4	12.0	0.0	11.8
Ha Noi	2024-03-11	51	24.6	16.6	19.6	0.5	5.0	25078.96	17.4
Ha Noi	2024-03-12	3	24.6	14.6	19.7	0.0	0.0	19222.96	17.8
Ha Noi	2024-03-13	53	23.9	18.4	21.0	1.8	5.0	587.63	12.9
Ha Noi	2024-03-14	55	23.5	20.1	21.2	6.9	20.0	0.0	12.3
Ha Noi	2024-03-15	55	24.9	20.1	22.3	4.2	9.0	0.0	12.8
Ha Noi	2024-03-16	51	26.4	22.2	23.5	1.3	10.0	0.0	18.4
Ha Noi	2024-03-17	51	26.1	21.8	23.4	0.6	6.0	0.0	16.2
Ha Noi	2024-03-18	51	26.3	21.7	23.6	1.2	9.0	68.52	14.8
Ha Noi	2024-03-19	63	23.0	18.1	19.9	24.8	15.0	283.81	25.5
Ha Noi	2024-03-20	51	21.4	16.0	18.8	0.9	4.0	0.0	9.8
Ha Noi	2024-03-21	3	26.6	15.1	20.0	0.0	0.0	36974.7	19.6
Ha Noi	2024-03-22	51	27.4	18.0	22.2	0.3	2.0	11518.43	19.1
Ha Noi	2024-03-23	51	31.3	21.6	25.1	0.2	2.0	25853.56	22.0
Ha Noi	2024-03-24	51	31.4	21.8	25.5	0.3	3.0	22957.02	22.7
Ha Noi	2024-03-25	51	29.9	22.3	25.4	0.8	5.0	16027.44	16.6
Ha Noi	2024-03-26	51	29.9	22.7	25.6	0.7	7.0	34401.45	21.7
Ha Noi	2024-03-27	63	28.1	22.4	24.8	5.4	8.0	7191.42	18.7
Ha Noi	2024-03-28	63	28.8	22.9	24.2	9.5	12.0	7484.3	15.0
Ha Noi	2024-03-29	63	27.6	21.6	23.9	14.5	7.0	12316.47	13.8
Ha Noi	2024-03-30	51	31.0	21.1	25.2	0.2	2.0	18819.28	18.1
Ha Noi	2024-03-31	3	32.0	21.8	26.9	0.0	0.0	33633.67	16.2
Ha Noi	2024-04-01	3	35.0	22.8	28.4	0.0	0.0	38947.14	18.7
Ha Noi	2024-04-02	2	35.2	23.2	28.5	0.0	0.0	42902.74	18.3
Ha Noi	2024-04-03	0	35.4	22.7	28.6	0.0	0.0	42863.72	17.9
Ha Noi	2024-04-04	0	34.4	23.7	28.4	0.0	0.0	42499.65	17.1
Ha Noi	2024-04-05	3	28.6	25.1	26.6	0.0	0.0	0.0	19.7
Ha Noi	2024-04-06	51	28.6	24.5	26.2	0.1	1.0	0.0	18.4
Ha Noi	2024-04-07	53	27.8	23.7	25.7	2.4	13.0	0.0	17.1
Ha Noi	2024-04-08	53	24.9	21.1	23.3	3.3	11.0	0.0	20.2
Ha Noi	2024-04-09	51	26.1	21.8	23.6	1.2	7.0	3150.26	11.3
Ha Noi	2024-04-10	51	27.4	21.7	24.2	0.3	3.0	7373.24	13.8
Ha Noi	2024-04-11	51	28.6	22.5	25.3	0.6	4.0	5077.8	16.4
Ha Noi	2024-04-12	51	30.4	24.3	26.7	0.8	8.0	30263.01	20.5
Ha Noi	2024-04-13	51	30.5	24.7	26.9	0.1	1.0	18551.71	20.3
Ha Noi	2024-04-14	51	32.0	23.8	27.0	0.2	2.0	17404.6	18.5
Ha Noi	2024-04-15	51	32.0	24.4	27.3	0.5	3.0	25477.52	20.9
Ha Noi	2024-04-16	51	31.6	24.5	27.3	0.1	1.0	34673.92	22.8
Ha Noi	2024-04-17	51	32.6	24.6	27.7	0.2	2.0	21686.29	18.2
Ha Noi	2024-04-18	51	33.2	24.5	27.8	0.3	2.0	31447.25	20.0
Ha Noi	2024-04-19	61	34.3	25.3	29.1	3.9	2.0	34550.79	23.3
Ha Noi	2024-04-20	63	34.2	26.8	29.9	3.7	1.0	40330.17	21.8
Ha Noi	2024-04-21	51	31.3	25.7	28.0	0.3	3.0	33321.22	25.7
Ha Noi	2024-04-22	51	30.6	24.4	26.8	0.6	6.0	13714.67	15.5
Ha Noi	2024-04-23	53	30.5	25.4	27.0	2.2	9.0	30107.93	20.3
Ha Noi	2024-04-24	63	29.4	24.0	26.7	8.2	10.0	9289.64	17.3
Ha Noi	2024-04-25	51	34.6	24.8	29.2	0.4	2.0	33970.81	17.4
Ha Noi	2024-04-26	3	36.3	24.8	30.6	0.0	0.0	43200.0	16.4
Ha Noi	2024-04-27	0	40.2	26.1	32.3	0.0	0.0	43200.0	20.4
Ha Noi	2024-04-28	0	37.1	25.6	30.7	0.0	0.0	43200.0	17.3
Ha Noi	2024-04-29	3	37.5	26.2	31.7	0.0	0.0	41384.29	22.3
Ha Noi	2024-04-30	2	38.8	29.5	33.0	0.0	0.0	43200.0	29.2
Ha Noi	2024-05-01	51	30.5	25.3	27.5	0.1	1.0	20488.1	24.6
Ha Noi	2024-05-02	53	29.2	22.8	25.7	2.7	9.0	2156.05	15.1
Ha Noi	2024-05-03	63	30.4	23.9	26.7	17.8	16.0	16601.62	20.1
Ha Noi	2024-05-04	51	33.9	25.5	28.8	0.7	4.0	39093.54	16.2
Ha Noi	2024-05-05	51	28.3	24.6	26.1	0.2	2.0	1551.41	16.4
Ha Noi	2024-05-06	63	28.4	23.9	25.9	25.6	12.0	11965.39	14.1
Ha Noi	2024-05-07	63	30.2	23.8	26.0	16.3	15.0	26405.86	14.1
Ha Noi	2024-05-08	63	30.7	24.0	26.2	9.2	11.0	24047.54	18.8
Ha Noi	2024-05-09	63	29.2	23.2	25.7	18.0	20.0	30506.93	14.0
Ha Noi	2024-05-10	51	30.9	24.2	26.9	1.5	10.0	29207.91	17.0
Ha Noi	2024-05-11	63	30.9	25.2	27.7	5.9	7.0	26690.94	20.7
Ha Noi	2024-05-12	65	29.8	24.3	26.7	33.6	14.0	23683.43	17.0
Ha Noi	2024-05-13	65	30.7	24.2	26.9	15.9	13.0	40868.18	13.8
Ha Noi	2024-05-14	55	31.4	23.7	27.4	1.6	4.0	41744.04	17.3
Ha Noi	2024-05-15	65	31.2	24.8	26.8	35.2	16.0	28355.14	12.5
Ha Noi	2024-05-16	63	31.2	23.6	26.9	14.3	6.0	38899.6	14.8
Ha Noi	2024-05-17	51	30.5	24.4	27.3	0.3	2.0	36846.42	17.1
Ha Noi	2024-05-18	63	31.0	25.2	27.7	19.4	15.0	27004.34	19.2
Ha Noi	2024-05-19	63	31.2	25.2	27.1	20.1	11.0	13602.67	15.8
Ha Noi	2024-05-20	51	31.2	24.2	27.3	1.3	5.0	24912.08	13.5
Ha Noi	2024-05-21	63	31.4	24.7	27.2	4.1	5.0	23167.08	14.0
Ha Noi	2024-05-22	61	31.0	24.3	27.1	3.2	11.0	29550.27	12.2
Ha Noi	2024-05-23	63	30.3	24.3	26.9	9.5	13.0	22857.51	10.8
Ha Noi	2024-05-24	53	31.0	25.3	27.7	1.8	7.0	37616.89	14.2
Ha Noi	2024-05-25	63	30.9	25.7	27.7	18.0	14.0	22018.59	19.4
Ha Noi	2024-05-26	53	33.5	26.6	29.8	2.8	8.0	40829.36	18.8
Ha Noi	2024-05-27	3	35.2	27.4	31.1	0.0	0.0	31952.08	15.3
Ha Noi	2024-05-28	51	32.9	27.2	29.5	0.2	1.0	8731.01	14.8
Ha Noi	2024-05-29	51	34.6	27.1	30.6	0.6	4.0	39131.52	19.6
Ha Noi	2024-05-30	63	33.1	25.8	28.1	23.6	13.0	26586.0	19.5
Ha Noi	2024-05-31	61	27.3	25.4	26.2	4.8	5.0	157.61	14.8
Ha Noi	2024-06-01	3	33.3	24.8	28.8	0.0	0.0	41975.83	14.8
Ha Noi	2024-06-02	65	33.1	25.8	28.8	15.2	11.0	33013.4	17.1
Ha Noi	2024-06-03	65	33.7	26.7	29.0	37.6	11.0	24257.68	10.3
Ha Noi	2024-06-04	65	32.9	26.1	28.3	30.3	14.0	25200.0	10.9
Ha Noi	2024-06-05	65	29.6	24.8	26.2	102.4	24.0	7696.58	17.0
Ha Noi	2024-06-06	65	29.5	24.2	26.1	53.6	14.0	14974.56	11.3
Ha Noi	2024-06-07	55	31.5	24.4	27.3	3.9	12.0	24886.12	14.1
Ha Noi	2024-06-08	65	29.4	24.7	27.0	56.8	24.0	513.79	10.8
Ha Noi	2024-06-09	63	29.3	25.4	26.7	32.9	24.0	0.0	12.1
Ha Noi	2024-06-10	63	30.6	25.1	26.8	43.7	18.0	9926.56	9.7
Ha Noi	2024-06-11	65	31.9	24.7	28.3	19.0	10.0	22652.04	12.4
Ha Noi	2024-06-12	61	34.2	26.4	30.0	3.2	4.0	34307.13	12.8
Ha Noi	2024-06-13	3	35.6	27.6	31.6	0.0	0.0	37230.1	14.2
Ha Noi	2024-06-14	3	34.0	29.2	31.5	0.0	0.0	17884.07	12.4
Ha Noi	2024-06-15	51	33.3	27.7	30.5	0.1	1.0	17710.65	13.0
Ha Noi	2024-06-16	55	35.0	27.2	30.6	3.9	6.0	27548.58	17.1
Ha Noi	2024-06-17	65	36.1	27.5	31.1	23.2	5.0	36107.39	13.0
Ha Noi	2024-06-18	55	34.4	28.1	30.8	1.0	1.0	27326.51	11.7
Ha Noi	2024-06-19	63	35.8	28.1	31.4	6.4	3.0	36511.6	16.3
Ha Noi	2024-06-20	53	35.2	27.9	31.5	0.5	1.0	39600.0	17.4
Ha Noi	2024-06-21	3	35.7	28.7	32.0	0.0	0.0	43610.39	17.4
Ha Noi	2024-06-22	61	33.8	28.5	30.6	2.8	7.0	43856.69	14.1
Ha Noi	2024-06-23	63	33.3	27.0	29.2	6.2	9.0	35402.7	19.3
Ha Noi	2024-06-24	63	29.3	25.4	27.2	21.9	23.0	6164.03	9.8
Ha Noi	2024-06-25	63	30.6	25.1	26.9	23.8	22.0	10752.62	14.9
Ha Noi	2024-06-26	63	30.9	24.7	27.1	26.5	19.0	27757.75	16.4
Ha Noi	2024-06-27	65	30.5	24.4	27.5	22.6	15.0	21587.65	16.8
Ha Noi	2024-06-28	51	32.6	25.9	29.2	0.4	3.0	43661.39	18.8
Ha Noi	2024-06-29	3	35.1	26.5	30.7	0.0	0.0	44146.48	18.8
Ha Noi	2024-06-30	51	36.0	28.3	32.0	0.2	1.0	38356.46	16.5
Ha Noi	2024-07-01	3	35.3	29.2	31.7	0.0	0.0	35255.72	17.0
Ha Noi	2024-07-02	63	32.7	27.1	30.0	11.6	10.0	23550.23	16.3
Ha Noi	2024-07-03	65	31.0	25.6	28.3	40.4	16.0	7542.79	16.6
Ha Noi	2024-07-04	61	32.1	25.3	28.4	7.6	10.0	33577.88	14.9
Ha Noi	2024-07-05	53	32.6	25.7	28.9	1.3	6.0	44454.4	16.6
Ha Noi	2024-07-06	53	33.0	25.9	29.2	1.6	8.0	44195.1	16.6
Ha Noi	2024-07-07	61	32.9	26.3	29.5	2.3	4.0	44739.1	19.2
Ha Noi	2024-07-08	51	33.4	26.7	29.9	0.5	5.0	44213.83	18.4
Ha Noi	2024-07-09	51	34.2	27.7	30.5	1.0	6.0	43956.78	18.4
Ha Noi	2024-07-10	63	34.3	27.5	30.3	7.3	9.0	43700.72	12.7
Ha Noi	2024-07-11	63	35.0	26.4	30.4	4.5	2.0	44245.48	17.1
Ha Noi	2024-07-12	51	34.0	27.2	30.5	0.4	4.0	44257.06	13.3
Ha Noi	2024-07-13	61	33.1	27.6	30.1	4.7	13.0	43471.44	15.1
Ha Noi	2024-07-14	61	32.7	25.6	28.3	8.9	12.0	38449.35	18.6
Ha Noi	2024-07-15	63	31.6	25.5	27.5	28.9	19.0	25560.94	11.5
Ha Noi	2024-07-16	65	31.3	24.6	27.6	23.5	21.0	30908.88	18.4
Ha Noi	2024-07-17	63	30.8	24.9	27.4	34.0	22.0	29364.78	12.2
Ha Noi	2024-07-18	63	31.2	25.3	27.4	20.7	22.0	33246.29	17.2
Ha Noi	2024-07-19	65	31.6	24.9	27.3	24.4	19.0	29905.57	17.5
Ha Noi	2024-07-20	63	31.2	25.6	28.2	6.4	15.0	37497.63	13.4
Ha Noi	2024-07-21	63	33.3	25.9	28.7	6.6	13.0	39949.1	14.5
Ha Noi	2024-07-22	61	32.2	25.9	28.3	10.1	10.0	13499.78	11.8
Ha Noi	2024-07-23	65	27.8	25.3	26.4	115.4	24.0	0.0	20.7
Ha Noi	2024-07-24	65	31.3	25.2	27.7	43.0	23.0	32934.35	15.9
Ha Noi	2024-07-25	65	32.6	25.9	28.0	26.1	11.0	24209.4	10.1
Ha Noi	2024-07-26	3	36.7	25.8	31.2	0.0	0.0	39600.0	12.4
Ha Noi	2024-07-27	63	36.3	27.9	31.9	8.2	2.0	39600.0	16.9
Ha Noi	2024-07-28	63	31.1	26.1	28.3	12.9	17.0	8228.31	11.6
Ha Noi	2024-07-29	65	30.8	24.7	26.8	40.9	24.0	7007.96	13.2
Ha Noi	2024-07-30	65	31.0	25.5	27.5	47.1	24.0	9092.32	11.1
Ha Noi	2024-07-31	51	30.7	25.5	27.8	1.0	5.0	11883.18	15.5
Ha Noi	2024-08-01	53	31.3	25.8	28.3	1.9	11.0	25386.32	20.3
Ha Noi	2024-08-02	63	27.4	25.0	26.4	15.3	17.0	631.58	17.6
Ha Noi	2024-08-03	61	32.2	25.0	28.4	4.3	12.0	39600.0	13.7
Ha Noi	2024-08-04	53	32.4	25.3	28.8	2.2	8.0	41957.6	10.5
Ha Noi	2024-08-05	63	32.4	24.5	28.8	10.9	10.0	39600.0	11.0
Ha Noi	2024-08-06	51	33.0	26.3	29.2	0.4	4.0	42027.43	15.6
Ha Noi	2024-08-07	51	34.0	26.7	30.0	0.8	6.0	43200.0	15.4
Ha Noi	2024-08-08	51	34.7	27.8	30.9	0.4	4.0	43200.0	15.5
Ha Noi	2024-08-09	3	35.8	27.9	31.7	0.0	0.0	43200.0	18.4
Ha Noi	2024-08-10	3	36.1	27.9	32.1	0.0	0.0	41230.54	15.6
Ha Noi	2024-08-11	63	32.2	26.4	29.3	6.7	4.0	23732.08	16.7
Ha Noi	2024-08-12	63	31.0	25.9	27.9	26.1	16.0	18267.49	11.2
Ha Noi	2024-08-13	63	31.1	25.1	27.4	23.7	21.0	15454.1	8.4
Ha Noi	2024-08-14	61	31.7	25.4	27.6	6.3	16.0	27939.3	9.5
Ha Noi	2024-08-15	65	32.0	26.0	27.9	15.2	9.0	25608.68	7.6
Ha Noi	2024-08-16	61	32.9	25.9	28.9	3.5	5.0	40348.16	16.9
Ha Noi	2024-08-17	63	32.3	25.5	28.3	6.9	11.0	34740.89	12.1
Ha Noi	2024-08-18	63	31.5	26.7	28.8	8.9	8.0	30236.54	9.3
Ha Noi	2024-08-19	63	33.0	26.7	29.2	4.1	7.0	34239.65	11.3
Ha Noi	2024-08-20	65	33.3	26.7	29.2	13.2	12.0	36000.0	9.0
Ha Noi	2024-08-21	61	31.9	26.3	28.6	4.5	18.0	20689.92	12.0
Ha Noi	2024-08-22	65	32.8	25.4	29.0	19.2	13.0	32124.63	11.8
Ha Noi	2024-08-23	65	29.5	25.0	27.0	40.1	19.0	0.0	11.7
Ha Noi	2024-08-24	65	31.2	23.9	27.4	28.8	24.0	21563.15	14.3
Ha Noi	2024-08-25	63	30.9	25.3	27.6	18.4	14.0	17475.5	11.4
Ha Noi	2024-08-26	65	32.2	25.4	27.8	11.7	12.0	39502.67	13.7
Ha Noi	2024-08-27	63	32.1	24.7	28.6	17.8	14.0	41905.51	13.0
Ha Noi	2024-08-28	3	34.1	26.5	30.3	0.0	0.0	43200.0	12.0
Ha Noi	2024-08-29	51	34.0	26.7	30.1	0.8	4.0	32400.0	9.1
Ha Noi	2024-08-30	65	31.4	25.1	28.3	12.7	13.0	33137.35	12.1
Ha Noi	2024-08-31	63	31.9	24.8	28.3	14.4	11.0	39127.64	13.1
Ha Noi	2024-09-01	63	30.6	25.5	27.8	6.7	10.0	20532.29	10.4
Ha Noi	2024-09-02	63	32.0	25.3	28.5	10.5	12.0	36000.0	12.3
Ha Noi	2024-09-03	3	32.5	26.2	29.0	0.0	0.0	36000.0	14.8
Ha Noi	2024-09-04	3	33.8	25.7	29.7	0.0	0.0	43200.0	9.7
Ha Noi	2024-09-05	61	34.7	26.6	30.3	2.8	5.0	43200.0	16.6
Ha Noi	2024-09-06	65	33.4	25.3	28.5	19.0	12.0	26418.6	18.9
Ha Noi	2024-09-07	65	27.9	24.6	26.1	114.3	24.0	0.0	62.4
Ha Noi	2024-09-08	65	30.8	25.9	27.9	31.6	21.0	1542.43	36.0
Ha Noi	2024-09-09	63	28.2	25.2	26.7	42.3	22.0	3600.0	16.9
Ha Noi	2024-09-10	63	27.0	24.4	25.4	30.4	23.0	4496.38	14.0
Ha Noi	2024-09-11	65	25.9	23.9	24.9	64.1	22.0	0.0	11.6
Ha Noi	2024-09-12	63	29.6	24.1	26.1	17.3	17.0	25634.7	10.1
Ha Noi	2024-09-13	51	31.8	23.9	27.3	0.9	6.0	41328.14	10.5
Ha Noi	2024-09-14	61	32.3	24.6	27.8	2.5	6.0	32400.0	12.9
Ha Noi	2024-09-15	61	32.7	25.0	28.3	3.7	5.0	34648.06	11.2
Ha Noi	2024-09-16	63	30.9	24.6	27.3	15.5	14.0	38304.48	16.6
Ha Noi	2024-09-17	65	29.7	24.4	26.7	30.4	15.0	18413.89	16.4
Ha Noi	2024-09-18	65	32.0	24.4	27.3	22.0	14.0	28979.65	15.8
Ha Noi	2024-09-19	63	31.2	24.5	27.0	12.7	9.0	18000.0	19.2
Ha Noi	2024-09-20	65	32.4	24.6	27.3	28.1	14.0	27592.66	17.7
Ha Noi	2024-09-21	63	32.0	24.7	27.5	20.8	20.0	31996.77	14.4
Ha Noi	2024-09-22	65	26.7	25.0	25.7	76.8	21.0	0.0	20.1
Ha Noi	2024-09-23	63	27.5	23.3	25.3	8.6	5.0	1218.11	18.3
Ha Noi	2024-09-24	3	30.2	22.5	26.0	0.0	0.0	41394.41	12.2
Ha Noi	2024-09-25	3	28.2	23.4	25.7	0.0	0.0	8843.87	8.7
Ha Noi	2024-09-26	51	31.3	22.8	27.0	0.1	1.0	40958.69	13.0
Ha Noi	2024-09-27	51	32.6	24.4	28.2	0.2	1.0	40740.42	16.9
Ha Noi	2024-09-28	51	32.7	25.8	28.9	0.7	4.0	40274.99	17.2
Ha Noi	2024-09-29	63	30.8	26.5	28.3	10.5	9.0	21765.85	17.8
Ha Noi	2024-09-30	65	29.9	24.7	26.6	56.6	21.0	14365.58	14.9
Ha Noi	2024-10-01	61	29.9	23.3	26.3	5.5	8.0	26017.03	23.9
Ha Noi	2024-10-02	3	27.9	21.4	24.1	0.0	0.0	40386.88	20.2
Ha Noi	2024-10-03	3	27.0	21.1	23.5	0.0	0.0	40415.17	17.7
Ha Noi	2024-10-04	3	28.4	19.5	23.7	0.0	0.0	38924.96	12.3
Ha Noi	2024-10-05	2	29.2	19.5	24.3	0.0	0.0	40224.3	9.9
Ha Noi	2024-10-06	2	30.8	20.1	25.1	0.0	0.0	39756.87	12.7
Ha Noi	2024-10-07	3	31.2	22.6	26.5	0.0	0.0	32584.64	15.9
Ha Noi	2024-10-08	1	30.6	22.7	26.2	0.0	0.0	39600.0	17.4
Ha Noi	2024-10-09	3	30.2	22.6	25.9	0.0	0.0	39600.0	14.9
Ha Noi	2024-10-10	1	30.8	21.4	25.9	0.0	0.0	39600.0	10.0
Ha Noi	2024-10-11	3	30.9	21.3	26.1	0.0	0.0	36000.0	12.0
Ha Noi	2024-10-12	51	31.0	22.1	26.3	0.5	2.0	38629.29	13.3
Ha Noi	2024-10-13	51	31.5	22.4	26.7	0.5	5.0	38337.56	13.9
Ha Noi	2024-10-14	53	32.0	22.8	27.2	0.6	1.0	37935.46	13.3
Ha Noi	2024-10-15	63	29.9	23.8	25.9	10.7	14.0	28097.25	10.7
Ha Noi	2024-10-16	53	30.6	23.2	26.3	1.9	7.0	26341.37	10.4
Ha Noi	2024-10-17	51	31.5	24.5	27.3	1.0	7.0	25494.63	13.7
Ha Noi	2024-10-18	51	31.7	24.3	27.7	0.6	6.0	37037.52	11.8
Ha Noi	2024-10-19	53	31.4	24.0	27.3	1.2	6.0	32907.4	11.7
Ha Noi	2024-10-20	53	32.3	24.1	27.9	1.5	6.0	38873.19	15.4
Ha Noi	2024-10-21	63	29.4	24.3	26.3	8.0	5.0	17730.4	16.0
Ha Noi	2024-10-22	53	32.2	23.4	27.3	1.0	4.0	39009.12	21.3
Ha Noi	2024-10-23	3	29.1	23.5	26.0	0.0	0.0	34685.88	21.0
Ha Noi	2024-10-24	3	29.8	19.4	24.1	0.0	0.0	39600.0	13.8
Ha Noi	2024-10-25	3	30.4	17.8	23.6	0.0	0.0	39600.0	11.6
Ha Noi	2024-10-26	3	31.2	20.6	25.9	0.0	0.0	39598.25	22.6
Ha Noi	2024-10-27	63	24.8	19.8	22.0	12.8	11.0	5724.35	27.1
Ha Noi	2024-10-28	61	23.3	19.5	21.3	6.7	10.0	1489.9	20.3
Ha Noi	2024-10-29	61	25.4	19.1	21.8	5.2	9.0	3764.65	16.8
Ha Noi	2024-10-30	3	28.5	20.8	24.2	0.0	0.0	38956.36	14.6
Ha Noi	2024-10-31	3	30.0	20.1	25.0	0.0	0.0	39456.14	9.5
Ha Noi	2024-11-01	3	31.0	21.4	25.6	0.0	0.0	39426.33	16.3
Ha Noi	2024-11-02	3	29.1	20.1	23.8	0.0	0.0	39396.08	18.5
Ha Noi	2024-11-03	3	28.3	19.3	23.7	0.0	0.0	24256.74	13.4
Ha Noi	2024-11-04	51	27.3	23.2	24.6	0.1	1.0	11650.75	16.6
Ha Noi	2024-11-05	51	27.0	21.6	23.7	0.1	1.0	790.63	13.9
Ha Noi	2024-11-06	3	27.0	21.0	23.5	0.0	0.0	5732.96	13.0
Ha Noi	2024-11-07	3	28.7	19.9	23.4	0.0	0.0	35895.55	14.6
Ha Noi	2024-11-08	1	28.1	17.6	22.6	0.0	0.0	39205.47	11.0
Ha Noi	2024-11-09	1	28.7	16.3	22.5	0.0	0.0	39172.08	7.5
Ha Noi	2024-11-10	0	29.6	17.7	23.2	0.0	0.0	39137.98	12.4
Ha Noi	2024-11-11	3	31.1	19.4	24.9	0.0	0.0	36682.69	9.0
Ha Noi	2024-11-12	3	31.2	20.6	25.7	0.0	0.0	38679.7	12.6
Ha Noi	2024-11-13	3	31.6	21.2	25.9	0.0	0.0	37372.63	16.2
Ha Noi	2024-11-14	51	32.2	22.4	26.7	0.1	1.0	32400.0	13.9
Ha Noi	2024-11-15	3	32.1	23.4	27.3	0.0	0.0	32364.03	14.9
Ha Noi	2024-11-16	51	32.1	24.2	27.3	0.7	5.0	35202.01	13.8
Ha Noi	2024-11-17	3	31.7	22.7	26.9	0.0	0.0	32606.4	9.7
Ha Noi	2024-11-18	63	28.6	22.2	24.1	7.6	10.0	18682.33	14.9
Ha Noi	2024-11-19	3	30.3	21.3	25.1	0.0	0.0	37260.54	13.4
Ha Noi	2024-11-20	0	28.3	19.8	23.6	0.0	0.0	37817.61	16.5
Ha Noi	2024-11-21	3	27.3	18.0	22.4	0.0	0.0	37841.81	13.9
Ha Noi	2024-11-22	3	26.4	19.8	22.6	0.0	0.0	33770.43	15.9
Ha Noi	2024-11-23	3	26.4	19.8	22.3	0.0	0.0	28593.55	12.3
Ha Noi	2024-11-24	51	26.1	17.5	22.1	0.1	1.0	15776.87	8.6
Ha Noi	2024-11-25	51	29.0	19.2	23.7	0.5	5.0	32276.79	13.6
Ha Noi	2024-11-26	51	21.9	18.1	20.2	0.6	5.0	0.0	20.9
Ha Noi	2024-11-27	3	23.8	17.7	19.8	0.0	0.0	9159.33	18.0
Ha Noi	2024-11-28	3	24.1	16.4	19.8	0.0	0.0	36927.29	14.3
Ha Noi	2024-11-29	3	24.5	14.6	19.2	0.0	0.0	36948.7	10.5
Ha Noi	2024-11-30	3	25.2	13.7	19.5	0.0	0.0	36970.31	11.1
Ha Noi	2024-12-01	3	27.1	14.2	20.4	0.0	0.0	36682.43	15.4
Ha Noi	2024-12-02	3	26.3	18.3	22.1	0.0	0.0	3428.06	13.1
Ha Noi	2024-12-03	51	25.6	19.5	22.4	0.2	2.0	4135.14	12.1
Ha Noi	2024-12-04	51	27.5	19.8	23.1	0.1	1.0	28800.0	16.3
Ha Noi	2024-12-05	3	27.8	18.9	22.9	0.0	0.0	18000.0	15.0
Ha Noi	2024-12-06	61	24.1	18.8	21.0	5.9	13.0	665.34	18.0
Ha Noi	2024-12-07	3	20.8	17.2	19.4	0.0	0.0	1120.4	16.5
Ha Noi	2024-12-08	51	19.2	14.4	16.8	0.6	5.0	1869.78	15.6
Ha Noi	2024-12-09	3	21.7	13.9	17.8	0.0	0.0	11871.21	10.0
Ha Noi	2024-12-10	51	25.4	17.6	20.8	0.2	2.0	16244.74	11.1
Ha Noi	2024-12-11	55	23.5	16.2	19.4	2.7	5.0	10155.58	19.8
Ha Noi	2024-12-12	51	18.1	14.5	16.4	0.7	4.0	0.0	14.2
Ha Noi	2024-12-13	51	18.0	14.2	16.0	0.2	1.0	939.69	16.7
Ha Noi	2024-12-14	51	15.9	12.8	14.6	0.4	4.0	39.9	18.9
Ha Noi	2024-12-15	51	15.5	12.6	14.2	0.1	1.0	0.0	15.1
Ha Noi	2024-12-16	3	19.7	12.8	15.5	0.0	0.0	26577.95	9.1
Ha Noi	2024-12-17	3	22.8	9.4	16.3	0.0	0.0	30714.58	8.1
Ha Noi	2024-12-18	3	23.4	14.9	18.4	0.0	0.0	32905.5	14.8
Ha Noi	2024-12-19	3	22.4	13.0	16.9	0.0	0.0	28800.0	12.8
Ha Noi	2024-12-20	2	23.1	10.6	16.2	0.0	0.0	35921.8	18.8
Ha Noi	2024-12-21	3	21.3	11.7	16.3	0.0	0.0	16713.8	11.0
Ha Noi	2024-12-22	3	21.9	12.4	16.4	0.0	0.0	36000.0	12.9
Ha Noi	2024-12-23	3	22.3	11.0	16.1	0.0	0.0	36000.0	9.1
Ha Noi	2024-12-24	3	22.0	13.2	17.3	0.0	0.0	33324.15	14.5
Ha Noi	2024-12-25	3	24.1	12.8	18.7	0.0	0.0	32036.5	9.6
Ha Noi	2024-12-26	3	23.1	16.5	19.8	0.0	0.0	11274.56	12.6
Ha Noi	2024-12-27	51	19.4	15.6	17.5	0.9	7.0	2214.72	13.1
Ha Noi	2024-12-28	3	21.5	14.5	17.5	0.0	0.0	32400.0	16.4
Ha Noi	2024-12-29	3	23.2	10.8	16.2	0.0	0.0	28427.52	16.5
Ha Noi	2024-12-30	3	22.2	11.9	17.2	0.0	0.0	15145.13	7.3
Ha Noi	2024-12-31	3	22.0	14.6	18.3	0.0	0.0	21984.64	12.2
Ha Noi	2025-01-01	2	24.2	12.4	17.6	0.0	0.0	36000.0	10.7
Ha Noi	2025-01-02	2	25.0	12.6	18.5	0.0	0.0	36000.0	10.9
Ha Noi	2025-01-03	3	25.4	14.2	19.3	0.0	0.0	36000.0	12.1
Ha Noi	2025-01-04	3	24.1	12.6	18.3	0.0	0.0	32376.68	15.1
Ha Noi	2025-01-05	3	24.6	13.6	18.7	0.0	0.0	36000.0	10.1
Ha Noi	2025-01-06	0	24.1	12.5	18.1	0.0	0.0	36000.0	12.2
Ha Noi	2025-01-07	3	23.6	12.4	17.8	0.0	0.0	31891.01	13.3
Ha Noi	2025-01-08	51	23.8	14.3	18.8	0.7	4.0	28495.82	14.0
Ha Noi	2025-01-09	3	22.8	16.2	18.6	0.0	0.0	14463.54	21.1
Ha Noi	2025-01-10	3	18.9	13.4	15.8	0.0	0.0	23049.29	21.2
Ha Noi	2025-01-11	3	18.3	11.2	14.8	0.0	0.0	15461.22	18.2
Ha Noi	2025-01-12	3	19.9	9.0	14.1	0.0	0.0	36455.69	11.5
Ha Noi	2025-01-13	1	21.0	7.4	14.7	0.0	0.0	36164.55	12.6
Ha Noi	2025-01-14	3	23.0	9.8	16.8	0.0	0.0	32931.83	12.0
Ha Noi	2025-01-15	51	22.7	16.5	19.1	0.3	2.0	27701.64	18.2
Ha Noi	2025-01-16	3	23.1	14.3	17.8	0.0	0.0	36634.02	15.6
Ha Noi	2025-01-17	0	22.4	10.6	16.4	0.0	0.0	36610.95	16.6
Ha Noi	2025-01-18	3	21.4	12.4	17.1	0.0	0.0	20449.55	8.7
Ha Noi	2025-01-19	3	23.9	13.2	18.3	0.0	0.0	34943.12	13.3
Ha Noi	2025-01-20	3	25.2	12.1	18.4	0.0	0.0	36541.72	11.1
Ha Noi	2025-01-21	3	25.1	12.4	18.2	0.0	0.0	32125.89	17.3
Ha Noi	2025-01-22	3	23.1	14.2	18.7	0.0	0.0	19515.16	12.2
Ha Noi	2025-01-23	51	23.4	15.8	19.2	0.2	2.0	1476.08	14.6
Ha Noi	2025-01-24	53	26.3	17.2	20.8	2.9	9.0	16742.8	17.4
Ha Noi	2025-01-25	55	24.1	19.6	21.3	2.9	11.0	4377.0	19.3
Ha Noi	2025-01-26	63	20.2	13.5	14.9	10.9	15.0	0.0	26.4
Ha Noi	2025-01-27	51	18.2	12.6	14.7	0.1	1.0	29448.91	16.1
Ha Noi	2025-01-28	51	18.2	10.5	13.5	0.3	2.0	23279.17	14.2
Ha Noi	2025-01-29	3	19.3	8.2	13.5	0.0	0.0	25669.81	8.3
Ha Noi	2025-01-30	3	23.2	9.8	16.4	0.0	0.0	31201.81	18.1
Ha Noi	2025-01-31	51	26.0	15.8	20.1	0.2	2.0	18705.45	18.3
Ha Noi	2025-02-01	51	25.4	19.0	20.9	1.6	11.0	17227.8	18.8
Ha Noi	2025-02-02	51	23.7	18.4	20.8	1.2	9.0	14.18	16.9
Ha Noi	2025-02-03	61	17.4	13.8	15.6	5.8	13.0	0.0	21.2
Ha Noi	2025-02-04	3	19.3	12.9	15.4	0.0	0.0	18000.0	15.5
Ha Noi	2025-02-05	51	19.1	11.6	15.6	0.5	2.0	4256.23	11.9
Ha Noi	2025-02-06	51	21.4	15.5	17.4	2.1	15.0	119.32	17.4
Ha Noi	2025-02-07	55	16.2	12.6	14.3	5.8	12.0	0.0	17.9
Ha Noi	2025-02-08	51	16.3	10.9	13.3	0.8	4.0	353.7	12.5
Ha Noi	2025-02-09	3	16.5	11.3	13.5	0.0	0.0	13186.27	10.0
Ha Noi	2025-02-10	3	20.0	8.9	14.6	0.0	0.0	11454.91	12.7
Ha Noi	2025-02-11	3	23.5	11.7	17.1	0.0	0.0	18449.95	18.8
Ha Noi	2025-02-12	51	23.4	15.7	19.6	0.2	2.0	2762.67	9.0
Ha Noi	2025-02-13	55	23.1	16.6	19.2	2.4	6.0	9899.89	15.9
Ha Noi	2025-02-14	51	22.8	17.0	19.2	0.5	4.0	0.0	15.6
Ha Noi	2025-02-15	51	24.9	18.6	20.8	0.5	2.0	7946.92	15.5
Ha Noi	2025-02-16	61	19.9	15.8	17.5	6.6	9.0	0.0	14.6
Ha Noi	2025-02-17	51	22.7	15.7	18.5	0.4	4.0	5302.47	10.2
Ha Noi	2025-02-18	51	19.6	15.4	17.1	2.0	13.0	0.0	11.8
Ha Noi	2025-02-19	53	20.4	16.2	17.9	2.3	10.0	0.0	10.3
Ha Noi	2025-02-20	51	22.7	17.5	19.7	0.7	6.0	904.54	12.3
Ha Noi	2025-02-21	51	22.2	17.4	19.6	0.6	6.0	4376.47	15.5
Ha Noi	2025-02-22	51	22.1	17.6	19.5	0.6	4.0	0.0	12.2
Ha Noi	2025-02-23	51	19.0	14.9	17.0	0.8	4.0	0.0	17.9
Ha Noi	2025-02-24	51	15.5	12.4	13.8	1.2	10.0	0.0	13.5
Ha Noi	2025-02-25	61	15.9	12.9	14.0	9.8	16.0	0.0	9.0
Ha Noi	2025-02-26	53	19.4	13.6	15.6	2.1	9.0	10697.3	9.8
Ha Noi	2025-02-27	3	22.7	15.2	18.2	0.0	0.0	17062.07	15.5
Ha Noi	2025-02-28	51	24.9	17.3	20.6	0.3	3.0	10804.54	18.2
Ha Noi	2025-03-01	51	28.1	19.4	22.6	0.1	1.0	18952.29	19.8
Ha Noi	2025-03-02	51	28.4	21.2	23.6	0.4	4.0	18713.35	17.8
Ha Noi	2025-03-03	51	28.5	20.9	24.0	0.2	2.0	13886.01	16.0
Ha Noi	2025-03-04	51	29.5	22.4	24.9	0.5	5.0	29605.47	17.5
Ha Noi	2025-03-05	55	24.9	18.3	22.7	4.9	19.0	1851.87	21.3
Ha Noi	2025-03-06	53	17.2	13.3	15.3	2.5	10.0	93.86	22.0
Ha Noi	2025-03-07	51	18.3	13.2	15.3	0.1	1.0	11731.6	13.8
Ha Noi	2025-03-08	3	19.1	14.5	16.2	0.0	0.0	2342.62	9.9
Ha Noi	2025-03-09	51	21.3	15.5	17.9	0.1	1.0	1236.17	9.7
Ha Noi	2025-03-10	51	23.4	17.3	19.9	0.7	4.0	2723.72	11.2
Ha Noi	2025-03-11	51	26.0	17.3	21.0	0.3	2.0	11391.43	16.6
Ha Noi	2025-03-12	51	26.7	20.9	23.3	0.9	6.0	8220.43	16.0
Ha Noi	2025-03-13	51	25.4	21.7	23.4	1.7	11.0	1364.18	17.2
Ha Noi	2025-03-14	51	28.1	22.3	24.4	0.6	6.0	11104.83	18.1
Ha Noi	2025-03-15	51	26.4	20.7	23.6	1.9	13.0	1226.41	20.8
Ha Noi	2025-03-16	53	21.0	15.6	18.4	0.9	4.0	17168.01	19.0
Ha Noi	2025-03-17	3	20.6	15.6	17.6	0.0	0.0	16868.02	12.0
Ha Noi	2025-03-18	3	20.3	15.7	17.2	0.0	0.0	14245.55	15.8
Ha Noi	2025-03-19	3	23.0	13.0	18.1	0.0	0.0	39914.12	15.1
Ha Noi	2025-03-20	3	24.2	12.6	18.3	0.0	0.0	40775.17	10.9
Ha Noi	2025-03-21	3	25.3	12.4	19.1	0.0	0.0	41224.55	11.8
Ha Noi	2025-03-22	3	25.6	13.3	19.6	0.0	0.0	41154.14	13.3
Ha Noi	2025-03-23	3	26.1	16.3	20.9	0.0	0.0	28964.92	14.3
Ha Noi	2025-03-24	3	28.5	16.6	22.4	0.0	0.0	40161.26	15.9
Ha Noi	2025-03-25	3	30.2	19.2	23.9	0.0	0.0	40662.84	16.7
Ha Noi	2025-03-26	3	30.4	19.9	24.1	0.0	0.0	34471.12	18.6
Ha Noi	2025-03-27	3	32.4	21.1	25.6	0.0	0.0	32517.56	18.5
Ha Noi	2025-03-28	51	30.6	21.0	25.5	0.4	4.0	24342.34	15.1
Ha Noi	2025-03-29	63	24.9	14.3	17.0	9.7	19.0	0.0	22.3
Ha Noi	2025-03-30	51	17.7	12.7	14.9	1.0	8.0	2682.45	17.4
Ha Noi	2025-03-31	3	18.7	13.4	15.2	0.0	0.0	21855.78	11.3
Ha Noi	2025-04-01	3	22.3	13.9	17.9	0.0	0.0	33946.67	8.7
Ha Noi	2025-04-02	3	25.1	13.4	19.1	0.0	0.0	33242.94	8.4
Ha Noi	2025-04-03	3	26.5	14.3	20.2	0.0	0.0	38403.76	15.9
Ha Noi	2025-04-04	51	25.7	16.4	21.0	0.2	2.0	25001.86	20.1
Ha Noi	2025-04-05	51	24.4	20.0	21.8	1.4	8.0	2821.3	9.8
Ha Noi	2025-04-06	53	26.5	20.7	22.9	1.2	6.0	6441.82	13.0
Ha Noi	2025-04-07	53	25.7	19.7	22.1	1.0	5.0	2826.01	12.3
Ha Noi	2025-04-08	51	27.8	19.5	23.2	0.7	5.0	6659.77	15.2
Ha Noi	2025-04-09	51	28.9	22.2	24.8	0.6	6.0	13238.27	18.7
Ha Noi	2025-04-10	51	29.2	22.7	24.8	0.9	6.0	12168.57	17.9
Ha Noi	2025-04-11	51	31.7	22.5	26.0	0.5	5.0	22131.97	16.3
Ha Noi	2025-04-12	63	33.2	21.8	26.2	9.7	7.0	23902.0	24.8
Ha Noi	2025-04-13	55	26.4	19.0	22.3	2.0	3.0	36761.12	14.9
Ha Noi	2025-04-14	63	25.4	18.6	21.6	3.7	3.0	21823.47	9.5
Ha Noi	2025-04-15	3	32.0	16.9	24.1	0.0	0.0	41341.39	13.3
Ha Noi	2025-04-16	3	30.4	18.3	24.1	0.0	0.0	34498.18	20.5
Ha Noi	2025-04-17	51	32.3	21.9	26.2	0.1	1.0	26298.42	18.3
Ha Noi	2025-04-18	51	32.9	22.8	27.7	0.5	2.0	28617.89	17.6
Ha Noi	2025-04-19	3	35.8	24.7	29.5	0.0	0.0	39067.03	18.5
Ha Noi	2025-04-20	51	34.1	25.0	28.9	0.1	1.0	41961.26	18.6
Ha Noi	2025-04-21	3	34.5	24.9	28.7	0.0	0.0	38662.98	20.6
Ha Noi	2025-04-22	3	35.9	25.1	29.6	0.0	0.0	42589.44	20.1
Ha Noi	2025-04-23	65	35.6	25.1	28.3	50.0	5.0	32392.68	16.2
Ha Noi	2025-04-24	63	32.6	24.4	28.0	6.3	5.0	25740.79	14.9
Ha Noi	2025-04-25	65	29.2	22.8	25.6	39.5	8.0	17469.21	14.9
Ha Noi	2025-04-26	51	29.3	23.7	26.0	0.2	2.0	9807.85	16.0
Ha Noi	2025-04-27	51	31.5	25.2	27.5	1.2	8.0	28172.62	14.9
Ha Noi	2025-04-28	65	28.8	23.5	25.4	28.3	12.0	12412.87	15.3
Ha Noi	2025-04-29	61	29.6	22.6	25.7	2.9	7.0	30578.51	14.6
Ha Noi	2025-04-30	63	30.3	23.8	26.4	11.0	17.0	33527.22	12.2
Ha Noi	2025-05-01	63	28.3	23.5	25.4	18.2	10.0	21333.21	11.7
Ha Noi	2025-05-02	3	31.2	22.2	26.8	0.0	0.0	43200.0	13.6
Ha Noi	2025-05-03	3	31.5	24.5	27.3	0.0	0.0	26527.33	15.1
Ha Noi	2025-05-04	51	33.5	25.2	28.7	0.7	6.0	39796.86	19.6
Ha Noi	2025-05-05	3	34.6	25.5	29.6	0.0	0.0	43163.31	17.9
Ha Noi	2025-05-06	53	32.6	26.2	29.1	1.0	5.0	39405.01	14.9
Ha Noi	2025-05-07	51	34.5	25.8	29.7	0.8	6.0	40104.66	16.8
Ha Noi	2025-05-08	51	35.2	27.0	30.6	0.1	1.0	43200.0	18.6
Ha Noi	2025-05-09	63	32.7	26.2	28.8	7.7	8.0	41446.63	23.6
Ha Noi	2025-05-10	63	31.3	23.6	26.8	24.8	14.0	36699.3	25.1
Ha Noi	2025-05-11	63	26.6	20.3	22.7	12.1	11.0	23506.76	20.3
Ha Noi	2025-05-12	3	28.1	18.7	23.5	0.0	0.0	43200.0	13.2
Ha Noi	2025-05-13	3	29.7	20.4	25.1	0.0	0.0	39561.08	17.1
Ha Noi	2025-05-14	61	29.4	23.6	26.5	4.7	9.0	34005.43	14.8
Ha Noi	2025-05-15	63	29.8	24.6	26.1	18.0	14.0	11221.3	14.9
Ha Noi	2025-05-16	63	28.8	25.4	27.0	18.5	17.0	605.4	13.2
Ha Noi	2025-05-17	63	31.3	25.9	27.7	11.8	14.0	25474.79	16.7
Ha Noi	2025-05-18	65	31.4	25.5	27.5	20.7	15.0	18557.6	10.8
Ha Noi	2025-05-19	63	30.4	24.3	26.8	19.5	18.0	21433.68	13.3
Ha Noi	2025-05-20	61	32.4	26.3	28.8	4.2	9.0	39342.06	17.9
Ha Noi	2025-05-21	63	32.7	26.6	29.3	4.5	8.0	34950.15	15.2
Ha Noi	2025-05-22	63	30.7	26.9	28.7	11.3	5.0	16827.17	16.1
Ha Noi	2025-05-23	55	29.0	25.4	27.2	3.8	11.0	2631.16	11.7
Ha Noi	2025-05-24	63	24.9	22.2	23.7	31.4	21.0	0.0	19.8
Ha Noi	2025-05-25	51	27.9	22.1	24.1	0.3	3.0	22088.26	17.3
Ha Noi	2025-05-26	3	27.8	20.9	24.2	0.0	0.0	21664.22	12.9
Ha Noi	2025-05-27	53	26.6	23.0	24.5	3.4	12.0	1855.82	7.6
Ha Noi	2025-05-28	63	31.0	23.9	27.0	6.2	13.0	37261.61	13.2
Ha Noi	2025-05-29	53	30.2	24.8	27.0	6.4	22.0	19141.33	14.4
Ha Noi	2025-05-30	63	29.5	22.9	26.0	17.3	11.0	21343.79	14.4
Ha Noi	2025-05-31	51	34.7	25.0	29.3	0.2	2.0	34564.3	16.3
Ha Noi	2025-06-01	3	37.8	27.6	32.0	0.0	0.0	43814.28	16.1
Ha Noi	2025-06-02	51	37.1	28.2	32.3	0.2	1.0	44080.55	13.7
Ha Noi	2025-06-03	65	32.5	25.9	28.8	14.6	7.0	32808.38	14.1
Ha Noi	2025-06-04	65	31.9	24.9	27.5	32.6	18.0	39446.65	11.1
Ha Noi	2025-06-05	63	32.8	24.3	28.5	6.4	8.0	43200.0	15.1
Ha Noi	2025-06-06	63	32.1	26.6	29.2	8.2	10.0	43549.18	14.3
Ha Noi	2025-06-07	63	32.7	27.1	29.7	9.4	8.0	35233.31	13.9
Ha Noi	2025-06-08	65	33.2	26.8	29.3	12.1	8.0	37119.2	11.8
Ha Noi	2025-06-09	63	32.6	24.8	28.2	20.3	17.0	28800.0	10.9
Ha Noi	2025-06-10	63	29.9	24.8	27.4	15.4	12.0	23726.76	17.5
Ha Noi	2025-06-11	53	33.2	25.2	28.7	1.2	2.0	40944.72	14.6
Ha Noi	2025-06-12	51	33.1	26.2	29.3	0.1	1.0	34988.44	21.3
Ha Noi	2025-06-13	61	31.8	25.8	28.8	6.8	9.0	39600.0	19.9
Ha Noi	2025-06-14	53	34.7	27.4	30.3	1.5	3.0	43167.38	13.2
Ha Noi	2025-06-15	65	35.4	26.1	29.1	32.4	9.0	28800.0	14.5
Ha Noi	2025-06-16	53	32.5	25.8	28.1	3.6	12.0	21787.6	10.6
Ha Noi	2025-06-17	55	32.4	26.3	28.8	3.0	7.0	9937.22	14.1
Ha Noi	2025-06-18	55	34.2	27.1	30.2	1.4	2.0	30059.0	17.9
Ha Noi	2025-06-19	53	33.4	27.6	30.3	0.7	2.0	25838.84	15.7
Ha Noi	2025-06-20	65	32.6	26.6	29.7	20.3	8.0	24793.7	17.5
Ha Noi	2025-06-21	65	31.8	25.4	27.7	48.6	21.0	5488.27	11.1
Ha Noi	2025-06-22	65	30.8	24.5	27.1	59.0	21.0	9622.62	12.6
Ha Noi	2025-06-23	63	32.8	24.4	28.6	10.3	12.0	34849.05	14.3
Ha Noi	2025-06-24	61	32.9	25.9	28.7	4.3	9.0	39013.28	15.7
Ha Noi	2025-06-25	61	32.5	25.2	28.6	6.3	7.0	41197.48	12.8
Ha Noi	2025-06-26	61	33.4	25.7	29.1	2.7	4.0	40333.32	9.0
Ha Noi	2025-06-27	65	29.8	24.6	26.5	58.0	23.0	8181.03	13.7
Ha Noi	2025-06-28	65	30.7	24.3	26.8	27.9	17.0	3639.52	15.6
Ha Noi	2025-06-29	63	31.9	24.3	27.2	20.7	17.0	27234.96	15.7
Ha Noi	2025-06-30	65	31.5	24.8	27.2	35.9	19.0	22969.24	11.7
Ha Noi	2025-07-01	63	31.2	24.5	27.0	36.9	18.0	20543.66	14.3
Ha Noi	2025-07-02	63	30.3	24.7	26.7	8.2	16.0	14930.23	14.3
Ha Noi	2025-07-03	63	28.9	24.1	26.5	21.2	21.0	8340.51	14.8
Ha Noi	2025-07-04	63	31.4	24.6	27.5	4.8	6.0	32380.11	7.9
Ha Noi	2025-07-05	51	33.4	24.8	29.1	0.4	1.0	44184.17	10.9
Ha Noi	2025-07-06	65	32.7	25.6	28.6	8.5	4.0	37494.8	13.5
Ha Noi	2025-07-07	61	32.6	25.8	28.6	2.5	8.0	39545.62	10.1
Ha Noi	2025-07-08	51	34.5	26.2	30.3	0.2	2.0	43943.2	10.4
Ha Noi	2025-07-09	51	35.6	26.5	30.1	0.8	3.0	36023.56	16.5
Ha Noi	2025-07-10	51	33.6	26.7	29.4	0.9	5.0	36637.25	12.4
Ha Noi	2025-07-11	65	31.6	25.2	27.4	28.5	21.0	19603.44	13.7
Ha Noi	2025-07-12	63	31.4	24.5	27.1	21.2	18.0	22605.66	11.2
Ha Noi	2025-07-13	55	32.4	24.8	28.4	5.0	16.0	33145.39	11.2
Ha Noi	2025-07-14	55	32.2	26.0	28.5	4.1	8.0	27357.44	8.8
Ha Noi	2025-07-15	51	33.2	26.6	29.4	0.6	4.0	32070.19	11.1
Ha Noi	2025-07-16	63	32.0	26.9	29.6	6.8	9.0	29164.49	11.5
Ha Noi	2025-07-17	51	34.6	26.6	30.6	0.4	3.0	44056.29	10.3
Ha Noi	2025-07-18	3	35.6	27.5	31.5	0.0	0.0	43543.02	10.1
Ha Noi	2025-07-19	65	35.2	24.8	29.4	15.9	5.0	32057.49	10.1
Ha Noi	2025-07-20	61	32.8	25.5	28.5	2.3	4.0	16509.2	15.1
Ha Noi	2025-07-21	63	31.2	26.3	27.9	35.0	18.0	0.0	29.3
Ha Noi	2025-07-22	65	30.8	25.8	27.5	35.3	21.0	26728.6	32.0
Ha Noi	2025-07-23	63	31.3	24.8	27.5	14.5	15.0	36224.15	17.1
Ha Noi	2025-07-24	63	31.1	25.0	27.3	21.2	17.0	22947.61	13.7
Ha Noi	2025-07-25	63	31.3	25.3	27.5	11.0	22.0	16795.71	8.7
Ha Noi	2025-07-26	65	32.5	25.8	28.4	14.9	11.0	36327.08	11.7
Ha Noi	2025-07-27	53	32.6	25.7	28.7	1.2	5.0	43497.65	13.3
Ha Noi	2025-07-28	51	34.3	25.3	29.7	0.2	2.0	43200.0	11.9
Ha Noi	2025-07-29	3	35.4	26.8	31.1	0.0	0.0	43259.67	8.8
Ha Noi	2025-07-30	63	35.8	27.5	31.6	5.8	1.0	41445.76	8.1
Ha Noi	2025-07-31	63	33.8	27.5	30.0	7.7	6.0	32400.0	18.5
Ha Noi	2025-08-01	61	32.3	26.2	28.5	9.5	12.0	39600.0	13.5
Ha Noi	2025-08-02	51	34.7	26.0	30.0	0.4	3.0	43312.25	14.6
Ha Noi	2025-08-03	3	36.5	27.2	31.7	0.0	0.0	43200.0	13.9
Ha Noi	2025-08-04	3	36.9	28.5	32.4	0.0	0.0	41043.7	12.5
Ha Noi	2025-08-05	65	35.0	27.5	29.5	18.4	7.0	16451.13	14.1
Ha Noi	2025-08-06	63	30.2	26.8	28.0	10.5	12.0	0.0	9.4
Ha Noi	2025-08-07	55	32.1	26.0	28.9	2.4	4.0	5971.97	11.9
Ha Noi	2025-08-08	51	35.1	27.1	30.8	0.5	3.0	43200.0	16.8
Ha Noi	2025-08-09	3	35.6	27.6	31.4	0.0	0.0	43200.0	15.7
Ha Noi	2025-08-10	61	34.2	27.9	30.6	6.8	9.0	43200.0	12.7
Ha Noi	2025-08-11	55	34.0	26.7	30.2	2.7	8.0	43200.0	13.4
Ha Noi	2025-08-12	61	33.4	26.7	29.8	3.4	9.0	43200.0	12.1
Ha Noi	2025-08-13	53	32.7	25.9	29.3	1.2	2.0	39363.65	7.8
Ha Noi	2025-08-14	63	32.4	26.8	29.7	6.4	9.0	43200.0	9.5
Ha Noi	2025-08-15	63	28.9	24.7	26.6	12.8	18.0	9672.07	16.0
Ha Noi	2025-08-16	63	30.0	23.4	25.6	27.2	18.0	24043.98	11.0
Ha Noi	2025-08-17	63	31.9	24.3	26.7	17.2	11.0	22487.45	16.1
Ha Noi	2025-08-18	65	29.2	24.1	26.3	37.5	14.0	14293.92	17.3
Ha Noi	2025-08-19	61	29.1	24.6	26.4	12.5	18.0	0.0	12.9
Ha Noi	2025-08-20	61	32.5	25.9	28.7	2.5	7.0	25287.7	16.9
Ha Noi	2025-08-21	65	30.2	25.7	27.8	12.1	7.0	2074.03	16.5
Ha Noi	2025-08-22	63	31.3	26.9	28.7	3.8	7.0	28865.9	15.2
Ha Noi	2025-08-23	63	30.4	25.4	27.8	4.3	5.0	39030.7	11.3
Ha Noi	2025-08-24	63	32.1	25.3	27.6	9.6	7.0	25572.66	14.9
Ha Noi	2025-08-25	63	26.9	24.4	25.9	37.3	20.0	0.0	24.0
Ha Noi	2025-08-26	63	26.8	23.7	24.8	61.1	24.0	0.0	23.3
Ha Noi	2025-08-27	63	28.2	23.6	25.2	22.3	16.0	4174.23	7.0
Ha Noi	2025-08-28	53	30.7	23.7	26.9	2.2	10.0	37881.21	13.0
Ha Noi	2025-08-29	63	30.9	23.9	26.7	10.0	14.0	33102.48	19.3
Ha Noi	2025-08-30	63	30.1	24.4	26.5	20.4	16.0	19200.5	21.4
Ha Noi	2025-08-31	63	30.6	23.5	26.1	15.8	16.0	16390.31	10.2
Ha Noi	2025-09-01	63	30.7	24.2	27.0	10.3	11.0	30463.96	10.1
Ha Noi	2025-09-02	51	31.5	25.0	27.9	0.6	6.0	42017.81	13.8
Ha Noi	2025-09-03	51	32.6	25.4	28.7	0.2	2.0	43200.0	12.8
Ha Noi	2025-09-04	2	32.8	25.5	29.1	0.0	0.0	43200.0	11.5
Ha Noi	2025-09-05	3	33.3	25.7	29.5	0.0	0.0	43200.0	11.8
Ha Noi	2025-09-06	53	32.9	26.1	29.1	0.9	5.0	36000.0	12.6
Ha Noi	2025-09-07	51	33.4	25.7	29.7	0.3	1.0	43200.0	6.9
Ha Noi	2025-09-08	51	34.4	26.5	30.5	0.3	3.0	42589.1	14.0
Ha Noi	2025-09-09	61	32.0	26.3	28.5	3.3	7.0	10951.23	11.7
Ha Noi	2025-09-10	63	31.4	25.6	28.1	9.9	12.0	34418.18	6.9
Ha Noi	2025-09-11	63	30.9	25.1	27.3	24.6	20.0	17460.41	11.9
Ha Noi	2025-09-12	63	31.2	25.0	27.1	9.7	13.0	38434.02	16.0
Ha Noi	2025-09-13	51	32.1	25.0	28.4	0.4	3.0	43068.76	12.2
Ha Noi	2025-09-14	63	31.3	25.1	28.0	3.3	7.0	38401.37	10.2
Ha Noi	2025-09-15	61	30.4	24.6	27.2	4.9	10.0	34092.74	11.6
Ha Noi	2025-09-16	63	31.7	24.2	27.8	11.4	6.0	42016.66	11.0
Ha Noi	2025-09-17	63	31.9	24.6	27.0	9.7	14.0	24785.26	15.6
Ha Noi	2025-09-18	63	30.3	23.8	26.6	16.3	13.0	32332.83	11.1
Ha Noi	2025-09-19	63	32.0	24.0	27.6	10.8	9.0	40794.79	10.9
Ha Noi	2025-09-20	3	33.6	25.2	29.5	0.0	0.0	42504.94	11.7
Ha Noi	2025-09-21	63	33.1	26.3	28.8	4.0	7.0	39276.2	11.2
Ha Noi	2025-09-22	63	30.2	24.4	26.8	14.4	16.0	19914.2	10.7
Ha Noi	2025-09-23	51	31.9	24.3	27.9	0.8	8.0	40124.02	10.9
Ha Noi	2025-09-24	51	33.3	24.9	28.9	0.2	2.0	38684.49	21.7
Ha Noi	2025-09-25	63	27.9	24.2	25.9	17.4	12.0	7253.64	21.3
Ha Noi	2025-09-26	65	29.2	23.8	25.6	20.1	10.0	6178.99	9.2
Ha Noi	2025-09-27	63	31.5	23.8	27.1	12.3	13.0	33225.98	12.9
Ha Noi	2025-09-28	65	30.1	24.6	26.4	36.1	19.0	18650.26	20.1
Ha Noi	2025-09-29	63	25.4	24.2	24.6	73.9	24.0	0.0	34.4
Ha Noi	2025-09-30	63	27.4	23.7	25.2	45.8	24.0	1924.16	17.9
Ha Noi	2025-10-01	53	29.9	23.8	26.5	2.3	12.0	20736.92	12.5
Ha Noi	2025-10-02	51	32.1	24.5	27.9	0.1	1.0	38016.83	10.5
Ha Noi	2025-10-03	0	32.0	24.3	27.9	0.0	0.0	40162.06	12.9
Ha Noi	2025-10-04	51	31.5	25.3	27.8	0.1	1.0	36343.28	8.9
Ha Noi	2025-10-05	61	33.0	24.7	28.5	3.1	3.0	38158.23	12.4
Ha Noi	2025-10-06	65	29.1	23.8	25.7	53.3	21.0	0.0	25.0
Ha Noi	2025-10-07	65	26.8	23.2	24.4	133.0	24.0	0.0	14.9
Ha Noi	2025-10-08	61	29.7	23.2	26.3	4.1	7.0	33680.51	9.7
Ha Noi	2025-10-09	51	31.0	23.5	27.0	0.3	2.0	36000.0	8.8
Ha Noi	2025-10-10	51	31.4	24.1	27.5	0.8	5.0	37942.44	9.9
Ha Noi	2025-10-11	53	29.6	24.2	26.4	1.6	7.0	19283.86	8.3
Ha Noi	2025-10-12	51	30.9	24.4	27.6	0.4	3.0	37372.77	9.1
Ha Noi	2025-10-13	63	30.2	24.6	26.5	10.9	16.0	20199.35	9.7
Ha Noi	2025-10-14	63	28.4	23.7	25.1	24.4	20.0	2014.01	12.5
Ha Noi	2025-10-15	63	29.0	23.6	25.6	8.4	8.0	12663.81	12.1
Ha Noi	2025-10-16	65	30.6	22.2	26.1	17.3	11.0	36000.0	11.3
Ha Noi	2025-10-17	51	31.4	23.8	27.2	0.2	2.0	38684.12	8.2
Ha Noi	2025-10-18	51	31.3	23.7	27.3	0.2	1.0	39600.0	8.1
Ha Noi	2025-10-19	63	30.8	23.7	26.4	6.8	8.0	34511.39	13.4
Ha Noi	2025-10-20	51	29.7	23.3	25.8	0.1	1.0	38864.25	19.3
Ha Noi	2025-10-21	3	27.8	21.4	24.3	0.0	0.0	39600.0	25.2
Ha Noi	2025-10-22	3	24.4	20.6	22.4	0.0	0.0	31411.27	20.8
Ha Noi	2025-10-23	51	21.5	18.9	19.7	0.7	4.0	678.02	19.4
Ha Noi	2025-10-24	53	21.6	18.5	20.0	1.8	6.0	75.24	12.4
Ha Noi	2025-10-25	3	25.5	19.7	22.1	0.0	0.0	15030.85	11.0
Ha Noi	2025-10-26	3	27.7	20.7	23.9	0.0	0.0	29774.41	13.1
Ha Noi	2025-10-27	3	27.0	20.9	23.5	0.0	0.0	18984.01	14.5
Ha Noi	2025-10-28	3	27.0	21.6	23.7	0.0	0.0	17649.26	13.6
Ha Noi	2025-10-29	3	27.2	19.9	23.8	0.0	0.0	35915.48	11.1
Ha Noi	2025-10-30	51	26.0	22.6	23.9	1.9	10.0	11.23	11.5
Ha Noi	2025-10-31	53	25.2	22.2	23.5	4.0	11.0	1116.27	13.8
Ha Noi	2025-11-01	53	22.4	20.0	21.0	3.0	18.0	0.0	15.9
Ha Noi	2025-11-02	53	21.3	19.2	20.3	2.2	13.0	0.0	15.1
Ha Noi	2025-11-03	51	20.1	18.3	19.5	1.7	9.0	0.0	15.7
Ha Noi	2025-11-04	53	20.5	17.9	19.3	1.6	8.0	0.0	17.5
Ha Noi	2025-11-05	51	22.8	19.0	20.8	0.2	2.0	0.0	10.4
Ha Noi	2025-11-06	3	25.2	19.1	22.0	0.0	0.0	7640.78	7.9
Ha Noi	2025-11-07	61	25.3	20.5	23.2	8.3	12.0	0.0	12.6
Ha Noi	2025-11-08	63	28.7	22.2	24.8	13.7	18.0	21432.03	17.5
Ha Noi	2025-11-09	65	27.5	22.7	24.6	40.4	17.0	11373.64	12.4
Ha Noi	2025-11-10	51	27.7	22.2	24.5	0.6	6.0	15371.78	13.1
Ha Noi	2025-11-11	51	24.6	21.6	22.7	0.6	4.0	1684.0	13.9
Ha Noi	2025-11-12	3	24.8	20.3	22.3	0.0	0.0	26935.78	12.6
Ha Noi	2025-11-13	3	26.2	19.3	22.3	0.0	0.0	36064.05	12.5
Ha Noi	2025-11-14	1	25.9	16.1	20.8	0.0	0.0	39000.18	11.7
Ha Noi	2025-11-15	1	27.0	15.9	21.1	0.0	0.0	38963.67	12.6
Ha Noi	2025-11-16	51	25.6	19.2	22.2	0.1	1.0	8459.78	9.7
Ha Noi	2025-11-17	53	25.2	20.8	22.7	1.3	4.0	756.25	10.2
Ha Noi	2025-11-18	55	21.7	13.4	17.8	15.4	24.0	0.0	24.7
Ha Noi	2025-11-19	53	17.0	13.1	14.6	1.7	6.0	8094.49	21.1
Ha Noi	2025-11-20	0	21.6	13.5	16.9	0.0	0.0	38078.85	16.2
Ha Noi	2025-11-21	1	23.3	15.1	18.4	0.0	0.0	37835.61	15.5
Ha Noi	2025-11-22	3	24.0	14.2	19.0	0.0	0.0	38126.61	10.2
Ha Noi	2025-11-23	3	25.1	16.9	20.4	0.0	0.0	33056.96	9.2
Ha Noi	2025-11-24	3	25.7	15.8	19.9	0.0	0.0	37368.83	13.3
Ha Noi	2025-11-25	3	24.0	15.3	19.5	0.0	0.0	37660.27	17.9
Ha Noi	2025-11-26	3	23.4	13.6	17.7	0.0	0.0	37952.64	13.9
Ha Noi	2025-11-27	3	24.2	13.9	18.1	0.0	0.0	37976.42	18.8
Ha Noi	2025-11-28	3	24.1	11.0	17.0	0.0	0.0	37460.74	10.3
Ha Noi	2025-11-29	0	23.2	10.4	16.5	0.0	0.0	37483.95	7.1
Ha Noi	2025-11-30	3	24.7	13.9	18.7	0.0	0.0	36000.0	8.0
Ha Noi	2025-12-01	51	24.4	17.5	20.0	0.4	3.0	20658.4	10.3
Ha Noi	2025-12-02	51	26.8	19.0	22.5	0.2	1.0	28800.0	8.6
Ha Noi	2025-12-03	53	24.3	19.5	21.3	2.1	7.0	16438.76	20.1
Ha Noi	2025-12-04	51	23.7	17.8	20.3	0.2	2.0	18961.99	8.6
Ha Noi	2025-12-05	51	21.3	18.4	19.6	0.2	1.0	937.45	12.4
Ha Noi	2025-12-06	51	23.8	17.3	20.0	0.1	1.0	18801.43	13.7
Ha Noi	2025-12-07	51	25.5	18.4	21.3	1.1	8.0	25347.34	9.0
Ha Noi	2025-12-08	53	25.7	18.6	21.1	0.8	3.0	33732.23	13.8
Ha Noi	2025-12-09	3	24.6	15.8	20.4	0.0	0.0	36069.95	10.8
Ha Noi	2025-12-10	3	26.4	15.8	21.2	0.0	0.0	36143.21	9.7
Ha Noi	2025-12-11	51	23.4	19.6	21.2	0.3	1.0	0.0	7.6
Ha Noi	2025-12-12	51	24.2	19.6	21.8	0.4	3.0	1571.7	9.7
Ha Noi	2025-12-13	63	22.9	18.0	20.7	16.2	15.0	0.0	22.9
Ha Noi	2025-12-14	3	21.1	14.8	17.9	0.0	0.0	23785.95	14.4
Ha Noi	2025-12-15	3	22.3	13.5	17.9	0.0	0.0	35030.64	11.7
Ha Noi	2025-12-16	3	21.8	15.7	18.9	0.0	0.0	3852.07	6.5
Ha Noi	2025-12-17	51	24.0	17.9	20.4	1.6	10.0	29764.1	11.4
Ha Noi	2025-12-18	3	24.7	17.1	20.2	0.0	0.0	36000.0	9.4
Ha Noi	2025-12-19	3	25.3	15.0	19.9	0.0	0.0	34222.03	13.9
Ha Noi	2025-12-20	51	25.3	19.5	21.6	1.1	8.0	32018.48	10.3
Ha Noi	2025-12-21	51	25.6	18.3	21.3	0.2	2.0	36000.0	11.6
Ha Noi	2025-12-22	51	25.6	18.2	21.3	1.7	10.0	33575.13	15.7
Ha Noi	2025-12-23	51	26.6	19.9	22.4	0.7	5.0	29622.4	16.7
Ha Noi	2025-12-24	53	27.2	18.6	22.4	3.2	13.0	26538.09	18.3
Ha Noi	2025-12-25	51	19.4	15.1	17.4	0.8	3.0	3145.83	24.5
Ha Noi	2025-12-26	3	19.9	12.7	16.0	0.0	0.0	36000.0	12.8
Ha Noi	2025-12-27	3	20.0	12.1	15.6	0.0	0.0	32400.0	9.9
Ha Noi	2025-12-28	3	21.4	13.1	17.3	0.0	0.0	15610.36	6.9
Ha Noi	2025-12-29	3	23.4	16.8	19.7	0.0	0.0	22441.23	14.3
Ha Noi	2025-12-30	51	23.9	17.5	20.4	0.7	6.0	27937.2	14.9
Ha Noi	2025-12-31	51	24.3	17.6	20.5	0.7	7.0	26544.12	17.2
Da Nang	2021-01-01	53	20.5	19.1	19.7	1.1	6.0	24446.72	27.7
Da Nang	2021-01-02	53	20.3	19.1	19.6	4.2	15.0	0.0	21.6
Da Nang	2021-01-03	53	21.9	18.6	20.5	4.6	15.0	399.17	23.7
Da Nang	2021-01-04	61	21.9	20.2	21.0	15.5	24.0	0.0	23.7
Da Nang	2021-01-05	53	23.2	20.1	21.5	4.4	19.0	380.43	14.5
Da Nang	2021-01-06	61	23.4	21.2	22.1	11.1	24.0	12142.19	18.3
Da Nang	2021-01-07	53	23.4	21.5	22.1	6.4	23.0	14100.78	16.2
Da Nang	2021-01-08	63	22.0	18.3	20.5	36.2	24.0	301.86	31.6
Da Nang	2021-01-09	63	19.6	18.1	18.8	22.5	24.0	0.0	27.8
Da Nang	2021-01-10	51	19.8	17.7	18.5	1.7	15.0	0.0	22.7
Da Nang	2021-01-11	51	19.0	16.7	17.8	2.1	16.0	0.0	36.7
Da Nang	2021-01-12	51	17.5	16.3	16.9	0.5	4.0	26015.44	36.1
Da Nang	2021-01-13	3	18.8	15.7	17.1	0.0	0.0	24867.26	10.7
Da Nang	2021-01-14	3	21.4	16.1	18.8	0.0	0.0	32064.0	10.1
Da Nang	2021-01-15	51	22.4	15.2	19.2	0.1	1.0	33724.14	10.1
Da Nang	2021-01-16	51	22.9	16.4	20.2	0.2	2.0	37791.16	16.4
Da Nang	2021-01-17	51	23.1	19.7	21.1	5.5	23.0	30962.55	30.8
Da Nang	2021-01-18	53	20.0	17.1	18.7	7.3	22.0	15105.19	32.0
Da Nang	2021-01-19	51	20.0	16.0	18.1	0.4	4.0	20867.82	13.7
Da Nang	2021-01-20	3	22.1	15.5	19.6	0.0	0.0	33409.39	15.6
Da Nang	2021-01-21	51	22.9	18.2	20.9	0.1	1.0	37015.71	16.6
Da Nang	2021-01-22	3	22.9	19.2	21.2	0.0	0.0	36886.04	22.7
Da Nang	2021-01-23	3	22.6	20.1	21.1	0.0	0.0	35524.77	19.9
Da Nang	2021-01-24	3	23.4	19.7	21.5	0.0	0.0	37350.99	21.0
Da Nang	2021-01-25	2	24.4	18.1	21.4	0.0	0.0	38858.17	14.8
Da Nang	2021-01-26	51	23.6	18.0	21.1	1.3	7.0	33764.02	16.1
Da Nang	2021-01-27	53	23.4	20.1	22.0	4.9	16.0	2647.3	14.8
Da Nang	2021-01-28	53	23.7	19.8	21.9	1.3	5.0	31664.43	20.9
Da Nang	2021-01-29	53	23.2	20.3	21.5	2.7	9.0	36232.86	24.5
Da Nang	2021-01-30	53	22.9	18.8	21.1	4.9	21.0	36865.47	15.0
Da Nang	2021-01-31	53	22.9	20.3	21.6	2.9	15.0	36191.62	17.1
Da Nang	2021-02-01	53	23.6	18.7	21.5	2.0	6.0	37903.42	12.7
Da Nang	2021-02-02	51	23.5	20.2	21.8	1.3	8.0	38126.97	14.0
Da Nang	2021-02-03	53	24.1	20.5	22.2	5.3	15.0	37845.36	17.4
Da Nang	2021-02-04	53	23.0	19.9	21.7	3.7	21.0	34903.85	15.7
Da Nang	2021-02-05	51	23.9	21.0	22.3	1.4	11.0	36871.45	13.0
Da Nang	2021-02-06	53	23.4	19.3	21.8	3.9	13.0	29462.86	14.4
Da Nang	2021-02-07	51	24.2	19.7	22.4	0.7	5.0	37475.82	16.7
Da Nang	2021-02-08	53	24.3	21.4	22.8	3.0	16.0	30260.72	14.2
Da Nang	2021-02-09	55	24.6	20.7	22.6	5.4	18.0	31607.56	31.2
Da Nang	2021-02-10	63	21.3	19.6	20.5	8.3	10.0	549.17	26.3
Da Nang	2021-02-11	3	22.6	17.3	20.2	0.0	0.0	41149.17	24.9
Da Nang	2021-02-12	3	22.4	16.7	19.8	0.0	0.0	40411.72	22.4
Da Nang	2021-02-13	51	22.4	15.6	19.5	0.1	1.0	40170.69	9.7
Da Nang	2021-02-14	3	23.0	16.6	20.1	0.0	0.0	39233.13	10.2
Da Nang	2021-02-15	1	23.4	15.8	20.1	0.0	0.0	41429.67	18.2
Da Nang	2021-02-16	3	24.3	15.9	20.6	0.0	0.0	41478.9	16.0
Da Nang	2021-02-17	51	23.7	17.8	21.2	0.6	5.0	40927.93	14.3
Da Nang	2021-02-18	53	23.9	20.7	22.1	3.8	20.0	38254.2	26.6
Da Nang	2021-02-19	55	23.3	20.8	21.9	2.6	9.0	40055.44	23.1
Da Nang	2021-02-20	3	23.4	18.5	21.1	0.0	0.0	40438.85	13.8
Da Nang	2021-02-21	3	23.0	15.8	20.3	0.0	0.0	41729.87	17.3
Da Nang	2021-02-22	3	24.8	17.2	21.3	0.0	0.0	41781.58	18.4
Da Nang	2021-02-23	2	24.0	17.9	21.2	0.0	0.0	41833.72	9.4
Da Nang	2021-02-24	2	24.7	18.0	21.7	0.0	0.0	41886.22	16.3
Da Nang	2021-02-25	3	25.6	19.5	22.7	0.0	0.0	41939.06	19.0
Da Nang	2021-02-26	2	27.0	21.3	23.8	0.0	0.0	41992.19	21.0
Da Nang	2021-02-27	51	26.3	21.3	23.8	0.3	2.0	42045.55	23.8
Da Nang	2021-02-28	51	26.2	23.1	24.6	0.8	6.0	39259.17	25.8
Da Nang	2021-03-01	51	27.1	22.9	25.0	0.1	1.0	41223.85	22.5
Da Nang	2021-03-02	51	25.6	23.2	24.6	2.5	19.0	30197.39	18.8
Da Nang	2021-03-03	53	25.6	22.3	23.9	4.6	16.0	39643.87	14.3
Da Nang	2021-03-04	51	26.2	21.7	24.0	1.5	9.0	37007.35	18.6
Da Nang	2021-03-05	3	27.5	22.1	24.9	0.0	0.0	42368.42	25.0
Da Nang	2021-03-06	3	28.0	22.4	25.0	0.0	0.0	42422.28	16.3
Da Nang	2021-03-07	53	26.8	23.5	24.9	1.6	8.0	39871.13	17.3
Da Nang	2021-03-08	51	26.1	23.5	24.6	2.2	14.0	41784.33	14.5
Da Nang	2021-03-09	51	26.2	22.7	24.4	2.1	14.0	42583.1	17.0
Da Nang	2021-03-10	53	26.1	23.2	24.6	5.1	13.0	41282.18	15.6
Da Nang	2021-03-11	51	26.2	23.2	24.6	2.2	12.0	41512.01	13.7
Da Nang	2021-03-12	53	26.1	22.8	24.4	3.8	17.0	42462.79	12.1
Da Nang	2021-03-13	51	25.6	22.2	24.0	3.0	18.0	42798.39	12.5
Da Nang	2021-03-14	51	25.8	21.8	24.1	2.6	16.0	42795.65	13.6
Da Nang	2021-03-15	3	26.5	22.0	24.3	0.0	0.0	42820.03	20.7
Da Nang	2021-03-16	3	27.1	22.1	24.7	0.0	0.0	42830.07	20.7
Da Nang	2021-03-17	3	26.9	22.1	24.6	0.0	0.0	37156.28	16.9
Da Nang	2021-03-18	51	27.8	22.0	25.1	0.1	1.0	42849.42	19.1
Da Nang	2021-03-19	51	27.2	23.3	25.4	0.2	2.0	42138.23	22.3
Da Nang	2021-03-20	51	28.0	22.6	25.5	0.1	1.0	42279.12	20.0
Da Nang	2021-03-21	53	27.4	24.7	25.8	1.8	9.0	42753.28	20.8
Da Nang	2021-03-22	61	25.2	21.8	23.8	14.8	24.0	20118.72	34.7
Da Nang	2021-03-23	63	24.0	21.9	22.9	24.3	24.0	31720.19	29.5
Da Nang	2021-03-24	53	24.9	21.7	23.5	4.7	22.0	33137.2	14.1
Da Nang	2021-03-25	51	26.4	22.2	24.6	1.1	9.0	42024.31	17.8
Da Nang	2021-03-26	51	26.5	23.4	25.1	1.1	8.0	39767.13	22.2
Da Nang	2021-03-27	3	27.7	23.8	25.6	0.0	0.0	42932.25	23.9
Da Nang	2021-03-28	3	28.1	24.0	26.0	0.0	0.0	42941.83	20.6
Da Nang	2021-03-29	3	29.2	24.0	26.4	0.0	0.0	42951.6	20.5
Da Nang	2021-03-30	3	28.5	23.1	25.9	0.0	0.0	42961.23	21.0
Da Nang	2021-03-31	1	28.8	24.3	26.4	0.0	0.0	42970.7	22.6
Da Nang	2021-04-01	3	29.0	24.8	26.5	0.0	0.0	42980.05	19.0
Da Nang	2021-04-02	3	27.7	25.1	26.3	0.0	0.0	40788.08	18.4
Da Nang	2021-04-03	3	27.9	25.2	26.2	0.0	0.0	41237.77	23.7
Da Nang	2021-04-04	53	27.5	23.7	25.7	2.8	7.0	41507.15	16.6
Da Nang	2021-04-05	53	27.2	23.9	25.3	2.1	12.0	42226.15	11.3
Da Nang	2021-04-06	51	27.2	23.6	25.3	2.0	11.0	39896.91	12.3
Da Nang	2021-04-07	51	27.1	23.9	25.7	1.6	13.0	43035.26	15.2
Da Nang	2021-04-08	51	27.8	24.6	25.9	1.3	11.0	43044.63	14.8
Da Nang	2021-04-09	51	27.2	23.2	25.6	2.3	11.0	43054.12	15.0
Da Nang	2021-04-10	51	26.5	23.4	25.2	4.0	22.0	42962.72	16.9
Da Nang	2021-04-11	51	27.2	23.3	25.5	1.8	12.0	41066.53	14.1
Da Nang	2021-04-12	51	27.3	24.1	25.7	1.1	8.0	41972.08	19.5
Da Nang	2021-04-13	51	28.0	23.9	25.9	0.2	2.0	41728.65	21.6
Da Nang	2021-04-14	3	28.8	24.5	26.3	0.0	0.0	39787.43	22.3
Da Nang	2021-04-15	3	28.2	24.4	26.3	0.0	0.0	43115.58	23.4
Da Nang	2021-04-16	3	28.2	24.4	26.4	0.0	0.0	34364.74	22.9
Da Nang	2021-04-17	3	28.3	25.3	26.6	0.0	0.0	42751.06	23.0
Da Nang	2021-04-18	51	29.5	23.3	26.2	0.4	3.0	43150.56	20.8
Da Nang	2021-04-19	55	29.1	24.7	26.7	2.1	3.0	41231.6	21.6
Da Nang	2021-04-20	53	29.2	25.4	27.1	3.1	10.0	38433.9	21.4
Da Nang	2021-04-21	51	29.3	25.4	27.2	0.4	4.0	37512.47	19.6
Da Nang	2021-04-22	3	29.3	25.2	27.3	0.0	0.0	43200.0	21.1
Da Nang	2021-04-23	3	30.5	25.6	27.7	0.0	0.0	43200.0	21.4
Da Nang	2021-04-24	2	31.3	25.7	28.2	0.0	0.0	43286.28	24.1
Da Nang	2021-04-25	51	31.3	26.1	28.5	0.4	3.0	43200.0	20.0
Da Nang	2021-04-26	3	30.8	25.7	28.2	0.0	0.0	43200.0	27.1
Da Nang	2021-04-27	51	29.0	25.9	27.3	0.9	8.0	35045.76	22.0
Da Nang	2021-04-28	51	29.7	25.1	27.4	0.7	7.0	43224.18	18.0
Da Nang	2021-04-29	51	28.7	24.5	26.8	1.8	15.0	43456.02	18.3
Da Nang	2021-04-30	51	28.6	24.2	26.6	0.9	7.0	42466.38	16.9
Da Nang	2021-05-01	51	29.8	24.9	27.6	0.2	2.0	40820.9	18.6
Da Nang	2021-05-02	61	30.7	25.9	28.2	2.5	4.0	42627.66	23.6
Da Nang	2021-05-03	53	30.5	26.2	28.1	1.4	4.0	43200.0	24.7
Da Nang	2021-05-04	3	31.2	25.3	28.1	0.0	0.0	43887.2	24.2
Da Nang	2021-05-05	53	30.8	25.4	28.1	1.1	3.0	44124.92	23.0
Da Nang	2021-05-06	53	29.7	26.2	27.9	3.4	13.0	43367.52	17.3
Da Nang	2021-05-07	51	29.8	25.3	27.7	0.2	2.0	44105.19	19.8
Da Nang	2021-05-08	2	30.7	25.2	27.8	0.0	0.0	44595.78	20.5
Da Nang	2021-05-09	3	31.5	24.4	28.1	0.0	0.0	44337.75	23.7
Da Nang	2021-05-10	3	32.0	26.2	28.9	0.0	0.0	44079.42	24.7
Da Nang	2021-05-11	3	32.1	26.8	29.2	0.0	0.0	44322.66	23.5
Da Nang	2021-05-12	3	32.4	27.2	29.3	0.0	0.0	30409.99	19.2
Da Nang	2021-05-13	3	31.8	27.1	29.1	0.0	0.0	41929.55	25.0
Da Nang	2021-05-14	51	32.1	27.0	29.3	0.1	1.0	42838.1	29.8
Da Nang	2021-05-15	3	32.6	27.2	29.5	0.0	0.0	44550.08	26.5
Da Nang	2021-05-16	2	32.5	26.8	29.3	0.0	0.0	45050.83	26.4
Da Nang	2021-05-17	2	31.8	26.6	29.2	0.0	0.0	45047.12	28.4
Da Nang	2021-05-18	3	32.6	26.9	29.4	0.0	0.0	44790.3	25.8
Da Nang	2021-05-19	51	32.2	27.3	29.7	0.2	1.0	44787.03	26.7
Da Nang	2021-05-20	3	33.3	27.4	29.9	0.0	0.0	45038.37	20.9
Da Nang	2021-05-21	3	32.4	27.6	29.9	0.0	0.0	45036.23	22.0
Da Nang	2021-05-22	2	32.2	27.7	30.0	0.0	0.0	45289.38	17.7
Da Nang	2021-05-23	51	32.0	27.5	29.5	0.4	3.0	45288.25	16.8
Da Nang	2021-05-24	51	30.2	27.3	28.5	3.7	20.0	44265.1	18.3
Da Nang	2021-05-25	51	30.6	26.6	28.6	0.6	6.0	44007.46	22.7
Da Nang	2021-05-26	51	30.7	26.5	28.8	1.0	8.0	45030.78	20.6
Da Nang	2021-05-27	53	30.4	26.7	28.6	2.9	13.0	44261.06	20.7
Da Nang	2021-05-28	3	30.9	26.8	29.1	0.0	0.0	45030.98	16.6
Da Nang	2021-05-29	51	32.5	27.5	29.9	0.2	2.0	45545.9	16.6
Da Nang	2021-05-30	3	33.8	27.8	30.9	0.0	0.0	45547.6	17.1
Da Nang	2021-05-31	2	35.1	28.4	31.3	0.0	0.0	45549.76	16.1
Da Nang	2021-06-01	3	34.4	28.8	31.5	0.0	0.0	45552.38	17.9
Da Nang	2021-06-02	3	33.9	28.7	31.1	0.0	0.0	44780.8	18.5
Da Nang	2021-06-03	3	35.1	28.9	31.9	0.0	0.0	42093.96	16.8
Da Nang	2021-06-04	51	36.6	29.1	32.0	0.7	3.0	44527.75	18.6
Da Nang	2021-06-05	51	31.9	28.8	29.9	0.2	2.0	43355.12	17.9
Da Nang	2021-06-06	51	33.0	28.1	30.4	0.5	2.0	44275.18	14.9
Da Nang	2021-06-07	53	32.9	28.3	29.8	2.6	5.0	38767.49	23.3
Da Nang	2021-06-08	63	30.6	27.6	28.9	8.1	10.0	20417.05	15.8
Da Nang	2021-06-09	51	30.4	27.4	28.8	0.3	2.0	26601.6	13.0
Da Nang	2021-06-10	53	32.0	26.8	29.0	2.5	5.0	39911.34	14.2
Da Nang	2021-06-11	55	30.5	26.6	28.3	1.9	5.0	22072.65	11.6
Da Nang	2021-06-12	63	28.6	26.7	27.3	16.8	21.0	0.0	15.5
Da Nang	2021-06-13	53	32.0	26.5	28.5	1.6	9.0	31983.96	23.2
Da Nang	2021-06-14	3	33.5	26.3	29.3	0.0	0.0	43268.22	16.5
Da Nang	2021-06-15	51	33.9	26.3	29.7	0.2	2.0	45356.52	15.0
Da Nang	2021-06-16	51	35.6	26.6	30.6	0.1	1.0	44840.81	15.0
Da Nang	2021-06-17	53	33.6	27.2	30.2	1.0	4.0	45106.69	14.0
Da Nang	2021-06-18	2	33.8	26.6	30.4	0.0	0.0	45372.82	16.5
Da Nang	2021-06-19	2	34.0	27.8	30.9	0.0	0.0	45378.62	20.2
Da Nang	2021-06-20	3	35.8	28.0	31.6	0.0	0.0	45384.72	24.3
Da Nang	2021-06-21	3	37.4	28.7	32.6	0.0	0.0	45130.37	20.1
Da Nang	2021-06-22	53	34.5	28.7	31.4	1.4	5.0	43052.74	17.0
Da Nang	2021-06-23	51	34.4	27.9	31.0	0.8	3.0	43694.9	20.4
Da Nang	2021-06-24	51	34.6	27.9	31.1	0.2	2.0	43200.0	18.7
Da Nang	2021-06-25	61	35.4	28.4	31.0	3.0	3.0	43593.85	14.8
Da Nang	2021-06-26	61	34.6	28.2	31.0	2.3	2.0	43861.96	17.8
Da Nang	2021-06-27	51	35.5	28.2	31.5	0.1	1.0	44390.56	23.1
Da Nang	2021-06-28	3	38.6	28.6	32.5	0.0	0.0	44137.69	21.4
Da Nang	2021-06-29	51	36.5	29.5	32.1	0.3	2.0	44926.35	27.5
Da Nang	2021-06-30	51	36.8	29.1	31.8	0.1	1.0	44673.51	26.7
Da Nang	2021-07-01	3	37.6	29.0	32.0	0.0	0.0	44420.89	25.1
Da Nang	2021-07-02	3	35.6	28.8	32.0	0.0	0.0	44688.35	23.0
Da Nang	2021-07-03	3	34.8	29.1	31.8	0.0	0.0	44695.65	20.2
Da Nang	2021-07-04	3	33.4	28.8	31.1	0.0	0.0	44443.21	18.5
Da Nang	2021-07-05	51	32.1	29.0	30.4	0.3	2.0	44450.39	16.3
Da Nang	2021-07-06	61	29.7	26.9	28.2	10.0	13.0	12112.58	21.8
Da Nang	2021-07-07	63	28.9	26.6	27.8	18.6	19.0	4901.57	12.5
Da Nang	2021-07-08	55	30.7	26.1	28.3	2.1	6.0	39600.0	26.7
Da Nang	2021-07-09	51	30.6	26.1	28.3	2.0	13.0	43443.14	31.7
Da Nang	2021-07-10	51	30.3	26.6	28.5	0.7	6.0	43967.78	25.0
Da Nang	2021-07-11	53	30.8	26.1	28.8	1.2	5.0	44233.39	21.0
Da Nang	2021-07-12	51	30.5	26.5	28.6	0.1	1.0	39809.91	20.9
Da Nang	2021-07-13	3	31.0	26.3	28.8	0.0	0.0	43990.24	24.5
Da Nang	2021-07-14	51	30.8	25.9	28.8	0.2	2.0	44255.13	22.5
Da Nang	2021-07-15	51	30.9	26.7	29.0	0.2	1.0	44005.33	22.0
Da Nang	2021-07-16	51	31.3	26.6	28.7	0.6	3.0	43756.03	19.5
Da Nang	2021-07-17	51	31.5	25.5	28.7	0.2	2.0	44020.28	16.8
Da Nang	2021-07-18	53	33.0	26.6	29.2	1.9	7.0	43771.51	18.6
Da Nang	2021-07-19	61	31.2	26.1	28.6	3.1	6.0	43779.15	12.0
Da Nang	2021-07-20	3	33.8	27.1	29.5	0.0	0.0	43200.0	20.5
Da Nang	2021-07-21	3	33.3	27.1	29.6	0.0	0.0	39090.33	16.3
Da Nang	2021-07-22	3	34.1	27.2	30.0	0.0	0.0	34109.74	15.5
Da Nang	2021-07-23	55	32.3	27.9	29.7	1.2	2.0	23030.13	18.2
Da Nang	2021-07-24	51	32.0	26.8	28.8	1.1	7.0	28803.99	21.8
Da Nang	2021-07-25	63	34.0	26.2	28.9	10.4	14.0	36275.82	19.5
Da Nang	2021-07-26	51	34.1	26.7	29.7	0.5	5.0	43575.02	24.1
Da Nang	2021-07-27	3	35.4	26.6	30.3	0.0	0.0	43581.59	20.4
Da Nang	2021-07-28	51	35.3	27.4	30.7	0.8	6.0	43200.0	18.6
Da Nang	2021-07-29	53	34.8	28.3	31.1	2.1	7.0	43594.24	19.1
Da Nang	2021-07-30	61	35.9	27.9	31.1	3.1	2.0	43600.4	14.9
Da Nang	2021-07-31	53	36.5	29.0	32.0	0.8	1.0	43354.8	18.1
Da Nang	2021-08-01	51	36.4	29.8	31.9	0.1	1.0	43612.38	23.5
Da Nang	2021-08-02	51	36.3	29.4	32.1	0.1	1.0	39600.0	18.5
Da Nang	2021-08-03	51	37.0	30.1	32.9	0.1	1.0	30176.56	18.4
Da Nang	2021-08-04	51	36.5	29.9	32.7	0.1	1.0	42065.14	21.9
Da Nang	2021-08-05	51	36.6	29.8	32.5	0.6	3.0	43200.0	20.3
Da Nang	2021-08-06	3	37.7	30.6	32.9	0.0	0.0	43200.0	20.3
Da Nang	2021-08-07	3	37.9	30.7	33.0	0.0	0.0	43200.0	24.2
Da Nang	2021-08-08	3	36.3	30.0	32.6	0.0	0.0	43200.0	20.9
Da Nang	2021-08-09	51	35.6	29.8	32.5	0.1	1.0	43200.0	19.5
Da Nang	2021-08-10	55	35.9	29.1	31.7	1.7	4.0	43412.29	17.6
Da Nang	2021-08-11	63	33.3	28.7	30.7	4.6	3.0	43200.0	20.3
Da Nang	2021-08-12	63	33.3	27.2	30.1	10.9	6.0	37383.26	19.5
Da Nang	2021-08-13	63	34.6	26.8	29.9	7.9	8.0	43200.0	17.8
Da Nang	2021-08-14	51	34.2	27.6	30.6	0.1	1.0	36092.95	20.7
Da Nang	2021-08-15	61	34.1	27.4	29.8	4.2	5.0	42119.68	21.7
Da Nang	2021-08-16	53	31.9	25.8	28.9	1.0	2.0	43200.0	20.2
Da Nang	2021-08-17	3	31.8	26.1	29.0	0.0	0.0	43200.0	15.9
Da Nang	2021-08-18	3	33.1	26.9	29.9	0.0	0.0	43203.22	16.9
Da Nang	2021-08-19	3	32.4	27.0	29.7	0.0	0.0	43207.26	19.7
Da Nang	2021-08-20	3	32.4	27.2	29.8	0.0	0.0	43211.11	19.9
Da Nang	2021-08-21	2	32.5	26.1	29.6	0.0	0.0	43214.8	20.1
Da Nang	2021-08-22	53	32.6	27.3	30.0	0.6	1.0	43200.0	17.7
Da Nang	2021-08-23	53	33.9	27.0	29.9	0.7	2.0	43200.0	20.9
Da Nang	2021-08-24	3	32.4	26.3	29.7	0.0	0.0	43224.96	20.3
Da Nang	2021-08-25	53	32.7	27.7	30.0	1.0	2.0	43228.1	18.0
Da Nang	2021-08-26	63	31.5	26.7	28.6	12.4	14.0	43200.0	23.3
Da Nang	2021-08-27	63	30.5	26.0	27.9	8.9	19.0	42169.27	20.0
Da Nang	2021-08-28	53	30.2	25.1	27.8	2.7	11.0	43156.07	15.7
Da Nang	2021-08-29	61	28.6	24.6	26.5	10.3	21.0	34681.74	15.6
Da Nang	2021-08-30	61	29.3	25.3	27.2	5.5	16.0	40781.84	14.0
Da Nang	2021-08-31	55	28.9	25.3	27.3	4.1	14.0	26831.81	11.2
Da Nang	2021-09-01	51	30.0	25.1	27.8	0.6	5.0	42979.75	13.9
Da Nang	2021-09-02	61	29.5	25.7	27.7	3.9	9.0	40946.11	12.6
Da Nang	2021-09-03	51	29.0	26.1	27.4	0.9	7.0	9078.07	8.5
Da Nang	2021-09-04	61	30.1	25.4	27.7	8.0	9.0	37133.01	9.9
Da Nang	2021-09-05	65	30.2	24.9	27.3	19.0	14.0	29411.95	14.6
Da Nang	2021-09-06	63	29.0	25.7	27.4	10.3	19.0	42756.38	12.4
Da Nang	2021-09-07	63	27.5	25.0	26.4	24.8	22.0	4317.97	11.5
Da Nang	2021-09-08	63	29.8	25.7	27.3	16.9	20.0	32948.83	20.5
Da Nang	2021-09-09	61	29.8	25.5	27.7	5.2	13.0	42412.51	15.4
Da Nang	2021-09-10	63	28.5	25.1	26.9	24.9	14.0	0.0	16.0
Da Nang	2021-09-11	65	27.0	25.9	26.4	76.0	24.0	0.0	49.0
Da Nang	2021-09-12	65	26.6	25.8	26.3	88.8	24.0	1030.48	33.5
Da Nang	2021-09-13	63	28.9	26.0	27.1	28.2	24.0	36822.08	23.9
Da Nang	2021-09-14	63	30.0	26.2	27.9	13.5	15.0	40127.99	23.6
Da Nang	2021-09-15	61	30.1	26.0	27.9	2.7	5.0	41348.63	27.9
Da Nang	2021-09-16	51	30.4	25.3	27.8	0.9	7.0	39600.0	23.0
Da Nang	2021-09-17	2	29.9	25.5	27.8	0.0	0.0	42228.53	12.3
Da Nang	2021-09-18	51	29.7	25.7	27.9	0.4	4.0	36000.0	12.4
Da Nang	2021-09-19	51	28.4	26.0	27.2	2.3	13.0	40486.71	15.2
Da Nang	2021-09-20	61	28.9	25.3	26.8	7.3	17.0	36037.03	15.6
Da Nang	2021-09-21	63	29.2	25.6	27.0	11.6	21.0	38083.18	11.7
Da Nang	2021-09-22	53	29.0	24.8	27.0	3.2	12.0	40558.21	12.3
Da Nang	2021-09-23	63	27.5	24.9	26.3	36.3	19.0	5853.73	42.4
Da Nang	2021-09-24	55	29.3	26.4	27.4	7.8	20.0	22769.99	39.2
Da Nang	2021-09-25	61	29.1	25.5	27.0	7.2	20.0	36071.96	20.9
Da Nang	2021-09-26	53	28.7	25.1	27.0	2.2	11.0	39934.43	14.1
Da Nang	2021-09-27	51	29.4	24.7	27.2	1.1	6.0	41154.07	15.2
Da Nang	2021-09-28	51	29.2	25.2	27.2	1.9	14.0	40460.2	15.1
Da Nang	2021-09-29	53	29.3	25.1	27.4	1.9	7.0	40723.5	12.7
Da Nang	2021-09-30	51	29.9	24.5	27.3	0.9	7.0	40268.74	16.7
Da Nang	2021-10-01	3	29.5	24.2	27.4	0.0	0.0	40532.32	15.9
Da Nang	2021-10-02	51	29.6	24.3	27.2	0.9	3.0	40077.14	16.6
Da Nang	2021-10-03	51	29.3	25.4	27.5	1.7	12.0	40101.03	13.9
Da Nang	2021-10-04	63	28.6	24.9	26.5	10.0	21.0	36373.59	21.6
Da Nang	2021-10-05	63	28.2	25.8	26.8	8.9	24.0	39600.0	16.7
Da Nang	2021-10-06	65	27.2	25.9	26.3	71.6	24.0	0.0	36.7
Da Nang	2021-10-07	63	27.9	25.6	26.5	30.0	24.0	0.0	30.5
Da Nang	2021-10-08	63	28.1	26.1	26.8	20.6	24.0	4764.6	29.9
Da Nang	2021-10-09	51	32.3	24.8	28.3	0.2	2.0	39600.0	25.0
Da Nang	2021-10-10	63	30.0	24.8	27.4	7.9	13.0	39600.0	16.6
Da Nang	2021-10-11	61	29.6	25.6	27.4	4.5	12.0	39600.0	19.1
Da Nang	2021-10-12	53	27.8	24.7	26.5	3.1	16.0	39038.33	40.1
Da Nang	2021-10-13	61	25.5	23.4	24.2	18.4	16.0	0.0	21.1
Da Nang	2021-10-14	51	27.8	22.6	25.7	2.6	11.0	26435.75	14.2
Da Nang	2021-10-15	63	28.5	25.1	26.4	26.9	21.0	27071.0	12.7
Da Nang	2021-10-16	63	27.1	24.5	25.7	41.4	24.0	14180.37	34.6
Da Nang	2021-10-17	63	27.5	25.2	26.2	68.6	23.0	0.0	51.6
Da Nang	2021-10-18	61	27.6	24.2	25.8	11.1	20.0	15009.69	12.3
Da Nang	2021-10-19	53	28.0	25.4	26.3	5.2	19.0	18362.72	18.7
Da Nang	2021-10-20	61	28.8	25.1	26.7	5.9	15.0	38679.25	12.9
Da Nang	2021-10-21	53	29.0	23.7	26.4	1.4	4.0	39600.0	15.8
Da Nang	2021-10-22	63	26.6	23.6	25.1	27.3	23.0	27846.22	23.8
Da Nang	2021-10-23	65	25.2	24.2	24.9	42.8	24.0	0.0	33.6
Da Nang	2021-10-24	63	26.0	24.3	25.1	38.0	24.0	4167.9	29.2
Da Nang	2021-10-25	61	26.9	23.7	25.2	8.4	19.0	38203.17	26.7
Da Nang	2021-10-26	63	27.2	23.3	25.0	6.1	11.0	29886.85	29.0
Da Nang	2021-10-27	63	26.4	24.4	25.3	44.1	24.0	139.02	25.8
Da Nang	2021-10-28	63	27.2	23.8	25.4	33.2	24.0	15084.63	18.2
Da Nang	2021-10-29	61	27.7	24.8	25.9	14.3	24.0	32400.0	14.7
Da Nang	2021-10-30	63	26.4	24.3	25.2	14.4	23.0	21444.15	12.0
Da Nang	2021-10-31	61	27.4	23.8	25.4	6.4	19.0	36135.92	15.0
Da Nang	2021-11-01	53	27.3	23.8	25.6	2.2	13.0	39600.0	10.9
Da Nang	2021-11-02	53	27.3	23.7	25.7	2.9	13.0	36000.0	12.4
Da Nang	2021-11-03	53	27.3	23.5	25.6	2.3	10.0	39600.0	15.5
Da Nang	2021-11-04	51	27.9	23.6	26.0	1.5	8.0	39600.0	11.5
Da Nang	2021-11-05	51	28.0	23.2	25.9	0.5	4.0	39600.0	13.3
Da Nang	2021-11-06	51	28.8	23.9	26.3	0.4	3.0	39600.0	19.2
Da Nang	2021-11-07	3	28.3	23.8	26.4	0.0	0.0	39600.0	14.1
Da Nang	2021-11-08	63	27.0	23.4	25.2	42.9	24.0	14893.01	31.0
Da Nang	2021-11-09	55	25.6	23.2	24.3	5.1	10.0	11582.48	30.5
Da Nang	2021-11-10	61	25.1	23.0	23.9	6.2	14.0	179.12	25.4
Da Nang	2021-11-11	53	24.5	22.4	23.5	7.8	18.0	2320.38	17.9
Da Nang	2021-11-12	61	26.8	23.1	24.9	11.1	23.0	30705.35	23.4
Da Nang	2021-11-13	63	24.6	22.7	23.7	26.7	23.0	1905.56	31.5
Da Nang	2021-11-14	63	24.9	23.1	23.9	22.2	24.0	0.0	22.7
Da Nang	2021-11-15	63	25.4	24.4	24.8	19.6	23.0	620.65	24.7
Da Nang	2021-11-16	53	27.5	24.3	25.7	4.0	17.0	37936.84	20.3
Da Nang	2021-11-17	65	26.6	23.6	25.1	32.9	24.0	17610.61	20.9
Da Nang	2021-11-18	53	26.5	24.1	25.0	10.8	24.0	34405.65	26.6
Da Nang	2021-11-19	63	27.0	23.6	25.1	16.9	8.0	35416.25	12.2
Da Nang	2021-11-20	51	26.8	22.4	24.9	0.5	5.0	39496.03	12.1
Da Nang	2021-11-21	51	27.4	22.8	25.3	0.4	4.0	39600.0	12.3
Da Nang	2021-11-22	55	26.9	23.8	25.3	4.5	16.0	27164.26	15.1
Da Nang	2021-11-23	61	24.5	23.2	23.9	14.1	24.0	4719.18	31.7
Da Nang	2021-11-24	61	24.7	23.0	23.8	8.8	19.0	2620.08	27.7
Da Nang	2021-11-25	51	24.9	22.7	23.7	1.7	12.0	35232.85	23.0
Da Nang	2021-11-26	51	25.3	22.2	23.8	1.1	8.0	39600.0	21.0
Da Nang	2021-11-27	55	25.0	23.0	24.1	6.9	15.0	4141.27	31.2
Da Nang	2021-11-28	63	24.8	23.4	24.2	30.5	24.0	56.48	37.3
Da Nang	2021-11-29	63	25.2	23.8	24.4	24.1	24.0	0.0	36.4
Da Nang	2021-11-30	53	25.5	22.4	24.3	2.7	9.0	22947.84	36.1
Da Nang	2021-12-01	61	24.8	20.9	23.0	3.8	9.0	35856.95	25.0
Da Nang	2021-12-02	53	24.0	21.1	22.3	2.6	11.0	34119.87	24.9
Da Nang	2021-12-03	51	23.9	19.8	22.0	1.0	5.0	37726.46	22.7
Da Nang	2021-12-04	51	23.4	19.5	21.4	0.1	1.0	39349.18	21.6
Da Nang	2021-12-05	63	22.2	20.4	21.3	19.8	16.0	430.57	25.0
Da Nang	2021-12-06	61	23.1	20.4	21.4	8.5	15.0	3038.1	21.4
Da Nang	2021-12-07	53	22.6	19.5	21.0	2.0	6.0	17339.73	16.7
Da Nang	2021-12-08	63	23.0	20.9	21.7	18.6	19.0	1666.06	21.5
Da Nang	2021-12-09	61	25.8	21.5	23.4	7.6	15.0	31580.65	19.1
Da Nang	2021-12-10	53	24.9	20.8	22.8	3.3	12.0	38070.29	17.8
Da Nang	2021-12-11	53	24.2	19.5	22.4	3.5	16.0	33916.34	19.2
Da Nang	2021-12-12	53	24.7	22.1	23.3	5.1	15.0	5662.94	22.7
Da Nang	2021-12-13	61	23.5	21.6	22.6	8.6	20.0	19838.97	26.2
Da Nang	2021-12-14	55	23.5	21.2	22.3	5.5	21.0	17304.03	18.9
Da Nang	2021-12-15	61	24.1	21.7	22.9	13.3	21.0	13710.69	14.8
Da Nang	2021-12-16	3	25.8	21.8	23.8	0.0	0.0	37245.26	12.3
Da Nang	2021-12-17	53	25.4	21.5	23.4	4.5	20.0	25019.1	19.9
Da Nang	2021-12-18	61	23.9	22.3	22.8	10.8	24.0	13114.62	30.3
Da Nang	2021-12-19	63	22.7	20.4	21.2	29.5	22.0	0.0	37.8
Da Nang	2021-12-20	61	22.7	19.6	20.8	3.2	7.0	26378.24	33.6
Da Nang	2021-12-21	3	23.2	18.9	21.1	0.0	0.0	11434.45	22.6
Da Nang	2021-12-22	51	23.8	21.1	22.2	0.3	3.0	28868.76	21.4
Da Nang	2021-12-23	51	23.7	21.1	22.3	0.2	2.0	16345.32	14.8
Da Nang	2021-12-24	53	24.9	20.6	22.6	1.6	4.0	30257.24	11.0
Da Nang	2021-12-25	65	23.4	22.1	22.7	31.7	21.0	14991.6	18.4
Da Nang	2021-12-26	61	23.2	22.4	22.8	15.5	24.0	2127.54	38.3
Da Nang	2021-12-27	65	22.7	20.8	21.6	112.9	24.0	0.0	41.2
Da Nang	2021-12-28	65	23.0	20.7	22.0	69.2	24.0	5288.43	30.6
Da Nang	2021-12-29	53	24.3	21.6	22.9	4.3	23.0	35744.17	21.3
Da Nang	2021-12-30	53	23.9	21.7	22.5	6.4	23.0	33431.24	28.0
Da Nang	2021-12-31	53	23.4	21.0	22.1	4.7	18.0	35641.53	23.2
Da Nang	2022-01-01	53	24.1	21.0	22.2	8.9	22.0	14267.76	19.2
Da Nang	2022-01-02	61	23.0	21.2	22.0	16.2	24.0	8288.23	25.5
Da Nang	2022-01-03	53	23.8	19.8	22.1	3.4	16.0	31980.01	15.6
Da Nang	2022-01-04	51	24.0	19.3	22.1	2.9	20.0	33464.21	13.8
Da Nang	2022-01-05	51	24.2	21.4	22.7	2.0	11.0	32400.0	15.8
Da Nang	2022-01-06	51	25.0	21.5	23.1	1.5	10.0	36000.0	12.7
Da Nang	2022-01-07	51	24.9	20.6	22.5	3.1	20.0	35926.1	12.7
Da Nang	2022-01-08	55	23.6	21.4	22.6	8.7	20.0	17291.24	17.4
Da Nang	2022-01-09	61	24.1	21.3	22.9	6.3	16.0	25928.22	11.5
Da Nang	2022-01-10	51	25.0	20.6	23.0	1.8	10.0	36135.35	16.4
Da Nang	2022-01-11	53	23.9	21.4	22.6	3.1	16.0	36661.65	17.7
Da Nang	2022-01-12	53	23.8	20.8	22.0	4.0	16.0	30924.74	14.8
Da Nang	2022-01-13	53	24.4	20.1	22.2	4.0	17.0	29207.33	16.2
Da Nang	2022-01-14	51	23.8	19.3	21.8	0.8	7.0	36128.11	12.9
Da Nang	2022-01-15	51	24.7	19.6	22.3	0.3	3.0	37296.7	16.2
Da Nang	2022-01-16	51	25.1	18.7	22.1	0.4	2.0	37536.31	14.4
Da Nang	2022-01-17	51	24.4	20.6	22.7	2.5	13.0	36069.37	10.1
Da Nang	2022-01-18	63	22.8	21.0	21.7	21.4	22.0	12705.7	24.7
Da Nang	2022-01-19	61	22.3	20.4	21.4	20.4	24.0	0.0	19.7
Da Nang	2022-01-20	55	23.8	19.5	21.8	4.0	19.0	36012.12	14.2
Da Nang	2022-01-21	55	24.4	20.5	22.6	3.4	11.0	29349.43	11.1
Da Nang	2022-01-22	3	25.5	20.2	23.0	0.0	0.0	38176.95	19.1
Da Nang	2022-01-23	53	26.2	20.6	23.3	2.0	5.0	37384.43	19.8
Da Nang	2022-01-24	61	26.3	20.5	23.6	2.7	6.0	33821.42	11.5
Da Nang	2022-01-25	51	24.7	21.2	23.1	0.8	5.0	35570.93	10.8
Da Nang	2022-01-26	51	25.0	20.5	23.1	0.5	4.0	37311.48	13.4
Da Nang	2022-01-27	51	25.7	19.8	22.8	0.3	3.0	38558.3	14.0
Da Nang	2022-01-28	51	25.7	20.4	23.2	0.9	5.0	38784.63	16.9
Da Nang	2022-01-29	51	25.9	20.1	23.3	0.1	1.0	38248.54	19.5
Da Nang	2022-01-30	65	25.4	21.9	23.3	43.3	13.0	25543.75	17.7
Da Nang	2022-01-31	53	24.1	20.4	22.3	2.7	11.0	12102.37	28.7
Da Nang	2022-02-01	61	24.0	20.3	21.4	3.0	5.0	22483.27	27.2
Da Nang	2022-02-02	3	24.9	19.8	21.9	0.0	0.0	34355.31	24.7
Da Nang	2022-02-03	3	23.5	20.2	21.7	0.0	0.0	26226.34	31.0
Da Nang	2022-02-04	53	22.9	20.1	21.3	5.2	13.0	4291.1	26.3
Da Nang	2022-02-05	61	22.7	21.1	21.8	12.0	24.0	7369.84	27.1
Da Nang	2022-02-06	53	24.0	21.1	22.5	2.7	17.0	32254.86	19.9
Da Nang	2022-02-07	51	26.0	19.6	22.9	0.1	1.0	38981.29	18.9
Da Nang	2022-02-08	51	25.5	20.2	23.1	0.3	3.0	36228.35	18.3
Da Nang	2022-02-09	53	25.5	22.2	23.8	1.9	13.0	36922.09	16.9
Da Nang	2022-02-10	51	24.9	22.3	23.6	1.1	7.0	35528.35	13.6
Da Nang	2022-02-11	51	25.4	20.6	23.3	0.5	5.0	38852.81	20.5
Da Nang	2022-02-12	51	25.0	21.8	23.6	2.8	12.0	33733.04	21.0
Da Nang	2022-02-13	51	25.5	22.3	24.1	0.8	5.0	36491.95	18.2
Da Nang	2022-02-14	63	23.9	21.6	22.8	9.1	14.0	0.0	19.4
Da Nang	2022-02-15	51	23.7	21.5	22.5	0.8	6.0	0.0	14.8
Da Nang	2022-02-16	55	23.6	22.2	22.8	4.5	16.0	1799.4	11.1
Da Nang	2022-02-17	3	26.2	22.4	24.0	0.0	0.0	36556.52	20.0
Da Nang	2022-02-18	51	27.7	23.0	25.0	0.2	2.0	37034.93	22.5
Da Nang	2022-02-19	61	27.6	21.1	24.7	4.1	5.0	37955.37	32.6
Da Nang	2022-02-20	51	20.6	18.4	19.8	0.9	8.0	0.0	32.5
Da Nang	2022-02-21	3	20.1	18.1	18.8	0.0	0.0	1904.19	21.7
Da Nang	2022-02-22	51	22.1	18.3	19.7	0.3	3.0	32405.62	29.2
Da Nang	2022-02-23	51	19.3	18.3	18.9	0.9	7.0	4221.87	35.3
Da Nang	2022-02-24	53	20.1	18.0	19.0	4.0	18.0	286.49	21.5
Da Nang	2022-02-25	55	20.9	18.7	19.9	7.8	19.0	2299.78	14.8
Da Nang	2022-02-26	53	22.2	19.7	21.2	5.7	21.0	0.0	20.0
Da Nang	2022-02-27	55	23.6	20.9	22.0	3.2	11.0	30724.61	16.4
Da Nang	2022-02-28	3	24.5	17.9	21.6	0.0	0.0	41678.35	16.9
Da Nang	2022-03-01	51	25.1	20.0	22.9	0.1	1.0	40006.98	17.1
Da Nang	2022-03-02	51	24.7	21.4	23.2	0.2	2.0	37747.07	14.4
Da Nang	2022-03-03	51	24.4	20.5	22.7	0.1	1.0	41997.93	13.8
Da Nang	2022-03-04	3	25.9	19.8	23.1	0.0	0.0	41071.33	19.5
Da Nang	2022-03-05	51	25.6	22.9	24.2	0.6	5.0	37577.36	17.7
Da Nang	2022-03-06	3	26.6	22.6	24.6	0.0	0.0	34049.29	21.4
Da Nang	2022-03-07	53	25.7	23.1	24.3	2.7	11.0	26473.39	20.3
Da Nang	2022-03-08	51	24.7	21.9	23.2	0.4	4.0	42513.25	19.6
Da Nang	2022-03-09	3	24.3	20.1	22.4	0.0	0.0	42567.41	13.0
Da Nang	2022-03-10	3	25.9	20.3	22.9	0.0	0.0	39160.93	11.4
Da Nang	2022-03-11	51	25.0	20.4	22.9	0.9	7.0	41513.14	14.5
Da Nang	2022-03-12	51	25.5	20.8	23.3	1.0	8.0	42222.15	15.6
Da Nang	2022-03-13	3	25.7	19.5	23.2	0.0	0.0	41837.68	17.5
Da Nang	2022-03-14	51	25.9	21.8	24.2	0.2	2.0	41358.42	17.4
Da Nang	2022-03-15	51	26.4	23.5	24.7	0.4	4.0	31864.43	15.5
Da Nang	2022-03-16	51	26.1	23.1	24.6	0.7	7.0	39060.26	15.8
Da Nang	2022-03-17	3	27.0	22.7	24.8	0.0	0.0	41819.2	17.3
Da Nang	2022-03-18	63	26.4	23.3	24.9	6.2	8.0	20382.81	9.8
Da Nang	2022-03-19	53	26.9	24.3	25.4	2.7	12.0	16034.05	16.4
Da Nang	2022-03-20	3	28.5	23.8	25.8	0.0	0.0	25802.09	22.2
Da Nang	2022-03-21	63	29.0	23.9	26.3	5.3	4.0	35195.72	22.5
Da Nang	2022-03-22	51	29.2	24.7	26.6	0.1	1.0	33003.06	23.3
Da Nang	2022-03-23	61	28.7	24.4	26.5	1.8	5.0	40588.72	14.3
Da Nang	2022-03-24	51	27.4	23.6	25.7	0.6	6.0	31811.07	16.0
Da Nang	2022-03-25	3	30.1	24.8	27.4	0.0	0.0	42913.17	23.8
Da Nang	2022-03-26	2	30.3	24.4	27.7	0.0	0.0	42922.73	13.9
Da Nang	2022-03-27	51	30.2	25.3	27.7	0.2	2.0	40315.43	16.2
Da Nang	2022-03-28	53	26.4	24.2	25.1	2.5	7.0	24787.83	30.6
Da Nang	2022-03-29	51	27.3	23.9	25.4	0.5	4.0	38641.48	24.2
Da Nang	2022-03-30	53	27.8	23.9	25.5	3.0	16.0	34866.29	22.6
Da Nang	2022-03-31	63	25.3	24.0	24.6	37.6	24.0	0.0	23.4
Da Nang	2022-04-01	65	25.3	24.2	24.7	160.1	24.0	0.0	31.9
Da Nang	2022-04-02	65	24.4	21.6	22.6	73.9	18.0	17495.06	42.5
Da Nang	2022-04-03	63	21.7	20.4	20.9	23.5	23.0	0.0	27.8
Da Nang	2022-04-04	61	24.2	20.9	22.5	8.0	18.0	3465.42	25.0
Da Nang	2022-04-05	53	25.6	23.1	24.3	2.1	8.0	34154.07	25.7
Da Nang	2022-04-06	53	26.1	23.0	24.0	2.1	10.0	39651.96	21.5
Da Nang	2022-04-07	51	25.9	21.5	23.7	0.3	3.0	43030.76	18.7
Da Nang	2022-04-08	51	26.2	19.4	23.1	0.1	1.0	43040.29	14.1
Da Nang	2022-04-09	3	25.3	19.5	22.9	0.0	0.0	43050.06	12.8
Da Nang	2022-04-10	3	26.5	19.9	23.6	0.0	0.0	43060.12	16.9
Da Nang	2022-04-11	3	26.7	22.0	24.6	0.0	0.0	43070.49	17.7
Da Nang	2022-04-12	3	27.5	23.0	25.2	0.0	0.0	41730.4	21.0
Da Nang	2022-04-13	3	27.9	23.2	25.7	0.0	0.0	41001.98	14.6
Da Nang	2022-04-14	51	28.4	24.1	26.2	0.3	2.0	40514.63	15.9
Da Nang	2022-04-15	51	28.4	23.8	26.2	0.3	2.0	39482.34	19.5
Da Nang	2022-04-16	51	28.1	25.1	26.3	0.7	7.0	41978.37	25.4
Da Nang	2022-04-17	51	28.1	24.4	26.2	1.9	11.0	40651.06	19.1
Da Nang	2022-04-18	53	27.1	23.5	25.3	2.8	13.0	43149.57	19.8
Da Nang	2022-04-19	53	26.1	23.4	24.7	2.4	7.0	43161.48	21.3
Da Nang	2022-04-20	61	25.8	23.5	24.5	8.6	16.0	29162.07	25.8
Da Nang	2022-04-21	51	27.7	23.2	25.4	0.6	4.0	38762.01	15.7
Da Nang	2022-04-22	3	29.0	23.9	26.4	0.0	0.0	38540.24	20.4
Da Nang	2022-04-23	3	28.9	24.8	26.8	0.0	0.0	31290.47	17.8
Da Nang	2022-04-24	61	30.1	25.3	27.4	1.7	2.0	36000.0	21.6
Da Nang	2022-04-25	3	30.4	25.4	27.7	0.0	0.0	43273.06	22.7
Da Nang	2022-04-26	3	31.0	25.7	28.0	0.0	0.0	43257.15	22.4
Da Nang	2022-04-27	3	30.4	26.0	28.0	0.0	0.0	43487.39	21.5
Da Nang	2022-04-28	3	30.4	25.9	28.0	0.0	0.0	43200.0	26.9
Da Nang	2022-04-29	51	29.6	25.7	27.5	0.5	5.0	43211.87	18.2
Da Nang	2022-04-30	61	28.2	25.3	26.7	4.9	16.0	23195.97	19.9
Da Nang	2022-05-01	63	28.2	23.7	26.5	15.8	15.0	18266.24	28.3
Da Nang	2022-05-02	63	24.9	22.9	23.8	12.7	22.0	5038.54	35.4
Da Nang	2022-05-03	53	24.7	22.9	23.6	3.9	14.0	3647.01	26.5
Da Nang	2022-05-04	3	26.0	22.7	24.3	0.0	0.0	19205.6	23.8
Da Nang	2022-05-05	3	26.9	24.1	25.4	0.0	0.0	41014.51	17.0
Da Nang	2022-05-06	51	27.3	24.1	25.9	0.3	3.0	35166.67	14.8
Da Nang	2022-05-07	51	28.1	24.6	26.3	0.5	4.0	39158.85	14.8
Da Nang	2022-05-08	53	28.2	24.6	26.3	2.8	15.0	34613.54	14.2
Da Nang	2022-05-09	51	28.6	24.9	26.8	1.5	9.0	42406.36	16.6
Da Nang	2022-05-10	55	30.3	25.3	27.4	2.3	10.0	39600.0	17.0
Da Nang	2022-05-11	51	30.2	25.2	27.8	0.2	2.0	43322.41	14.7
Da Nang	2022-05-12	51	31.5	25.9	28.4	0.2	2.0	43816.19	14.6
Da Nang	2022-05-13	3	33.6	26.3	28.8	0.0	0.0	38217.22	16.4
Da Nang	2022-05-14	61	31.3	26.0	28.2	7.6	7.0	38306.68	14.9
Da Nang	2022-05-15	63	31.1	26.3	28.2	10.2	8.0	41753.66	13.8
Da Nang	2022-05-16	53	27.9	25.1	26.3	2.6	10.0	19272.03	32.7
Da Nang	2022-05-17	53	26.6	24.5	25.3	3.3	11.0	20380.75	17.3
Da Nang	2022-05-18	53	27.2	24.7	25.8	3.8	17.0	30089.68	18.5
Da Nang	2022-05-19	53	28.4	24.7	26.6	2.3	12.0	41469.86	13.5
Da Nang	2022-05-20	63	28.6	25.0	27.0	7.3	18.0	38935.74	14.0
Da Nang	2022-05-21	61	28.6	24.8	26.7	6.0	9.0	35751.14	12.0
Da Nang	2022-05-22	51	30.0	25.3	27.5	0.7	5.0	43187.72	16.7
Da Nang	2022-05-23	53	30.8	25.2	28.1	2.9	9.0	44471.84	15.8
Da Nang	2022-05-24	53	29.9	26.1	28.1	1.3	4.0	42021.08	9.4
Da Nang	2022-05-25	55	30.6	25.6	27.9	2.3	6.0	41806.24	13.5
Da Nang	2022-05-26	63	32.3	25.7	29.0	2.7	2.0	44005.84	11.1
Da Nang	2022-05-27	65	33.4	26.0	28.6	8.8	4.0	41775.22	12.7
Da Nang	2022-05-28	61	31.4	25.9	28.4	2.9	6.0	45031.39	17.4
Da Nang	2022-05-29	55	32.0	25.4	28.6	1.8	6.0	44775.47	15.9
Da Nang	2022-05-30	51	31.8	25.6	28.8	0.3	3.0	45034.03	11.9
Da Nang	2022-05-31	63	31.9	26.5	29.0	5.1	7.0	44520.68	10.5
Da Nang	2022-06-01	63	31.7	26.1	28.7	7.8	6.0	45038.1	15.8
Da Nang	2022-06-02	51	32.3	26.4	29.1	0.8	4.0	45298.76	13.4
Da Nang	2022-06-03	61	33.9	26.7	29.7	4.0	3.0	44785.07	21.6
Da Nang	2022-06-04	51	36.1	26.5	30.3	0.8	3.0	44787.91	22.2
Da Nang	2022-06-05	51	35.3	27.0	30.5	0.2	2.0	44532.15	15.1
Da Nang	2022-06-06	51	34.3	27.1	30.1	0.2	1.0	45053.4	18.1
Da Nang	2022-06-07	55	34.3	26.8	29.6	1.2	2.0	43939.77	18.0
Da Nang	2022-06-08	53	32.4	26.3	29.2	0.5	1.0	40307.3	17.5
Da Nang	2022-06-09	3	33.3	26.4	29.8	0.0	0.0	38219.43	19.2
Da Nang	2022-06-10	3	34.2	27.7	30.2	0.0	0.0	29130.27	18.6
Da Nang	2022-06-11	61	36.2	27.3	30.6	3.5	3.0	43773.87	20.9
Da Nang	2022-06-12	3	33.3	26.4	29.8	0.0	0.0	44037.67	17.3
Da Nang	2022-06-13	3	33.9	26.9	30.6	0.0	0.0	44822.47	17.6
Da Nang	2022-06-14	3	34.9	27.3	30.9	0.0	0.0	43786.02	16.7
Da Nang	2022-06-15	51	32.3	27.1	29.5	0.1	1.0	40451.34	18.6
Da Nang	2022-06-16	3	33.2	26.5	29.9	0.0	0.0	44056.69	20.7
Da Nang	2022-06-17	51	35.2	26.8	30.8	0.1	1.0	44583.57	22.4
Da Nang	2022-06-18	3	37.1	27.5	31.9	0.0	0.0	45110.96	22.9
Da Nang	2022-06-19	3	36.9	28.4	31.7	0.0	0.0	45117.42	28.0
Da Nang	2022-06-20	53	36.5	28.0	31.4	0.6	1.0	45124.07	27.1
Da Nang	2022-06-21	51	36.8	27.8	31.5	0.1	1.0	45130.87	20.2
Da Nang	2022-06-22	53	35.5	27.9	30.7	1.1	3.0	44877.05	21.5
Da Nang	2022-06-23	51	32.1	27.2	29.3	0.1	1.0	44623.39	26.7
Da Nang	2022-06-24	51	31.5	26.9	28.8	0.6	4.0	44369.82	22.1
Da Nang	2022-06-25	3	31.4	26.2	28.8	0.0	0.0	43200.0	18.7
Da Nang	2022-06-26	3	33.0	26.7	29.6	0.0	0.0	44644.88	17.8
Da Nang	2022-06-27	3	33.2	26.3	29.8	0.0	0.0	44912.61	16.6
Da Nang	2022-06-28	51	34.5	27.8	30.8	0.1	1.0	44659.2	18.3
Da Nang	2022-06-29	51	34.1	27.5	31.1	0.2	2.0	43885.18	16.8
Da Nang	2022-06-30	63	31.9	28.3	29.7	4.0	1.0	39522.66	14.7
Da Nang	2022-07-01	53	29.0	27.5	28.2	3.4	10.0	0.0	11.9
Da Nang	2022-07-02	63	31.2	25.7	28.2	17.9	14.0	483.2	14.0
Da Nang	2022-07-03	3	35.5	27.9	30.9	0.0	0.0	39936.42	19.9
Da Nang	2022-07-04	3	35.3	28.2	30.8	0.0	0.0	43200.0	16.5
Da Nang	2022-07-05	63	36.1	27.9	30.9	6.8	5.0	43409.24	18.0
Da Nang	2022-07-06	53	33.1	26.8	29.3	0.7	2.0	41969.83	14.8
Da Nang	2022-07-07	65	33.0	26.4	28.6	24.5	10.0	41046.39	17.3
Da Nang	2022-07-08	63	30.7	26.5	28.3	3.5	1.0	43200.0	14.8
Da Nang	2022-07-09	63	29.2	25.2	27.2	16.3	10.0	31804.26	17.9
Da Nang	2022-07-10	61	27.7	25.5	26.7	8.9	17.0	1928.44	21.8
Da Nang	2022-07-11	61	29.4	25.5	27.1	6.4	17.0	38780.52	15.4
Da Nang	2022-07-12	61	29.5	25.1	27.2	6.4	15.0	38458.53	17.7
Da Nang	2022-07-13	63	30.0	25.1	27.5	10.3	14.0	38107.25	12.9
Da Nang	2022-07-14	61	29.8	25.3	27.7	4.6	9.0	43200.0	13.7
Da Nang	2022-07-15	51	30.2	25.5	28.0	0.3	3.0	44005.93	13.1
Da Nang	2022-07-16	3	31.2	25.8	28.5	0.0	0.0	44013.49	14.7
Da Nang	2022-07-17	61	32.0	26.2	28.8	2.2	1.0	43764.42	13.5
Da Nang	2022-07-18	3	32.6	26.5	29.7	0.0	0.0	44028.27	15.3
Da Nang	2022-07-19	55	32.1	27.0	29.1	1.6	3.0	43267.64	16.5
Da Nang	2022-07-20	61	29.8	26.4	27.9	5.7	15.0	43032.61	17.2
Da Nang	2022-07-21	61	30.8	25.9	28.1	2.6	7.0	30666.52	22.3
Da Nang	2022-07-22	51	31.2	25.2	28.4	0.6	4.0	43800.5	19.1
Da Nang	2022-07-23	51	30.9	25.4	28.4	0.3	2.0	43297.87	16.3
Da Nang	2022-07-24	51	31.7	25.3	28.8	0.7	3.0	43813.62	17.0
Da Nang	2022-07-25	3	32.0	25.7	29.1	0.0	0.0	43820.08	18.4
Da Nang	2022-07-26	3	31.9	25.6	29.1	0.0	0.0	43826.45	19.1
Da Nang	2022-07-27	51	32.0	26.5	29.3	0.1	1.0	43579.55	17.6
Da Nang	2022-07-28	3	32.8	26.2	29.5	0.0	0.0	43586.13	16.4
Da Nang	2022-07-29	3	32.3	26.8	29.8	0.0	0.0	43592.61	16.4
Da Nang	2022-07-30	3	33.3	27.0	30.4	0.0	0.0	43346.89	16.1
Da Nang	2022-07-31	53	33.6	27.2	29.7	0.9	3.0	43353.56	18.1
Da Nang	2022-08-01	53	33.1	26.7	29.6	1.1	3.0	43611.43	16.1
Da Nang	2022-08-02	51	32.8	27.1	29.4	0.7	3.0	42549.41	16.6
Da Nang	2022-08-03	53	32.2	26.5	29.2	1.1	5.0	43200.0	15.4
Da Nang	2022-08-04	55	32.9	26.5	29.2	2.8	4.0	43378.96	18.6
Da Nang	2022-08-05	53	33.7	26.3	28.9	3.1	10.0	38935.31	19.4
Da Nang	2022-08-06	51	32.3	26.2	28.9	0.3	1.0	36024.21	14.4
Da Nang	2022-08-07	63	30.8	25.6	28.0	9.2	9.0	34365.27	20.6
Da Nang	2022-08-08	63	27.5	25.2	26.1	31.9	22.0	0.0	17.8
Da Nang	2022-08-09	63	28.5	24.7	26.5	15.3	24.0	0.0	11.5
Da Nang	2022-08-10	63	31.6	25.4	27.4	8.2	12.0	19041.87	14.8
Da Nang	2022-08-11	51	31.7	25.8	28.3	0.2	2.0	40746.68	16.4
Da Nang	2022-08-12	61	30.6	25.8	28.2	2.3	3.0	42761.47	19.7
Da Nang	2022-08-13	51	31.6	26.2	28.5	0.4	1.0	43200.0	14.3
Da Nang	2022-08-14	3	31.2	25.9	28.5	0.0	0.0	43200.0	10.4
Da Nang	2022-08-15	53	32.0	26.1	28.5	1.4	2.0	43200.0	15.1
Da Nang	2022-08-16	61	31.1	25.4	28.1	3.3	3.0	39600.0	14.8
Da Nang	2022-08-17	53	31.5	25.8	28.7	1.0	4.0	43200.0	20.8
Da Nang	2022-08-18	51	31.8	25.9	28.6	1.0	7.0	43202.22	17.1
Da Nang	2022-08-19	63	31.9	25.9	28.3	6.9	7.0	33920.08	12.5
Da Nang	2022-08-20	61	28.4	26.2	27.0	7.6	13.0	7551.03	14.6
Da Nang	2022-08-21	3	32.2	25.9	28.9	0.0	0.0	43200.0	21.4
Da Nang	2022-08-22	61	32.2	25.5	28.9	1.3	1.0	43200.0	17.7
Da Nang	2022-08-23	3	31.6	25.8	28.5	0.0	0.0	43200.0	18.9
Da Nang	2022-08-24	61	32.3	25.3	28.6	1.3	1.0	39600.0	15.7
Da Nang	2022-08-25	61	33.3	26.6	29.0	2.3	1.0	22616.76	14.8
Da Nang	2022-08-26	3	32.9	26.5	29.2	0.0	0.0	38924.4	18.1
Da Nang	2022-08-27	53	31.8	26.2	29.2	1.0	3.0	43234.04	15.6
Da Nang	2022-08-28	51	31.6	26.3	29.2	0.6	3.0	43205.11	16.6
Da Nang	2022-08-29	51	31.6	26.3	29.0	0.8	7.0	43125.58	19.9
Da Nang	2022-08-30	53	31.0	27.1	28.9	1.5	7.0	43083.06	15.4
Da Nang	2022-08-31	51	31.9	25.4	29.0	0.3	2.0	43040.37	17.9
Da Nang	2022-09-01	51	32.3	26.1	29.2	0.5	3.0	42996.91	15.8
Da Nang	2022-09-02	53	32.5	26.1	29.1	1.6	7.0	42952.64	22.5
Da Nang	2022-09-03	53	32.8	27.0	29.3	2.1	8.0	40648.67	22.7
Da Nang	2022-09-04	51	33.2	26.0	29.4	0.2	2.0	42861.92	22.8
Da Nang	2022-09-05	51	33.2	26.5	29.3	0.5	3.0	42815.64	27.5
Da Nang	2022-09-06	63	32.0	24.8	28.5	6.2	6.0	42768.83	21.6
Da Nang	2022-09-07	63	27.1	24.5	26.0	18.5	20.0	2909.87	14.8
Da Nang	2022-09-08	63	29.8	24.8	27.3	9.3	10.0	30320.82	22.9
Da Nang	2022-09-09	63	29.4	26.1	27.5	10.6	19.0	41195.4	16.3
Da Nang	2022-09-10	53	29.6	25.1	27.3	3.8	16.0	42577.84	17.8
Da Nang	2022-09-11	55	30.1	24.7	27.5	5.0	11.0	42211.94	17.5
Da Nang	2022-09-12	53	29.5	24.2	27.3	2.8	14.0	42481.12	13.8
Da Nang	2022-09-13	51	30.3	25.2	28.1	0.3	3.0	41537.69	13.9
Da Nang	2022-09-14	63	31.2	25.5	28.0	4.1	6.0	40842.06	11.6
Da Nang	2022-09-15	53	31.4	25.4	28.1	1.1	4.0	39217.94	17.1
Da Nang	2022-09-16	53	31.1	25.3	28.1	0.9	2.0	41366.99	19.8
Da Nang	2022-09-17	61	32.4	24.8	28.1	3.9	5.0	41390.01	13.0
Da Nang	2022-09-18	61	30.9	25.1	27.9	4.1	7.0	39738.65	14.8
Da Nang	2022-09-19	61	31.2	24.9	27.9	2.5	6.0	40957.64	22.6
Da Nang	2022-09-20	53	31.6	24.5	28.0	1.2	4.0	40263.22	17.2
Da Nang	2022-09-21	63	27.5	25.0	26.3	17.0	18.0	12997.18	10.7
Da Nang	2022-09-22	63	28.1	24.9	26.4	6.2	16.0	12056.3	13.5
Da Nang	2022-09-23	63	28.1	25.2	26.6	15.0	21.0	831.71	11.0
Da Nang	2022-09-24	63	27.7	24.5	26.2	23.1	19.0	10415.53	9.7
Da Nang	2022-09-25	63	28.2	24.9	26.4	13.7	18.0	26952.61	16.8
Da Nang	2022-09-26	61	27.7	24.0	26.0	7.1	15.0	7906.03	19.3
Da Nang	2022-09-27	65	26.5	25.3	25.8	98.9	19.0	0.0	55.3
Da Nang	2022-09-28	65	30.2	25.5	27.6	38.4	10.0	18137.32	57.0
Da Nang	2022-09-29	65	28.8	25.4	26.6	36.9	12.0	31512.68	13.1
Da Nang	2022-09-30	63	30.8	24.4	27.2	8.5	11.0	39463.76	13.9
Da Nang	2022-10-01	63	29.7	24.7	26.9	6.1	11.0	28516.97	17.4
Da Nang	2022-10-02	53	29.5	25.2	27.1	2.2	7.0	36549.62	20.2
Da Nang	2022-10-03	55	28.5	24.0	26.3	3.9	14.0	39314.24	12.7
Da Nang	2022-10-04	63	27.9	23.9	26.1	10.3	13.0	23869.85	15.7
Da Nang	2022-10-05	63	28.3	24.4	25.8	18.9	14.0	24432.92	16.9
Da Nang	2022-10-06	61	28.3	24.6	26.4	5.9	11.0	31684.08	18.4
Da Nang	2022-10-07	51	28.5	24.3	26.8	2.5	13.0	39600.0	20.3
Da Nang	2022-10-08	63	27.7	24.6	26.1	11.5	21.0	32886.65	18.4
Da Nang	2022-10-09	63	27.1	23.8	25.2	43.2	21.0	22290.15	19.7
Da Nang	2022-10-10	63	26.1	24.3	25.3	48.8	24.0	0.0	29.3
Da Nang	2022-10-11	61	27.8	24.1	26.0	5.3	7.0	20690.5	28.7
Da Nang	2022-10-12	53	26.8	23.6	24.9	5.8	20.0	38331.55	23.2
Da Nang	2022-10-13	51	26.9	23.6	25.3	1.8	11.0	13515.57	27.7
Da Nang	2022-10-14	65	26.6	23.5	24.6	179.0	23.0	0.0	59.2
Da Nang	2022-10-15	63	28.2	25.0	26.3	29.4	21.0	14671.81	46.9
Da Nang	2022-10-16	63	27.9	24.8	26.1	14.2	13.0	12211.69	22.9
Da Nang	2022-10-17	3	28.8	22.6	25.7	0.0	0.0	39600.0	32.4
Da Nang	2022-10-18	51	28.5	24.5	26.2	0.1	1.0	38158.27	35.7
Da Nang	2022-10-19	51	26.1	23.1	24.3	1.7	16.0	10919.5	41.4
Da Nang	2022-10-20	3	27.5	22.2	24.5	0.0	0.0	39493.31	21.1
Da Nang	2022-10-21	51	28.8	22.2	25.2	0.1	1.0	39600.0	24.7
Da Nang	2022-10-22	63	26.0	24.3	24.9	25.8	24.0	1057.69	15.6
Da Nang	2022-10-23	51	27.4	24.3	26.0	1.2	8.0	37125.37	21.5
Da Nang	2022-10-24	53	29.4	23.1	26.2	1.5	6.0	39600.0	23.9
Da Nang	2022-10-25	65	25.7	24.4	25.1	65.1	22.0	1515.69	15.5
Da Nang	2022-10-26	63	28.3	25.0	26.5	6.8	19.0	33341.45	23.7
Da Nang	2022-10-27	53	27.4	24.9	26.0	3.9	17.0	38429.99	16.2
Da Nang	2022-10-28	53	27.7	24.7	26.0	2.4	10.0	38825.43	28.6
Da Nang	2022-10-29	53	26.6	24.3	25.3	5.7	18.0	26043.98	28.1
Da Nang	2022-10-30	53	27.5	23.8	25.6	2.6	8.0	35416.88	26.3
Da Nang	2022-10-31	51	27.3	24.1	25.3	0.9	7.0	38132.46	39.1
Da Nang	2022-11-01	51	26.8	22.5	24.6	0.7	6.0	36965.98	31.9
Da Nang	2022-11-02	3	27.3	20.7	23.9	0.0	0.0	39600.0	23.0
Da Nang	2022-11-03	3	26.0	18.5	22.9	0.0	0.0	39600.0	21.5
Da Nang	2022-11-04	1	26.8	19.6	23.7	0.0	0.0	39600.0	27.6
Da Nang	2022-11-05	51	26.3	21.2	24.0	1.5	10.0	39600.0	22.4
Da Nang	2022-11-06	51	26.1	22.3	24.3	0.7	3.0	39600.0	22.9
Da Nang	2022-11-07	51	26.2	21.8	24.3	0.1	1.0	39600.0	20.6
Da Nang	2022-11-08	51	27.7	22.1	24.9	0.2	2.0	39600.0	24.8
Da Nang	2022-11-09	53	26.7	23.7	25.1	1.2	4.0	37412.95	21.3
Da Nang	2022-11-10	51	27.1	23.8	25.2	2.7	17.0	35715.71	15.6
Da Nang	2022-11-11	53	26.9	23.3	25.3	3.1	13.0	39600.0	12.6
Da Nang	2022-11-12	53	27.0	23.6	25.3	7.4	20.0	34065.21	14.3
Da Nang	2022-11-13	55	27.1	24.6	25.8	4.9	20.0	28359.4	14.4
Da Nang	2022-11-14	61	27.2	24.3	25.7	8.8	18.0	35627.92	13.6
Da Nang	2022-11-15	53	27.0	24.0	25.6	3.1	12.0	38853.56	13.1
Da Nang	2022-11-16	53	27.6	24.1	25.7	1.3	7.0	39600.0	12.3
Da Nang	2022-11-17	51	27.5	24.0	25.9	1.4	9.0	39600.0	10.8
Da Nang	2022-11-18	53	27.7	24.6	26.1	2.0	12.0	36000.0	13.3
Da Nang	2022-11-19	61	26.6	23.6	25.0	13.5	21.0	21000.54	19.3
Da Nang	2022-11-20	63	25.9	24.3	25.1	27.1	24.0	5137.03	19.5
Da Nang	2022-11-21	63	25.5	24.5	25.1	34.9	23.0	0.0	23.3
Da Nang	2022-11-22	63	27.0	24.0	25.6	13.3	20.0	38420.18	11.7
Da Nang	2022-11-23	55	26.8	24.9	25.9	5.2	20.0	28454.21	14.0
Da Nang	2022-11-24	53	27.7	24.8	26.3	2.8	13.0	39600.0	18.2
Da Nang	2022-11-25	53	27.9	24.7	26.1	1.7	8.0	38209.85	15.5
Da Nang	2022-11-26	55	26.8	23.5	25.5	3.3	12.0	23619.09	15.2
Da Nang	2022-11-27	51	27.8	24.5	26.1	1.5	13.0	38630.62	17.6
Da Nang	2022-11-28	51	28.7	24.2	26.5	1.1	4.0	39566.8	16.7
Da Nang	2022-11-29	3	28.5	24.7	26.7	0.0	0.0	39531.57	20.1
Da Nang	2022-11-30	53	28.4	22.3	25.5	1.6	6.0	39496.22	13.7
Da Nang	2022-12-01	63	26.1	23.3	24.6	26.4	22.0	21584.2	19.9
Da Nang	2022-12-02	65	25.1	23.4	24.4	63.2	24.0	3600.0	40.5
Da Nang	2022-12-03	65	25.4	23.7	24.5	45.2	24.0	3677.91	31.8
Da Nang	2022-12-04	55	25.6	23.7	24.7	12.2	24.0	10415.3	19.9
Da Nang	2022-12-05	63	25.1	23.4	24.3	33.3	24.0	537.29	34.9
Da Nang	2022-12-06	55	25.1	23.3	24.2	4.2	15.0	18080.93	25.6
Da Nang	2022-12-07	61	24.6	23.6	24.1	10.6	24.0	25339.77	23.2
Da Nang	2022-12-08	61	25.3	23.5	24.4	10.2	23.0	18353.84	26.2
Da Nang	2022-12-09	61	24.6	23.2	23.9	11.9	22.0	4295.72	19.8
Da Nang	2022-12-10	53	24.1	21.7	23.1	7.9	21.0	18939.34	16.3
Da Nang	2022-12-11	63	24.2	21.5	22.5	9.9	23.0	10767.5	18.8
Da Nang	2022-12-12	61	23.5	20.8	22.0	8.6	22.0	35544.7	24.6
Da Nang	2022-12-13	63	22.9	19.9	21.0	13.9	12.0	18000.0	21.7
Da Nang	2022-12-14	53	23.4	19.5	21.2	1.2	4.0	11782.71	25.6
Da Nang	2022-12-15	3	23.8	19.4	21.6	0.0	0.0	32335.31	21.8
Da Nang	2022-12-16	51	24.3	20.4	22.5	0.2	2.0	178.54	22.5
Da Nang	2022-12-17	61	23.2	20.3	21.9	20.1	22.0	0.0	41.9
Da Nang	2022-12-18	53	20.2	18.7	19.2	5.7	16.0	0.0	41.3
Da Nang	2022-12-19	51	20.9	19.1	19.8	1.7	11.0	591.19	21.1
Da Nang	2022-12-20	51	23.1	19.1	21.1	1.3	8.0	5096.91	18.7
Da Nang	2022-12-21	63	22.6	20.9	21.6	16.8	16.0	670.88	29.3
Da Nang	2022-12-22	3	22.8	19.9	21.2	0.0	0.0	27887.11	24.5
Da Nang	2022-12-23	51	22.5	18.2	20.8	0.7	7.0	37021.87	18.8
Da Nang	2022-12-24	51	23.5	19.3	21.8	0.8	6.0	36000.0	26.0
Da Nang	2022-12-25	51	24.2	19.7	22.1	0.3	3.0	37314.16	17.8
Da Nang	2022-12-26	53	23.2	17.9	20.7	3.5	13.0	28925.44	19.3
Da Nang	2022-12-27	51	24.2	20.2	22.1	1.9	11.0	29012.38	18.4
Da Nang	2022-12-28	61	22.4	19.3	21.1	11.2	24.0	10413.34	20.1
Da Nang	2022-12-29	61	22.6	21.1	21.7	15.0	24.0	10579.27	31.9
Da Nang	2022-12-30	55	22.2	20.4	21.3	4.0	16.0	34141.85	28.3
Da Nang	2022-12-31	53	22.9	18.9	21.0	1.7	8.0	33271.61	24.1
Da Nang	2023-01-01	53	21.6	19.5	20.5	3.1	12.0	0.0	30.0
Da Nang	2023-01-02	61	22.3	20.1	21.0	13.6	20.0	4091.89	22.2
Da Nang	2023-01-03	61	21.9	20.8	21.4	18.5	23.0	0.0	24.4
Da Nang	2023-01-04	61	22.5	21.0	21.7	8.4	21.0	0.0	26.7
Da Nang	2023-01-05	51	23.4	21.9	22.4	2.5	14.0	9814.67	26.6
Da Nang	2023-01-06	61	22.5	20.8	21.8	6.7	16.0	7676.32	32.0
Da Nang	2023-01-07	55	22.0	20.4	20.9	4.2	13.0	2266.2	23.3
Da Nang	2023-01-08	51	21.9	20.3	21.0	1.2	7.0	0.0	20.5
Da Nang	2023-01-09	63	23.8	20.8	21.8	12.5	14.0	4720.37	19.3
Da Nang	2023-01-10	53	24.4	20.5	22.2	2.3	8.0	18216.56	17.7
Da Nang	2023-01-11	51	24.8	19.0	21.9	0.1	1.0	28979.13	26.1
Da Nang	2023-01-12	3	25.0	20.2	22.7	0.0	0.0	36665.58	16.4
Da Nang	2023-01-13	3	24.8	21.2	23.0	0.0	0.0	36298.14	12.9
Da Nang	2023-01-14	3	26.9	19.0	22.5	0.0	0.0	39139.4	10.2
Da Nang	2023-01-15	51	26.4	19.3	22.9	0.2	1.0	38080.04	19.6
Da Nang	2023-01-16	63	22.7	19.8	21.2	23.5	22.0	547.81	27.5
Da Nang	2023-01-17	63	22.1	19.6	20.6	17.1	13.0	0.0	20.7
Da Nang	2023-01-18	53	21.3	19.5	20.5	4.1	14.0	1563.09	26.8
Da Nang	2023-01-19	51	22.0	19.1	20.5	1.2	7.0	25752.89	20.5
Da Nang	2023-01-20	51	22.4	18.4	20.7	1.5	10.0	33230.95	22.7
Da Nang	2023-01-21	3	22.3	19.7	21.0	0.0	0.0	3597.1	16.6
Da Nang	2023-01-22	51	23.9	20.0	22.1	0.2	2.0	37156.99	14.3
Da Nang	2023-01-23	51	24.7	19.7	22.4	0.1	1.0	36621.57	12.7
Da Nang	2023-01-24	63	22.8	19.0	21.1	26.1	24.0	0.0	38.8
Da Nang	2023-01-25	51	21.0	18.7	20.0	0.7	5.0	20520.2	27.5
Da Nang	2023-01-26	51	22.0	18.6	20.6	0.7	6.0	34849.82	9.7
Da Nang	2023-01-27	63	22.1	19.8	21.0	18.2	22.0	7200.0	32.2
Da Nang	2023-01-28	61	19.7	17.3	18.8	15.5	24.0	0.0	28.8
Da Nang	2023-01-29	61	20.2	17.3	19.0	5.0	7.0	34267.23	29.3
Da Nang	2023-01-30	3	19.5	17.2	18.3	0.0	0.0	25637.4	17.3
Da Nang	2023-01-31	3	21.6	15.1	19.1	0.0	0.0	26838.98	12.8
Da Nang	2023-02-01	3	23.5	17.2	20.9	0.0	0.0	39177.78	14.2
Da Nang	2023-02-02	55	23.9	19.5	22.3	3.5	11.0	10431.08	9.9
Da Nang	2023-02-03	51	25.0	21.0	23.1	0.6	6.0	37029.85	12.7
Da Nang	2023-02-04	51	25.3	20.6	22.9	0.1	1.0	33574.65	16.5
Da Nang	2023-02-05	51	25.6	21.8	23.3	0.4	4.0	37297.31	20.1
Da Nang	2023-02-06	3	25.3	20.6	23.1	0.0	0.0	37770.11	18.2
Da Nang	2023-02-07	51	25.9	22.0	23.7	0.1	1.0	37490.67	19.5
Da Nang	2023-02-08	51	26.2	22.9	24.1	0.1	1.0	35069.99	22.7
Da Nang	2023-02-09	3	25.9	22.7	24.1	0.0	0.0	37930.62	22.9
Da Nang	2023-02-10	51	26.6	22.9	24.3	0.3	3.0	39895.13	21.9
Da Nang	2023-02-11	3	26.4	22.1	24.2	0.0	0.0	39856.72	23.4
Da Nang	2023-02-12	3	26.7	22.4	24.3	0.0	0.0	38854.07	21.5
Da Nang	2023-02-13	3	27.1	22.8	24.6	0.0	0.0	40661.56	15.9
Da Nang	2023-02-14	55	25.8	22.9	24.2	4.6	13.0	27817.8	15.6
Da Nang	2023-02-15	61	23.6	21.6	22.9	14.2	24.0	4328.92	29.5
Da Nang	2023-02-16	53	23.8	21.1	22.4	7.0	18.0	35839.24	27.7
Da Nang	2023-02-17	53	23.8	20.7	22.2	6.7	18.0	37299.31	17.8
Da Nang	2023-02-18	53	23.9	20.8	22.4	2.1	11.0	38759.78	12.0
Da Nang	2023-02-19	53	24.5	20.8	22.8	3.0	12.0	38858.04	19.9
Da Nang	2023-02-20	53	25.0	20.7	22.8	2.9	14.0	35654.77	18.9
Da Nang	2023-02-21	53	23.7	20.2	22.1	5.2	19.0	36150.88	22.1
Da Nang	2023-02-22	55	23.0	19.6	21.9	4.1	17.0	27820.37	20.8
Da Nang	2023-02-23	53	24.9	20.1	22.4	3.7	10.0	38934.79	15.8
Da Nang	2023-02-24	51	24.1	17.3	21.0	0.9	4.0	41156.24	19.1
Da Nang	2023-02-25	61	23.0	20.0	21.8	8.4	20.0	26865.0	25.8
Da Nang	2023-02-26	61	22.3	19.5	21.0	11.0	23.0	32713.72	30.4
Da Nang	2023-02-27	61	21.6	19.8	20.6	19.8	24.0	0.0	20.6
Da Nang	2023-02-28	61	23.1	20.8	21.7	19.6	21.0	3321.94	22.4
Da Nang	2023-03-01	53	24.2	20.2	22.2	7.2	16.0	33778.08	19.9
Da Nang	2023-03-02	53	23.9	20.0	21.8	1.7	8.0	40907.56	16.6
Da Nang	2023-03-03	51	24.4	18.1	21.4	1.4	10.0	37804.82	14.0
Da Nang	2023-03-04	53	24.1	20.6	22.1	3.2	14.0	41322.61	20.9
Da Nang	2023-03-05	55	24.0	18.7	21.8	4.6	18.0	42013.59	20.0
Da Nang	2023-03-06	51	24.1	18.1	21.3	0.3	3.0	41329.08	13.3
Da Nang	2023-03-07	51	24.9	19.6	22.0	2.4	11.0	37625.84	17.9
Da Nang	2023-03-08	3	24.6	17.0	21.6	0.0	0.0	42501.16	14.4
Da Nang	2023-03-09	51	24.3	18.6	22.2	0.4	4.0	35543.61	12.4
Da Nang	2023-03-10	3	24.8	18.1	21.8	0.0	0.0	42610.58	15.8
Da Nang	2023-03-11	3	25.3	19.0	22.6	0.0	0.0	42665.4	13.3
Da Nang	2023-03-12	51	24.8	20.6	23.0	0.7	4.0	40816.47	14.1
Da Nang	2023-03-13	53	24.6	21.6	23.0	3.4	13.0	37234.32	21.7
Da Nang	2023-03-14	53	23.6	20.9	22.1	3.0	11.0	28726.34	15.9
Da Nang	2023-03-15	51	25.5	20.5	23.2	0.2	2.0	41834.17	21.3
Da Nang	2023-03-16	51	25.6	21.3	23.8	1.4	7.0	40472.81	17.7
Da Nang	2023-03-17	51	26.1	21.3	23.8	0.3	3.0	39636.48	17.5
Da Nang	2023-03-18	51	25.9	22.2	24.1	1.5	9.0	38738.31	18.4
Da Nang	2023-03-19	3	26.7	22.9	24.7	0.0	0.0	41924.57	22.2
Da Nang	2023-03-20	3	28.0	22.6	25.1	0.0	0.0	41597.04	22.9
Da Nang	2023-03-21	3	29.4	22.9	25.8	0.0	0.0	42873.56	19.4
Da Nang	2023-03-22	3	30.1	23.7	26.3	0.0	0.0	42883.26	19.6
Da Nang	2023-03-23	3	31.2	24.2	26.9	0.0	0.0	42892.67	23.4
Da Nang	2023-03-24	3	28.9	24.5	26.4	0.0	0.0	42901.86	19.1
Da Nang	2023-03-25	3	28.9	24.4	26.3	0.0	0.0	42552.56	23.5
Da Nang	2023-03-26	3	28.4	23.8	25.8	0.0	0.0	41534.65	26.6
Da Nang	2023-03-27	53	29.1	24.9	26.4	1.8	4.0	39341.89	20.2
Da Nang	2023-03-28	53	27.0	24.2	25.6	2.4	13.0	39175.69	12.9
Da Nang	2023-03-29	53	26.8	24.4	25.5	3.1	12.0	40627.38	15.6
Da Nang	2023-03-30	51	26.9	24.2	25.5	1.1	7.0	40815.39	13.4
Da Nang	2023-03-31	51	28.1	25.0	26.3	0.6	5.0	34456.47	21.4
Da Nang	2023-04-01	51	28.5	24.5	26.4	0.1	1.0	37010.02	22.0
Da Nang	2023-04-02	3	29.1	24.4	26.4	0.0	0.0	32400.0	23.2
Da Nang	2023-04-03	3	29.7	24.3	26.9	0.0	0.0	40548.54	22.9
Da Nang	2023-04-04	3	30.9	24.7	27.4	0.0	0.0	41747.58	24.9
Da Nang	2023-04-05	2	32.1	25.2	28.2	0.0	0.0	43008.05	21.8
Da Nang	2023-04-06	51	31.7	25.7	27.9	0.2	2.0	43017.75	21.4
Da Nang	2023-04-07	51	29.1	25.4	27.0	0.9	6.0	43027.76	17.0
Da Nang	2023-04-08	53	28.7	25.3	26.7	4.3	16.0	42670.38	16.2
Da Nang	2023-04-09	51	27.6	23.4	25.6	1.8	10.0	43048.44	18.5
Da Nang	2023-04-10	3	28.5	23.7	26.2	0.0	0.0	43058.83	24.7
Da Nang	2023-04-11	3	29.7	25.2	27.1	0.0	0.0	43069.26	25.2
Da Nang	2023-04-12	55	28.7	24.5	26.5	2.0	4.0	40475.86	19.6
Da Nang	2023-04-13	51	29.3	25.7	27.2	0.1	1.0	42333.57	23.2
Da Nang	2023-04-14	51	29.5	26.0	27.5	0.1	1.0	37399.85	23.2
Da Nang	2023-04-15	53	29.6	25.6	27.2	2.5	8.0	42210.56	20.4
Da Nang	2023-04-16	51	28.1	24.3	26.4	0.9	6.0	28403.62	15.3
Da Nang	2023-04-17	51	30.4	25.3	27.5	0.1	1.0	37329.64	24.2
Da Nang	2023-04-18	3	31.9	25.5	28.3	0.0	0.0	43145.4	22.3
Da Nang	2023-04-19	1	36.6	26.2	29.8	0.0	0.0	43156.98	25.1
Da Nang	2023-04-20	3	37.0	26.3	30.1	0.0	0.0	43168.78	20.6
Da Nang	2023-04-21	63	38.3	26.5	30.5	4.8	2.0	40252.0	21.7
Da Nang	2023-04-22	3	32.0	26.3	28.6	0.0	0.0	43193.19	21.7
Da Nang	2023-04-23	3	31.6	26.7	28.5	0.0	0.0	37098.14	26.4
Da Nang	2023-04-24	3	29.6	26.4	27.6	0.0	0.0	42758.22	20.3
Da Nang	2023-04-25	53	28.9	25.9	27.3	1.9	9.0	42263.73	17.0
Da Nang	2023-04-26	53	28.2	24.4	26.2	3.7	17.0	42354.84	19.1
Da Nang	2023-04-27	51	28.4	24.3	26.6	0.8	6.0	43200.0	15.3
Da Nang	2023-04-28	51	29.5	25.3	27.3	0.2	2.0	40197.45	23.1
Da Nang	2023-04-29	51	29.5	25.3	27.4	0.1	1.0	43462.36	23.4
Da Nang	2023-04-30	51	28.8	24.5	26.7	1.1	7.0	39602.16	22.2
Da Nang	2023-05-01	51	28.2	24.6	26.5	0.4	3.0	43200.0	15.9
Da Nang	2023-05-02	3	29.1	24.8	27.1	0.0	0.0	43422.84	17.7
Da Nang	2023-05-03	51	30.6	25.2	27.9	0.1	1.0	43905.89	22.3
Da Nang	2023-05-04	3	31.6	25.7	28.7	0.0	0.0	43894.48	23.8
Da Nang	2023-05-05	3	33.2	25.9	29.2	0.0	0.0	43883.42	25.6
Da Nang	2023-05-06	3	33.5	27.2	30.2	0.0	0.0	43872.76	23.3
Da Nang	2023-05-07	3	34.2	28.0	30.6	0.0	0.0	44111.74	21.4
Da Nang	2023-05-08	3	32.9	27.3	29.2	0.0	0.0	44351.87	30.7
Da Nang	2023-05-09	55	28.9	26.4	27.7	2.7	9.0	38348.39	16.3
Da Nang	2023-05-10	63	29.9	25.8	27.8	19.2	12.0	37336.4	14.3
Da Nang	2023-05-11	61	29.3	25.7	27.4	5.2	16.0	38551.42	14.4
Da Nang	2023-05-12	63	29.4	25.9	27.2	12.1	14.0	33291.25	12.5
Da Nang	2023-05-13	53	28.9	25.8	27.0	4.0	16.0	25704.46	25.6
Da Nang	2023-05-14	51	29.2	25.7	27.1	0.8	7.0	43953.44	27.3
Da Nang	2023-05-15	63	30.5	25.0	27.3	6.5	3.0	40575.47	22.3
Da Nang	2023-05-16	51	32.0	25.5	28.4	0.2	2.0	42325.04	18.4
Da Nang	2023-05-17	51	35.9	25.9	30.0	0.1	1.0	44288.85	25.3
Da Nang	2023-05-18	3	36.1	26.2	30.3	0.0	0.0	44537.46	19.1
Da Nang	2023-05-19	3	36.4	26.8	30.6	0.0	0.0	44787.31	15.3
Da Nang	2023-05-20	3	34.7	27.4	30.6	0.0	0.0	44784.25	20.2
Da Nang	2023-05-21	3	33.6	27.5	30.2	0.0	0.0	45036.09	20.2
Da Nang	2023-05-22	3	35.2	28.0	31.2	0.0	0.0	44015.35	17.4
Da Nang	2023-05-23	3	36.0	28.5	31.4	0.0	0.0	45288.11	21.4
Da Nang	2023-05-24	53	34.5	27.2	29.9	2.0	4.0	38087.57	22.7
Da Nang	2023-05-25	61	32.8	26.6	29.0	2.9	6.0	33958.7	17.1
Da Nang	2023-05-26	61	32.3	26.7	29.2	2.2	1.0	45031.54	18.8
Da Nang	2023-05-27	51	32.0	25.7	29.0	0.5	5.0	45031.82	19.1
Da Nang	2023-05-28	63	30.4	26.2	28.3	5.1	8.0	43846.78	16.6
Da Nang	2023-05-29	51	30.8	25.5	28.2	1.9	12.0	44005.44	18.6
Da Nang	2023-05-30	3	31.3	25.9	28.8	0.0	0.0	45291.93	18.3
Da Nang	2023-05-31	3	32.8	26.2	30.0	0.0	0.0	45293.8	16.4
Da Nang	2023-06-01	3	35.0	27.5	30.9	0.0	0.0	45553.78	20.2
Da Nang	2023-06-02	3	35.7	27.9	31.3	0.0	0.0	45298.3	24.5
Da Nang	2023-06-03	51	35.8	27.8	31.3	0.3	1.0	45300.92	16.8
Da Nang	2023-06-04	63	33.4	26.1	29.7	7.2	6.0	45045.15	17.1
Da Nang	2023-06-05	55	32.2	26.4	28.9	2.5	6.0	38595.92	20.8
Da Nang	2023-06-06	63	30.4	25.9	28.0	15.2	12.0	31629.06	11.0
Da Nang	2023-06-07	63	30.9	26.0	27.8	8.0	12.0	31827.96	14.7
Da Nang	2023-06-08	53	30.2	26.4	28.4	5.2	12.0	33156.99	15.5
Da Nang	2023-06-09	65	31.9	26.7	29.2	19.0	9.0	44542.31	16.7
Da Nang	2023-06-10	53	33.7	26.5	29.4	1.5	7.0	43507.26	19.6
Da Nang	2023-06-11	61	34.1	27.0	29.9	2.9	7.0	42780.33	17.7
Da Nang	2023-06-12	51	34.9	27.4	30.4	0.1	1.0	39399.98	21.5
Da Nang	2023-06-13	3	36.0	28.7	31.0	0.0	0.0	43200.0	24.0
Da Nang	2023-06-14	3	34.9	28.3	30.9	0.0	0.0	43524.76	15.1
Da Nang	2023-06-15	3	33.8	28.4	31.1	0.0	0.0	39930.03	17.2
Da Nang	2023-06-16	61	35.9	28.0	30.8	2.2	4.0	41880.7	21.7
Da Nang	2023-06-17	53	33.3	26.8	29.5	1.2	4.0	44583.64	18.9
Da Nang	2023-06-18	51	34.5	27.2	30.1	0.7	4.0	43286.81	17.8
Da Nang	2023-06-19	51	34.1	27.0	30.4	0.1	1.0	44335.67	16.4
Da Nang	2023-06-20	1	33.7	27.4	30.5	0.0	0.0	45124.31	15.9
Da Nang	2023-06-21	3	34.4	27.4	31.0	0.0	0.0	45130.97	14.8
Da Nang	2023-06-22	3	35.7	27.9	31.6	0.0	0.0	45137.65	17.8
Da Nang	2023-06-23	53	35.3	27.8	31.4	0.9	1.0	45144.27	17.6
Da Nang	2023-06-24	53	33.5	28.0	30.5	1.4	4.0	43847.34	19.1
Da Nang	2023-06-25	61	34.1	27.5	30.0	2.6	5.0	43332.68	20.2
Da Nang	2023-06-26	53	32.1	26.7	28.9	1.8	6.0	44242.98	21.2
Da Nang	2023-06-27	61	31.8	26.2	28.8	3.6	6.0	43200.0	21.2
Da Nang	2023-06-28	53	33.6	25.3	29.3	1.5	4.0	44655.39	17.7
Da Nang	2023-06-29	53	34.2	26.2	29.8	0.6	1.0	44662.04	13.2
Da Nang	2023-06-30	53	36.5	26.1	30.4	0.8	2.0	44668.9	12.8
Da Nang	2023-07-01	65	36.6	26.8	30.6	15.8	3.0	41075.91	16.6
Da Nang	2023-07-02	63	36.5	26.3	30.2	4.4	4.0	43037.51	16.0
Da Nang	2023-07-03	51	35.5	26.4	30.7	0.2	2.0	29616.58	18.7
Da Nang	2023-07-04	55	34.7	26.8	30.1	1.4	4.0	43200.0	13.8
Da Nang	2023-07-05	3	34.4	26.0	29.9	0.0	0.0	43200.0	18.1
Da Nang	2023-07-06	3	34.8	26.3	30.1	0.0	0.0	44453.22	20.8
Da Nang	2023-07-07	3	34.1	27.1	30.3	0.0	0.0	44201.73	18.1
Da Nang	2023-07-08	53	34.7	27.2	30.7	0.8	2.0	44209.57	16.1
Da Nang	2023-07-09	51	34.5	27.2	30.2	0.7	4.0	44217.41	16.6
Da Nang	2023-07-10	3	34.0	26.1	29.8	0.0	0.0	44225.18	16.6
Da Nang	2023-07-11	3	34.9	26.3	30.3	0.0	0.0	44232.87	17.3
Da Nang	2023-07-12	53	35.3	27.1	30.9	1.0	2.0	43208.4	16.7
Da Nang	2023-07-13	3	35.8	26.9	31.2	0.0	0.0	44247.88	17.7
Da Nang	2023-07-14	63	36.0	25.9	31.0	5.4	3.0	43997.67	22.8
Da Nang	2023-07-15	51	34.8	25.9	30.3	0.3	1.0	44004.99	14.1
Da Nang	2023-07-16	63	33.5	26.8	29.3	7.1	2.0	28743.81	15.5
Da Nang	2023-07-17	51	31.1	26.9	29.1	1.2	5.0	6748.9	10.2
Da Nang	2023-07-18	3	36.0	27.3	30.9	0.0	0.0	38952.34	14.9
Da Nang	2023-07-19	63	34.6	27.3	30.1	10.8	8.0	43200.0	19.7
Da Nang	2023-07-20	51	33.0	26.6	29.4	1.6	10.0	43783.44	17.4
Da Nang	2023-07-21	55	32.3	25.9	29.2	3.4	10.0	39927.09	19.2
Da Nang	2023-07-22	63	31.7	26.4	28.3	8.8	19.0	43542.31	15.9
Da Nang	2023-07-23	63	31.9	25.7	28.6	6.5	11.0	43549.55	15.0
Da Nang	2023-07-24	61	32.2	25.1	28.1	5.6	12.0	43200.0	15.0
Da Nang	2023-07-25	51	32.3	25.0	28.5	1.7	9.0	43563.82	19.0
Da Nang	2023-07-26	51	34.0	25.4	29.7	0.8	3.0	43570.85	19.3
Da Nang	2023-07-27	3	37.1	25.3	30.6	0.0	0.0	39600.0	19.1
Da Nang	2023-07-28	63	37.8	27.8	31.1	4.0	4.0	43200.0	15.4
Da Nang	2023-07-29	63	36.0	26.9	30.1	6.7	3.0	43591.31	13.4
Da Nang	2023-07-30	63	34.3	27.4	29.7	7.5	3.0	43345.73	10.4
Da Nang	2023-07-31	53	34.3	27.3	30.1	0.5	1.0	42301.32	15.3
Da Nang	2023-08-01	51	34.2	27.6	30.0	0.1	1.0	21512.2	11.7
Da Nang	2023-08-02	63	32.8	26.7	28.8	5.9	4.0	14704.83	17.5
Da Nang	2023-08-03	51	32.8	26.9	29.8	0.2	1.0	7548.74	20.1
Da Nang	2023-08-04	51	32.2	28.5	30.2	0.6	4.0	14357.37	17.8
Da Nang	2023-08-05	3	37.6	27.7	32.1	0.0	0.0	43200.0	18.3
Da Nang	2023-08-06	3	38.3	27.9	32.6	0.0	0.0	43200.0	22.2
Da Nang	2023-08-07	3	38.5	27.9	32.7	0.0	0.0	43200.0	18.7
Da Nang	2023-08-08	51	38.9	27.2	32.0	0.1	1.0	43400.58	21.1
Da Nang	2023-08-09	3	39.7	28.1	32.1	0.0	0.0	43200.0	20.8
Da Nang	2023-08-10	51	39.0	28.2	32.4	0.3	2.0	43200.0	21.4
Da Nang	2023-08-11	53	38.3	27.7	32.1	1.5	3.0	43415.59	18.4
Da Nang	2023-08-12	51	38.1	29.5	33.0	0.3	2.0	43200.0	20.6
Da Nang	2023-08-13	63	38.7	28.7	32.6	2.7	2.0	42824.0	16.8
Da Nang	2023-08-14	55	38.0	28.4	31.8	2.9	5.0	43200.0	16.4
Da Nang	2023-08-15	53	37.2	27.5	31.3	1.4	7.0	43200.0	15.8
Da Nang	2023-08-16	61	35.4	27.2	31.1	1.4	2.0	43200.0	16.1
Da Nang	2023-08-17	51	35.7	26.8	30.6	0.4	1.0	43200.0	20.2
Da Nang	2023-08-18	51	35.9	26.7	31.1	0.2	2.0	43200.4	15.9
Da Nang	2023-08-19	51	35.6	26.8	30.9	0.6	3.0	43204.57	16.9
Da Nang	2023-08-20	53	34.8	26.6	30.1	0.9	4.0	43200.0	21.6
Da Nang	2023-08-21	51	35.0	26.4	29.5	1.9	7.0	43200.0	15.0
Da Nang	2023-08-22	53	32.8	26.2	29.1	1.4	4.0	43200.0	12.0
Da Nang	2023-08-23	61	35.1	26.5	29.8	2.1	3.0	43200.0	12.9
Da Nang	2023-08-24	65	34.8	26.9	29.9	21.9	4.0	40053.97	14.8
Da Nang	2023-08-25	51	34.9	26.3	30.2	0.9	5.0	42195.33	11.8
Da Nang	2023-08-26	61	36.4	27.2	31.1	2.3	4.0	43200.0	16.0
Da Nang	2023-08-27	3	37.6	27.4	31.4	0.0	0.0	43200.0	14.2
Da Nang	2023-08-28	63	37.4	26.6	31.3	5.4	6.0	43220.23	15.5
Da Nang	2023-08-29	63	33.4	25.8	29.1	12.2	15.0	24505.98	20.4
Da Nang	2023-08-30	61	32.6	26.0	28.5	4.2	11.0	29989.5	23.5
Da Nang	2023-08-31	61	29.1	25.7	27.1	10.8	18.0	11218.64	12.3
Da Nang	2023-09-01	51	32.6	26.2	29.0	0.1	1.0	39407.2	23.1
Da Nang	2023-09-02	3	35.5	24.9	30.1	0.0	0.0	42961.74	22.3
Da Nang	2023-09-03	63	36.4	25.7	30.2	9.4	5.0	42915.8	20.5
Da Nang	2023-09-04	53	33.0	25.7	29.1	2.4	10.0	42869.44	21.0
Da Nang	2023-09-05	53	32.2	25.5	28.4	2.8	13.0	40171.58	14.4
Da Nang	2023-09-06	51	30.9	25.6	28.1	1.6	12.0	29446.18	9.4
Da Nang	2023-09-07	63	31.9	25.5	28.6	5.7	9.0	41401.71	12.1
Da Nang	2023-09-08	61	31.4	26.0	28.0	5.1	9.0	30521.26	12.6
Da Nang	2023-09-09	63	32.5	25.4	28.3	6.2	9.0	40244.04	13.3
Da Nang	2023-09-10	65	34.2	25.3	28.3	10.4	7.0	37004.99	16.7
Da Nang	2023-09-11	3	33.4	25.5	29.3	0.0	0.0	39475.91	12.8
Da Nang	2023-09-12	51	34.3	26.3	29.3	0.8	3.0	35822.35	18.0
Da Nang	2023-09-13	53	34.0	26.1	29.0	1.4	6.0	36254.67	12.6
Da Nang	2023-09-14	63	30.6	25.6	27.6	9.4	12.0	25510.64	13.0
Da Nang	2023-09-15	61	29.8	25.2	27.1	4.8	11.0	21039.93	11.0
Da Nang	2023-09-16	63	30.2	24.5	27.1	8.4	12.0	39802.58	13.8
Da Nang	2023-09-17	51	30.3	25.1	27.3	2.1	9.0	29898.91	8.0
Da Nang	2023-09-18	51	31.2	25.4	28.1	1.4	8.0	41165.59	13.6
Da Nang	2023-09-19	61	32.0	24.8	28.4	1.6	3.0	42145.77	12.8
Da Nang	2023-09-20	51	32.6	25.3	28.8	0.8	4.0	42113.19	15.6
Da Nang	2023-09-21	51	31.7	25.8	28.8	2.0	10.0	41715.17	12.2
Da Nang	2023-09-22	53	31.9	26.2	29.0	0.9	5.0	41739.39	14.5
Da Nang	2023-09-23	53	32.4	25.7	28.8	1.0	3.0	41285.61	18.1
Da Nang	2023-09-24	63	30.2	26.3	27.8	8.7	15.0	25776.57	15.6
Da Nang	2023-09-25	65	26.7	24.9	25.9	61.4	23.0	0.0	19.9
Da Nang	2023-09-26	63	31.2	25.3	27.8	11.7	12.0	34295.44	13.3
Da Nang	2023-09-27	63	31.9	24.9	27.8	16.3	4.0	39610.65	21.0
Da Nang	2023-09-28	63	29.4	24.9	26.9	17.2	16.0	18061.55	8.9
Da Nang	2023-09-29	63	29.9	25.2	27.8	3.9	7.0	37307.7	18.1
Da Nang	2023-09-30	55	30.3	25.3	27.6	1.9	7.0	40260.65	20.5
Da Nang	2023-10-01	51	30.6	24.8	27.6	2.2	11.0	40045.0	17.0
Da Nang	2023-10-02	51	30.5	25.5	28.1	1.9	11.0	39600.0	16.4
Da Nang	2023-10-03	63	29.1	25.7	27.3	11.8	16.0	24780.49	14.8
Da Nang	2023-10-04	63	29.9	25.4	27.5	6.3	13.0	35994.25	14.4
Da Nang	2023-10-05	51	31.3	25.2	28.0	0.6	6.0	39897.08	11.8
Da Nang	2023-10-06	61	31.5	24.9	27.9	1.8	6.0	39600.0	11.8
Da Nang	2023-10-07	63	31.8	25.3	27.7	11.6	8.0	38233.42	13.4
Da Nang	2023-10-08	61	30.6	25.4	27.8	2.5	7.0	39600.0	16.0
Da Nang	2023-10-09	63	27.3	24.3	26.1	39.3	23.0	2933.26	18.0
Da Nang	2023-10-10	65	28.4	25.0	26.1	28.0	24.0	11205.49	12.4
Da Nang	2023-10-11	63	29.2	24.5	26.2	9.8	21.0	33028.12	24.3
Da Nang	2023-10-12	65	26.2	24.6	25.4	50.9	24.0	339.8	18.7
Da Nang	2023-10-13	65	26.2	24.5	25.5	104.4	24.0	595.35	24.1
Da Nang	2023-10-14	65	25.7	25.2	25.4	129.9	24.0	0.0	17.6
Da Nang	2023-10-15	65	26.5	24.9	25.3	75.5	24.0	1081.52	31.0
Da Nang	2023-10-16	63	27.0	24.7	25.5	32.5	21.0	0.0	23.6
Da Nang	2023-10-17	63	26.1	24.7	25.6	46.1	24.0	0.0	26.9
Da Nang	2023-10-18	61	27.3	24.2	25.6	17.2	18.0	0.0	9.9
Da Nang	2023-10-19	61	29.5	23.9	26.6	3.8	6.0	37720.62	9.8
Da Nang	2023-10-20	61	30.6	24.0	26.9	1.6	2.0	39600.0	17.7
Da Nang	2023-10-21	65	28.1	24.2	25.8	9.7	6.0	38872.29	26.3
Da Nang	2023-10-22	51	28.7	23.2	25.8	0.4	3.0	39600.0	23.6
Da Nang	2023-10-23	63	26.6	24.4	25.3	35.4	24.0	7100.39	24.2
Da Nang	2023-10-24	61	27.5	24.0	25.8	9.8	19.0	27223.56	16.1
Da Nang	2023-10-25	63	28.6	24.6	26.3	7.8	16.0	37852.77	15.5
Da Nang	2023-10-26	51	28.8	24.4	26.6	1.5	9.0	37883.13	10.4
Da Nang	2023-10-27	55	29.3	24.0	26.6	1.8	7.0	39600.0	12.5
Da Nang	2023-10-28	61	29.5	23.5	26.5	2.7	6.0	39600.0	16.2
Da Nang	2023-10-29	63	28.4	24.5	26.2	18.9	19.0	36259.79	15.6
Da Nang	2023-10-30	63	26.2	24.1	25.2	24.1	22.0	510.91	15.6
Da Nang	2023-10-31	63	27.4	24.1	25.6	25.9	22.0	20690.84	16.7
Da Nang	2023-11-01	63	27.8	24.5	25.8	28.0	21.0	14897.98	17.4
Da Nang	2023-11-02	63	27.4	24.3	25.7	13.2	20.0	30791.34	16.0
Da Nang	2023-11-03	63	28.9	23.9	26.0	5.1	14.0	38957.58	13.8
Da Nang	2023-11-04	53	29.0	23.2	26.3	2.5	11.0	39600.0	11.6
Da Nang	2023-11-05	53	29.3	24.7	26.8	2.7	11.0	37342.23	16.4
Da Nang	2023-11-06	63	29.0	24.0	26.2	7.3	11.0	39600.0	14.8
Da Nang	2023-11-07	63	27.8	24.0	25.4	10.9	21.0	28356.26	13.8
Da Nang	2023-11-08	61	28.6	24.4	26.0	10.6	16.0	29779.94	20.2
Da Nang	2023-11-09	51	29.1	24.3	26.7	0.6	4.0	39600.0	14.7
Da Nang	2023-11-10	55	29.2	23.8	26.5	1.8	7.0	39600.0	10.4
Da Nang	2023-11-11	53	29.2	24.3	26.6	1.8	8.0	39600.0	11.4
Da Nang	2023-11-12	53	28.1	24.2	25.9	5.3	15.0	37472.45	16.6
Da Nang	2023-11-13	65	26.3	24.0	25.0	43.2	24.0	654.3	19.6
Da Nang	2023-11-14	65	25.8	23.7	24.8	63.7	24.0	3047.52	21.7
Da Nang	2023-11-15	61	26.5	24.4	25.1	22.6	24.0	16831.14	17.3
Da Nang	2023-11-16	63	28.0	23.9	25.4	32.6	23.0	35701.07	29.5
Da Nang	2023-11-17	63	24.4	21.4	22.9	25.4	21.0	19008.56	29.0
Da Nang	2023-11-18	51	24.7	19.9	22.5	0.4	3.0	33039.26	20.5
Da Nang	2023-11-19	55	24.3	21.4	23.1	4.6	12.0	4127.34	18.3
Da Nang	2023-11-20	53	26.1	21.5	23.8	4.7	16.0	32160.23	19.3
Da Nang	2023-11-21	51	26.8	22.1	24.2	0.5	3.0	36056.82	13.7
Da Nang	2023-11-22	53	25.8	21.0	23.5	4.7	17.0	18441.68	11.6
Da Nang	2023-11-23	53	27.6	22.2	24.7	1.8	9.0	38292.25	16.0
Da Nang	2023-11-24	51	26.8	22.3	24.6	0.8	7.0	27038.53	15.0
Da Nang	2023-11-25	65	25.7	23.2	24.7	34.4	16.0	8810.85	19.3
Da Nang	2023-11-26	61	26.7	24.4	25.4	9.6	18.0	12914.41	24.7
Da Nang	2023-11-27	51	26.4	22.1	24.6	0.6	3.0	39600.0	19.0
Da Nang	2023-11-28	51	25.8	21.4	24.0	0.5	5.0	33220.52	17.8
Da Nang	2023-11-29	55	26.0	22.9	24.3	8.4	23.0	21125.55	16.9
Da Nang	2023-11-30	63	27.0	23.2	24.8	18.3	21.0	31398.33	14.4
Da Nang	2023-12-01	65	25.7	23.2	24.4	64.6	24.0	20704.91	17.1
Da Nang	2023-12-02	63	26.8	23.9	24.8	20.4	20.0	25561.43	27.1
Da Nang	2023-12-03	61	26.4	23.6	24.8	21.1	24.0	27157.08	18.4
Da Nang	2023-12-04	53	26.4	24.1	25.1	5.5	23.0	19354.82	19.2
Da Nang	2023-12-05	53	26.7	22.9	24.9	2.4	9.0	36000.0	12.5
Da Nang	2023-12-06	51	27.3	22.3	24.6	0.9	8.0	37776.49	16.1
Da Nang	2023-12-07	63	24.1	22.4	23.4	18.9	23.0	0.0	20.7
Da Nang	2023-12-08	3	26.3	21.1	23.6	0.0	0.0	39231.88	9.6
Da Nang	2023-12-09	51	27.1	19.7	23.3	0.1	1.0	39196.82	15.5
Da Nang	2023-12-10	3	27.1	19.9	23.5	0.0	0.0	38913.34	14.7
Da Nang	2023-12-11	3	27.7	21.2	24.4	0.0	0.0	37610.97	14.3
Da Nang	2023-12-12	51	26.9	21.2	24.2	1.3	7.0	39091.08	15.0
Da Nang	2023-12-13	51	26.9	21.8	24.5	3.0	19.0	38178.7	10.5
Da Nang	2023-12-14	51	27.8	21.2	24.7	0.4	4.0	37932.71	10.8
Da Nang	2023-12-15	51	27.6	22.9	25.2	0.2	2.0	36908.51	11.4
Da Nang	2023-12-16	53	27.6	22.9	24.8	4.4	13.0	38952.48	15.9
Da Nang	2023-12-17	63	25.4	23.1	23.8	23.0	24.0	10116.29	19.3
Da Nang	2023-12-18	55	26.0	22.7	24.2	6.8	22.0	34915.41	13.4
Da Nang	2023-12-19	53	25.9	22.2	23.7	4.4	20.0	33515.85	16.4
Da Nang	2023-12-20	63	24.5	21.6	23.1	31.2	16.0	26495.59	27.0
Da Nang	2023-12-21	63	22.0	19.8	21.0	18.2	24.0	0.0	26.3
Da Nang	2023-12-22	63	20.5	18.5	19.5	24.0	24.0	0.0	29.4
Da Nang	2023-12-23	61	20.8	18.7	19.9	13.2	24.0	0.0	26.4
Da Nang	2023-12-24	53	20.9	19.7	20.4	7.0	22.0	0.0	26.0
Da Nang	2023-12-25	53	21.8	19.0	20.2	5.3	14.0	13081.48	16.3
Da Nang	2023-12-26	53	22.8	19.7	21.1	4.3	16.0	3793.94	15.2
Da Nang	2023-12-27	63	22.7	21.2	21.9	29.1	24.0	0.0	19.3
Da Nang	2023-12-28	65	24.5	21.4	22.6	62.2	21.0	15176.63	23.4
Da Nang	2023-12-29	63	24.8	22.2	23.5	13.3	24.0	11007.52	13.8
Da Nang	2023-12-30	51	25.6	23.2	24.1	2.4	17.0	30122.3	13.9
Da Nang	2023-12-31	53	25.5	22.4	23.7	3.9	14.0	32837.58	15.9
Da Nang	2024-01-01	51	25.3	21.6	23.7	2.7	18.0	32307.96	15.8
Da Nang	2024-01-02	53	24.6	22.4	23.4	3.4	17.0	20284.64	9.5
Da Nang	2024-01-03	53	24.9	21.5	23.1	3.8	20.0	34517.31	15.3
Da Nang	2024-01-04	55	25.0	20.7	22.7	6.5	17.0	37147.23	16.6
Da Nang	2024-01-05	53	25.2	19.3	22.3	2.7	12.0	33138.33	12.6
Da Nang	2024-01-06	51	25.0	20.7	22.9	3.3	20.0	16623.89	14.2
Da Nang	2024-01-07	51	24.6	21.1	23.1	3.8	17.0	32601.31	12.7
Da Nang	2024-01-08	53	25.0	21.7	23.2	2.5	9.0	34324.4	10.0
Da Nang	2024-01-09	3	25.3	18.8	22.6	0.0	0.0	37178.34	11.9
Da Nang	2024-01-10	51	25.9	21.3	23.7	1.8	6.0	36398.08	16.2
Da Nang	2024-01-11	51	25.6	23.2	24.0	1.0	5.0	36000.0	18.3
Da Nang	2024-01-12	51	25.7	21.1	23.3	1.4	8.0	36174.35	14.2
Da Nang	2024-01-13	53	24.8	20.0	22.5	4.0	13.0	36415.59	21.2
Da Nang	2024-01-14	53	25.3	20.3	22.6	4.6	15.0	36000.0	15.4
Da Nang	2024-01-15	51	25.0	19.7	22.4	4.0	19.0	37191.24	16.7
Da Nang	2024-01-16	55	25.5	20.4	22.5	6.4	18.0	36099.86	14.7
Da Nang	2024-01-17	51	25.4	19.7	22.8	1.5	8.0	37011.24	13.1
Da Nang	2024-01-18	53	25.3	20.5	22.9	2.5	7.0	29378.04	11.9
Da Nang	2024-01-19	51	25.3	19.3	22.3	0.2	2.0	38518.6	13.9
Da Nang	2024-01-20	3	25.6	19.0	22.2	0.0	0.0	38751.71	14.1
Da Nang	2024-01-21	3	25.4	17.6	21.9	0.0	0.0	38727.04	13.6
Da Nang	2024-01-22	51	25.8	19.3	22.7	0.3	2.0	37161.21	12.3
Da Nang	2024-01-23	61	21.5	19.9	20.8	14.0	24.0	0.0	25.5
Da Nang	2024-01-24	63	20.6	19.4	19.9	36.4	24.0	18.52	18.7
Da Nang	2024-01-25	63	22.2	20.2	21.0	23.1	24.0	449.74	23.0
Da Nang	2024-01-26	61	23.9	19.4	21.3	15.7	20.0	7200.0	13.1
Da Nang	2024-01-27	53	24.0	20.0	21.4	4.5	10.0	30013.81	12.3
Da Nang	2024-01-28	51	23.4	19.8	21.4	1.7	8.0	36130.03	12.1
Da Nang	2024-01-29	51	23.9	20.1	21.4	0.3	2.0	32324.41	12.7
Da Nang	2024-01-30	51	24.7	18.4	21.6	0.4	3.0	28713.8	12.6
Da Nang	2024-01-31	3	25.9	18.7	22.6	0.0	0.0	38203.3	16.9
Da Nang	2024-02-01	3	26.3	20.4	23.5	0.0	0.0	38428.29	19.5
Da Nang	2024-02-02	51	26.1	20.7	23.4	0.2	2.0	32408.34	17.9
Da Nang	2024-02-03	3	26.7	21.1	23.9	0.0	0.0	39125.56	19.2
Da Nang	2024-02-04	3	26.8	21.4	24.0	0.0	0.0	37837.89	16.1
Da Nang	2024-02-05	51	27.4	21.9	24.4	0.2	2.0	38561.63	19.4
Da Nang	2024-02-06	51	27.1	23.1	24.8	0.1	1.0	36081.97	18.3
Da Nang	2024-02-07	51	27.4	23.4	25.0	0.2	2.0	37830.65	17.8
Da Nang	2024-02-08	55	27.2	22.7	24.5	2.5	10.0	20953.68	14.9
Da Nang	2024-02-09	53	25.0	21.3	22.7	1.6	6.0	26085.29	31.5
Da Nang	2024-02-10	53	22.2	20.2	20.9	2.3	12.0	99.3	27.2
Da Nang	2024-02-11	53	22.4	19.4	21.1	3.7	18.0	18224.44	18.8
Da Nang	2024-02-12	51	24.1	20.1	21.9	0.2	2.0	31636.39	13.5
Da Nang	2024-02-13	51	24.5	19.2	22.1	1.6	8.0	38060.18	13.1
Da Nang	2024-02-14	51	25.0	20.4	23.0	1.3	9.0	33938.81	17.5
Da Nang	2024-02-15	53	25.0	21.7	23.4	2.0	7.0	22434.03	13.0
Da Nang	2024-02-16	51	25.1	19.5	22.6	1.6	9.0	38703.75	11.3
Da Nang	2024-02-17	3	25.3	18.9	22.4	0.0	0.0	40640.82	17.1
Da Nang	2024-02-18	3	26.7	20.3	23.5	0.0	0.0	41414.46	15.9
Da Nang	2024-02-19	3	27.6	21.3	24.2	0.0	0.0	40678.18	17.1
Da Nang	2024-02-20	51	28.4	22.7	25.2	0.2	2.0	32497.99	17.4
Da Nang	2024-02-21	3	28.6	22.8	25.3	0.0	0.0	40679.22	20.1
Da Nang	2024-02-22	51	28.7	23.2	25.4	0.2	2.0	38094.96	19.4
Da Nang	2024-02-23	51	26.8	23.4	25.0	0.5	5.0	29993.35	22.9
Da Nang	2024-02-24	51	26.6	22.7	24.3	2.4	11.0	40430.86	16.9
Da Nang	2024-02-25	53	26.6	20.7	23.6	2.9	10.0	39385.26	15.8
Da Nang	2024-02-26	51	26.3	21.6	23.8	1.3	10.0	38134.86	14.3
Da Nang	2024-02-27	53	25.4	22.6	23.8	3.9	14.0	22778.46	18.4
Da Nang	2024-02-28	51	26.8	20.9	23.5	2.0	14.0	39463.79	14.2
Da Nang	2024-02-29	51	26.6	19.9	23.8	0.9	4.0	40958.25	14.1
Da Nang	2024-03-01	53	25.6	21.7	23.3	3.4	14.0	32038.48	21.9
Da Nang	2024-03-02	61	22.3	21.1	21.5	7.3	10.0	14.13	22.8
Da Nang	2024-03-03	51	25.5	20.8	22.7	0.1	1.0	18468.6	12.0
Da Nang	2024-03-04	3	28.1	20.7	24.4	0.0	0.0	42327.51	19.7
Da Nang	2024-03-05	3	32.0	22.3	25.9	0.0	0.0	42381.85	16.2
Da Nang	2024-03-06	3	33.7	23.3	27.1	0.0	0.0	42345.42	14.7
Da Nang	2024-03-07	51	27.2	23.3	25.0	0.1	1.0	41930.27	20.1
Da Nang	2024-03-08	53	26.6	22.3	24.6	3.6	13.0	28236.38	16.1
Da Nang	2024-03-09	51	27.3	22.6	24.8	1.7	10.0	39923.02	13.4
Da Nang	2024-03-10	53	27.4	22.9	24.9	5.2	18.0	38929.96	14.9
Da Nang	2024-03-11	51	27.5	22.1	24.3	0.5	5.0	39862.29	26.1
Da Nang	2024-03-12	3	26.7	20.9	23.4	0.0	0.0	42694.66	19.6
Da Nang	2024-03-13	51	27.3	21.6	24.7	0.2	2.0	42321.67	20.6
Da Nang	2024-03-14	51	28.0	24.0	25.6	0.1	1.0	34887.53	21.2
Da Nang	2024-03-15	53	27.7	24.3	25.4	1.0	2.0	28296.65	22.1
Da Nang	2024-03-16	3	28.8	23.1	25.4	0.0	0.0	34579.47	21.5
Da Nang	2024-03-17	3	28.4	22.6	25.2	0.0	0.0	42842.99	21.2
Da Nang	2024-03-18	3	28.6	23.4	25.8	0.0	0.0	41362.66	20.4
Da Nang	2024-03-19	53	28.7	23.9	25.8	2.1	6.0	41602.46	19.4
Da Nang	2024-03-20	55	25.4	23.5	24.2	7.3	23.0	21425.04	24.2
Da Nang	2024-03-21	53	26.2	22.8	24.4	3.9	14.0	37953.56	15.5
Da Nang	2024-03-22	3	28.2	21.3	25.0	0.0	0.0	42889.48	22.1
Da Nang	2024-03-23	3	29.4	23.4	26.1	0.0	0.0	42898.26	22.2
Da Nang	2024-03-24	3	29.6	23.5	26.2	0.0	0.0	41300.9	20.8
Da Nang	2024-03-25	3	29.3	24.1	26.4	0.0	0.0	40896.42	20.9
Da Nang	2024-03-26	51	29.2	24.6	26.4	0.3	3.0	42029.4	20.3
Da Nang	2024-03-27	51	29.3	24.1	26.4	0.7	6.0	42488.06	21.5
Da Nang	2024-03-28	53	30.3	23.6	26.7	0.5	1.0	38907.54	18.4
Da Nang	2024-03-29	51	29.5	24.5	26.7	0.3	2.0	19829.09	12.9
Da Nang	2024-03-30	51	31.2	25.2	27.4	0.4	4.0	31655.31	19.8
Da Nang	2024-03-31	3	32.7	24.9	28.2	0.0	0.0	41755.94	17.1
Da Nang	2024-04-01	2	34.4	25.0	28.5	0.0	0.0	42978.85	18.6
Da Nang	2024-04-02	3	34.0	25.1	28.6	0.0	0.0	42988.68	19.5
Da Nang	2024-04-03	2	33.1	25.3	28.7	0.0	0.0	42998.48	19.7
Da Nang	2024-04-04	3	32.1	25.8	28.4	0.0	0.0	43008.19	18.2
Da Nang	2024-04-05	3	31.1	25.5	27.8	0.0	0.0	42464.07	24.5
Da Nang	2024-04-06	51	30.9	25.3	27.6	0.1	1.0	43027.53	24.4
Da Nang	2024-04-07	3	31.1	25.0	27.6	0.0	0.0	43037.19	21.5
Da Nang	2024-04-08	3	31.5	25.2	27.8	0.0	0.0	43046.9	20.3
Da Nang	2024-04-09	51	30.2	25.7	27.6	0.3	3.0	41543.48	16.6
Da Nang	2024-04-10	51	30.9	25.2	27.5	1.1	8.0	43066.54	15.5
Da Nang	2024-04-11	51	31.6	24.3	27.3	0.3	2.0	43076.53	19.9
Da Nang	2024-04-12	51	31.2	24.4	27.5	0.1	1.0	43086.67	21.5
Da Nang	2024-04-13	51	30.9	24.8	27.7	0.1	1.0	43096.99	21.1
Da Nang	2024-04-14	3	32.6	24.2	27.9	0.0	0.0	43107.5	21.4
Da Nang	2024-04-15	3	32.6	24.5	28.0	0.0	0.0	43118.25	24.1
Da Nang	2024-04-16	3	31.7	24.8	27.7	0.0	0.0	43129.26	21.3
Da Nang	2024-04-17	3	32.9	25.3	28.5	0.0	0.0	43140.55	21.9
Da Nang	2024-04-18	2	32.3	25.2	28.4	0.0	0.0	43152.15	19.2
Da Nang	2024-04-19	2	32.3	25.7	28.8	0.0	0.0	43164.09	22.8
Da Nang	2024-04-20	3	34.5	26.0	29.3	0.0	0.0	43176.38	21.8
Da Nang	2024-04-21	51	35.7	26.1	29.8	0.1	1.0	43189.06	20.4
Da Nang	2024-04-22	3	33.4	26.1	29.3	0.0	0.0	43200.0	20.9
Da Nang	2024-04-23	3	35.7	26.1	29.8	0.0	0.0	43296.49	19.6
Da Nang	2024-04-24	3	32.3	26.5	29.0	0.0	0.0	43200.0	15.6
Da Nang	2024-04-25	2	36.1	26.3	30.1	0.0	0.0	43265.26	19.5
Da Nang	2024-04-26	3	38.4	27.1	31.5	0.0	0.0	43495.59	21.9
Da Nang	2024-04-27	1	39.1	28.8	32.3	0.0	0.0	43480.99	19.1
Da Nang	2024-04-28	1	36.8	27.1	31.1	0.0	0.0	43712.98	19.6
Da Nang	2024-04-29	1	40.1	27.7	31.8	0.0	0.0	43699.39	20.2
Da Nang	2024-04-30	3	39.4	27.7	32.2	0.0	0.0	43686.1	23.4
Da Nang	2024-05-01	3	39.7	27.6	31.9	0.0	0.0	43673.2	20.2
Da Nang	2024-05-02	3	33.5	27.0	29.5	0.0	0.0	35989.56	26.4
Da Nang	2024-05-03	3	32.0	26.9	28.9	0.0	0.0	29658.1	20.7
Da Nang	2024-05-04	3	32.3	26.6	29.0	0.0	0.0	35333.18	24.0
Da Nang	2024-05-05	3	33.3	26.5	29.6	0.0	0.0	40018.71	19.3
Da Nang	2024-05-06	51	32.0	26.4	28.9	0.3	3.0	32548.3	21.8
Da Nang	2024-05-07	3	31.4	26.6	28.8	0.0	0.0	40199.55	20.6
Da Nang	2024-05-08	3	31.6	24.8	28.4	0.0	0.0	43344.1	16.6
Da Nang	2024-05-09	51	31.9	24.8	28.6	0.8	6.0	43584.53	16.4
Da Nang	2024-05-10	51	32.3	25.6	29.0	1.3	11.0	43575.49	15.9
Da Nang	2024-05-11	3	32.8	26.2	29.5	0.0	0.0	38743.74	20.1
Da Nang	2024-05-12	51	33.2	27.2	29.8	0.6	2.0	30830.1	20.3
Da Nang	2024-05-13	53	32.7	27.2	29.3	5.1	18.0	25261.71	14.2
Da Nang	2024-05-14	63	30.4	25.1	27.9	12.2	15.0	24584.47	9.1
Da Nang	2024-05-15	63	31.8	26.6	28.8	4.4	10.0	40695.43	13.4
Da Nang	2024-05-16	63	31.2	25.6	28.0	8.0	12.0	44037.48	16.8
Da Nang	2024-05-17	51	30.9	25.3	28.2	1.3	11.0	43779.28	12.6
Da Nang	2024-05-18	51	31.9	26.3	29.3	0.2	2.0	35633.78	14.3
Da Nang	2024-05-19	53	35.9	26.6	30.6	1.0	2.0	43769.95	15.6
Da Nang	2024-05-20	51	34.4	26.9	29.6	0.1	1.0	31318.49	23.1
Da Nang	2024-05-21	63	30.3	25.8	27.4	17.8	15.0	13481.61	12.6
Da Nang	2024-05-22	63	30.4	25.0	27.7	10.0	9.0	28428.09	11.6
Da Nang	2024-05-23	53	30.2	25.2	27.5	2.8	11.0	22759.46	12.9
Da Nang	2024-05-24	53	31.2	25.2	28.2	1.1	4.0	40190.83	11.2
Da Nang	2024-05-25	3	32.5	25.8	29.2	0.0	0.0	44519.85	18.1
Da Nang	2024-05-26	3	33.8	26.8	29.8	0.0	0.0	38252.69	13.8
Da Nang	2024-05-27	3	37.3	26.8	31.6	0.0	0.0	44775.35	14.5
Da Nang	2024-05-28	3	36.1	28.2	31.8	0.0	0.0	11268.14	16.2
Da Nang	2024-05-29	51	37.2	28.0	31.6	1.1	3.0	26236.61	9.9
Da Nang	2024-05-30	51	35.1	29.1	31.3	0.2	1.0	8827.11	15.0
Da Nang	2024-05-31	53	31.8	27.9	29.3	3.0	11.0	3600.0	11.8
Da Nang	2024-06-01	61	32.9	26.7	28.9	8.4	11.0	31037.68	15.5
Da Nang	2024-06-02	3	33.7	26.1	29.5	0.0	0.0	25231.62	12.3
Da Nang	2024-06-03	63	36.3	26.5	30.5	4.2	4.0	44525.01	18.7
Da Nang	2024-06-04	63	37.0	27.1	31.3	4.4	3.0	44527.5	18.3
Da Nang	2024-06-05	63	37.7	27.3	30.8	7.5	6.0	42473.12	14.7
Da Nang	2024-06-06	61	34.9	26.7	30.7	1.9	1.0	42294.32	16.4
Da Nang	2024-06-07	63	36.3	26.8	29.9	14.2	8.0	36559.44	14.3
Da Nang	2024-06-08	63	34.9	26.5	29.5	10.3	4.0	33698.6	18.4
Da Nang	2024-06-09	65	35.6	26.5	29.7	20.1	9.0	42007.96	12.2
Da Nang	2024-06-10	63	34.6	25.7	29.3	3.7	4.0	44290.75	11.5
Da Nang	2024-06-11	51	35.8	27.1	30.6	0.6	3.0	43200.0	18.4
Da Nang	2024-06-12	3	37.1	27.3	31.2	0.0	0.0	44560.72	17.4
Da Nang	2024-06-13	3	38.1	27.1	31.9	0.0	0.0	45086.6	21.0
Da Nang	2024-06-14	3	37.4	27.5	32.2	0.0	0.0	45352.71	20.7
Da Nang	2024-06-15	3	37.6	28.3	32.3	0.0	0.0	44577.23	21.3
Da Nang	2024-06-16	51	36.8	28.2	31.8	0.3	2.0	44061.9	18.6
Da Nang	2024-06-17	3	37.6	27.7	32.1	0.0	0.0	44328.24	21.7
Da Nang	2024-06-18	61	37.0	28.3	32.1	3.1	7.0	44594.75	16.1
Da Nang	2024-06-19	63	38.0	27.0	31.8	10.3	7.0	44600.65	13.6
Da Nang	2024-06-20	53	36.4	26.9	31.4	0.5	1.0	44085.08	17.6
Da Nang	2024-06-21	51	34.8	27.9	31.2	0.6	2.0	44612.42	16.2
Da Nang	2024-06-22	63	35.2	27.3	30.2	7.0	8.0	44029.3	16.4
Da Nang	2024-06-23	65	31.2	26.4	28.3	25.6	15.0	31618.74	14.0
Da Nang	2024-06-24	51	34.0	26.4	29.4	1.0	4.0	29642.84	16.3
Da Nang	2024-06-25	61	34.6	26.7	30.0	4.3	9.0	40870.6	13.1
Da Nang	2024-06-26	61	31.4	26.4	28.7	3.9	17.0	38802.65	18.1
Da Nang	2024-06-27	61	31.9	26.5	28.8	5.9	9.0	40531.18	19.9
Da Nang	2024-06-28	51	33.2	25.9	29.3	0.5	3.0	44399.11	18.2
Da Nang	2024-06-29	51	35.6	26.8	30.7	0.2	2.0	44406.65	17.7
Da Nang	2024-06-30	3	37.8	27.2	31.6	0.0	0.0	43893.94	20.6
Da Nang	2024-07-01	51	37.9	27.4	32.3	0.1	1.0	43641.86	19.6
Da Nang	2024-07-02	3	36.1	27.3	31.3	0.0	0.0	44429.76	18.7
Da Nang	2024-07-03	51	33.3	27.9	30.0	0.2	2.0	43200.0	24.1
Da Nang	2024-07-04	55	33.1	26.4	28.9	1.6	4.0	43406.9	16.4
Da Nang	2024-07-05	51	33.3	26.0	29.3	1.0	5.0	44193.51	15.8
Da Nang	2024-07-06	51	33.8	25.7	29.5	1.2	5.0	44201.28	18.2
Da Nang	2024-07-07	61	33.5	26.1	29.4	3.0	4.0	44208.94	23.1
Da Nang	2024-07-08	61	33.2	25.3	28.7	2.7	8.0	44216.47	17.9
Da Nang	2024-07-09	51	33.8	25.9	29.6	0.4	1.0	37628.28	14.2
Da Nang	2024-07-10	51	35.6	26.3	30.6	0.1	1.0	43200.0	18.1
Da Nang	2024-07-11	63	35.8	26.6	30.0	6.1	7.0	43721.67	15.6
Da Nang	2024-07-12	53	34.4	26.3	30.3	1.0	3.0	43728.98	13.0
Da Nang	2024-07-13	53	33.3	27.0	29.6	2.0	7.0	43736.35	14.2
Da Nang	2024-07-14	63	27.9	25.9	26.9	25.8	21.0	2598.62	17.2
Da Nang	2024-07-15	63	30.9	25.6	27.9	25.1	23.0	39013.0	18.3
Da Nang	2024-07-16	61	30.4	26.2	28.1	5.5	12.0	40532.79	14.2
Da Nang	2024-07-17	61	29.8	25.5	27.5	4.8	12.0	31046.08	9.5
Da Nang	2024-07-18	63	30.7	25.6	27.2	12.3	14.0	30955.07	11.4
Da Nang	2024-07-19	51	31.1	25.7	28.2	2.1	11.0	43269.41	11.2
Da Nang	2024-07-20	63	31.4	25.3	28.3	4.7	6.0	42907.56	11.9
Da Nang	2024-07-21	61	30.9	26.2	28.3	2.2	5.0	16471.55	12.3
Da Nang	2024-07-22	65	30.9	26.4	28.6	14.3	4.0	37600.04	9.4
Da Nang	2024-07-23	51	34.0	26.2	30.0	0.2	2.0	43555.41	14.7
Da Nang	2024-07-24	51	35.0	27.3	30.6	0.1	1.0	43308.67	20.4
Da Nang	2024-07-25	3	34.9	28.2	30.8	0.0	0.0	42765.49	19.9
Da Nang	2024-07-26	51	35.5	27.7	31.1	0.5	2.0	41360.92	17.6
Da Nang	2024-07-27	51	36.6	27.6	31.5	0.3	2.0	43200.0	16.2
Da Nang	2024-07-28	51	32.5	27.1	29.5	0.6	4.0	29265.77	22.0
Da Nang	2024-07-29	51	32.9	26.8	29.3	0.4	2.0	11210.77	13.6
Da Nang	2024-07-30	51	31.4	27.0	28.9	0.3	2.0	6951.7	15.3
Da Nang	2024-07-31	61	35.0	25.4	29.8	1.7	2.0	38375.81	16.0
Da Nang	2024-08-01	3	35.5	25.8	30.1	0.0	0.0	43200.0	15.8
Da Nang	2024-08-02	51	34.7	26.7	30.5	0.1	1.0	43369.98	13.7
Da Nang	2024-08-03	3	34.5	26.8	30.4	0.0	0.0	43375.9	16.6
Da Nang	2024-08-04	51	33.9	26.3	29.9	0.2	2.0	43381.68	16.9
Da Nang	2024-08-05	51	34.9	26.1	30.3	0.3	1.0	43387.32	18.3
Da Nang	2024-08-06	3	35.1	27.0	30.8	0.0	0.0	43392.81	17.4
Da Nang	2024-08-07	51	35.5	27.0	30.9	0.2	2.0	43398.18	15.8
Da Nang	2024-08-08	2	36.0	27.7	31.6	0.0	0.0	43200.0	14.9
Da Nang	2024-08-09	53	37.7	27.7	31.9	0.7	2.0	43408.52	17.7
Da Nang	2024-08-10	55	39.5	28.3	32.9	1.7	3.0	43413.49	18.8
Da Nang	2024-08-11	55	38.2	28.3	32.1	1.5	5.0	41743.93	23.5
Da Nang	2024-08-12	63	36.4	27.4	31.0	4.2	6.0	43200.0	12.7
Da Nang	2024-08-13	51	36.0	27.1	31.0	1.1	4.0	43200.0	11.2
Da Nang	2024-08-14	51	35.9	27.6	31.3	0.3	3.0	43200.0	13.3
Da Nang	2024-08-15	51	36.0	27.4	31.2	0.1	1.0	43200.0	13.2
Da Nang	2024-08-16	53	37.0	27.5	31.1	0.8	1.0	43200.0	13.5
Da Nang	2024-08-17	55	36.2	26.7	30.8	1.3	2.0	43200.0	12.4
Da Nang	2024-08-18	61	36.5	27.4	31.2	1.6	3.0	43203.85	17.3
Da Nang	2024-08-19	61	37.6	27.1	31.3	2.4	3.0	43208.06	16.8
Da Nang	2024-08-20	61	37.2	26.9	31.0	1.8	2.0	43200.0	15.2
Da Nang	2024-08-21	51	36.8	26.7	31.0	0.3	2.0	43200.0	21.6
Da Nang	2024-08-22	3	35.5	26.4	30.4	0.0	0.0	43219.8	19.1
Da Nang	2024-08-23	51	35.1	27.1	30.8	0.3	1.0	43223.33	12.4
Da Nang	2024-08-24	51	34.9	26.5	30.3	0.2	1.0	43200.0	16.1
Da Nang	2024-08-25	53	34.4	25.9	30.0	0.6	2.0	43229.88	17.5
Da Nang	2024-08-26	51	35.7	26.4	30.2	0.1	1.0	43232.94	19.1
Da Nang	2024-08-27	63	34.8	25.4	29.3	6.0	8.0	43226.87	19.0
Da Nang	2024-08-28	53	36.1	25.9	30.1	2.2	8.0	43147.39	17.9
Da Nang	2024-08-29	61	35.6	25.6	30.3	3.2	5.0	43144.66	14.3
Da Nang	2024-08-30	51	35.0	26.2	29.9	0.5	2.0	42077.27	16.9
Da Nang	2024-08-31	55	33.8	26.2	29.7	1.6	3.0	43013.72	18.7
Da Nang	2024-09-01	53	33.4	25.8	29.2	2.2	7.0	42968.44	15.3
Da Nang	2024-09-02	63	33.3	25.8	28.9	8.6	11.0	42922.89	17.5
Da Nang	2024-09-03	61	33.6	25.1	28.4	5.0	8.0	40612.69	18.4
Da Nang	2024-09-04	53	34.1	25.8	29.2	1.2	5.0	39600.0	14.7
Da Nang	2024-09-05	3	36.7	26.1	30.9	0.0	0.0	32302.77	21.4
Da Nang	2024-09-06	51	35.7	27.2	30.9	0.4	3.0	10944.48	16.6
Da Nang	2024-09-07	3	36.8	29.7	32.6	0.0	0.0	31698.83	22.7
Da Nang	2024-09-08	3	37.6	27.8	32.1	0.0	0.0	42398.78	20.2
Da Nang	2024-09-09	63	36.5	26.9	30.6	13.4	9.0	36000.0	10.6
Da Nang	2024-09-10	51	31.9	26.7	29.0	1.6	7.0	23565.69	11.6
Da Nang	2024-09-11	51	32.0	26.3	28.9	0.1	1.0	28561.38	18.3
Da Nang	2024-09-12	65	32.6	25.8	28.5	23.1	11.0	41524.03	18.1
Da Nang	2024-09-13	55	31.4	25.2	28.0	2.6	7.0	40827.92	13.0
Da Nang	2024-09-14	63	30.9	25.5	27.7	13.0	13.0	39653.86	14.9
Da Nang	2024-09-15	55	30.5	25.2	27.5	3.2	10.0	32730.06	12.8
Da Nang	2024-09-16	61	31.0	25.0	28.0	3.8	7.0	41855.17	16.2
Da Nang	2024-09-17	65	30.5	25.0	27.5	16.6	12.0	40443.45	23.5
Da Nang	2024-09-18	65	26.9	25.2	25.9	150.9	24.0	0.0	34.3
Da Nang	2024-09-19	63	29.7	25.0	26.9	23.3	19.0	20634.6	26.7
Da Nang	2024-09-20	55	32.1	25.4	28.4	3.9	9.0	40037.86	11.1
Da Nang	2024-09-21	63	30.4	25.6	27.5	10.3	15.0	33410.89	10.9
Da Nang	2024-09-22	63	29.3	25.3	26.8	17.4	14.0	14047.43	8.7
Da Nang	2024-09-23	55	28.8	25.9	27.1	6.8	20.0	2281.58	8.6
Da Nang	2024-09-24	51	28.3	25.4	26.7	1.6	11.0	1823.22	14.9
Da Nang	2024-09-25	51	29.8	24.4	27.1	0.7	7.0	40637.26	11.7
Da Nang	2024-09-26	51	30.1	24.4	27.4	1.1	7.0	40661.17	13.1
Da Nang	2024-09-27	51	29.9	24.8	27.5	0.2	2.0	40445.66	14.2
Da Nang	2024-09-28	3	31.2	24.7	28.1	0.0	0.0	40469.09	13.0
Da Nang	2024-09-29	53	31.5	25.9	28.5	0.8	1.0	39600.0	13.2
Da Nang	2024-09-30	61	31.9	26.1	28.6	4.5	6.0	40036.63	11.3
Da Nang	2024-10-01	53	32.0	25.2	28.4	1.4	5.0	40299.47	14.1
Da Nang	2024-10-02	61	29.3	25.6	27.1	3.7	12.0	39600.0	29.3
Da Nang	2024-10-03	63	28.2	25.0	26.4	15.6	11.0	26179.71	25.5
Da Nang	2024-10-04	53	28.0	23.5	25.6	2.8	10.0	30657.46	24.3
Da Nang	2024-10-05	51	29.0	23.4	26.0	0.2	1.0	28438.09	19.2
Da Nang	2024-10-06	51	29.2	24.3	26.7	1.0	5.0	36029.79	25.8
Da Nang	2024-10-07	63	27.8	24.6	25.6	16.6	22.0	29646.58	18.9
Da Nang	2024-10-08	63	27.6	24.1	25.5	15.3	24.0	35847.46	19.3
Da Nang	2024-10-09	63	27.8	23.9	25.7	11.1	13.0	32693.83	19.1
Da Nang	2024-10-10	53	29.5	23.2	26.4	1.8	8.0	39600.0	19.3
Da Nang	2024-10-11	65	27.4	24.6	25.9	18.5	19.0	16841.96	15.3
Da Nang	2024-10-12	51	28.9	24.4	26.8	1.9	12.0	39600.0	12.8
Da Nang	2024-10-13	53	29.2	24.8	26.7	4.1	17.0	39600.0	17.2
Da Nang	2024-10-14	63	27.5	24.4	25.8	30.7	22.0	21699.04	20.4
Da Nang	2024-10-15	61	28.7	24.3	26.1	8.1	17.0	34288.74	16.0
Da Nang	2024-10-16	61	28.5	24.0	26.0	8.1	14.0	38899.03	13.8
Da Nang	2024-10-17	51	28.8	24.1	26.8	1.8	12.0	39600.0	10.4
Da Nang	2024-10-18	61	29.2	25.3	27.0	7.9	16.0	36000.0	12.8
Da Nang	2024-10-19	53	29.3	24.4	26.7	3.0	12.0	39600.0	14.8
Da Nang	2024-10-20	63	28.0	24.4	25.6	28.2	21.0	6736.68	20.2
Da Nang	2024-10-21	65	27.0	23.6	25.1	55.2	24.0	4694.0	15.4
Da Nang	2024-10-22	63	28.7	24.6	26.4	11.9	19.0	36000.0	23.8
Da Nang	2024-10-23	61	28.3	24.3	26.1	7.0	13.0	39600.0	15.8
Da Nang	2024-10-24	63	28.0	21.9	25.4	7.4	10.0	32051.87	27.7
Da Nang	2024-10-25	3	27.8	20.9	24.3	0.0	0.0	39600.0	23.9
Da Nang	2024-10-26	65	25.3	21.4	23.6	54.0	16.0	0.0	30.3
Da Nang	2024-10-27	65	26.3	20.9	23.4	154.6	18.0	2313.99	56.5
Da Nang	2024-10-28	53	25.6	20.4	23.3	1.8	7.0	16226.67	7.6
Da Nang	2024-10-29	61	26.5	22.3	23.9	10.1	15.0	12389.67	18.1
Da Nang	2024-10-30	53	28.5	23.0	25.5	3.8	11.0	33597.68	18.5
Da Nang	2024-10-31	65	27.6	22.6	25.1	40.4	13.0	19792.32	23.0
Da Nang	2024-11-01	3	28.2	20.7	24.8	0.0	0.0	39600.0	24.1
Da Nang	2024-11-02	53	27.2	21.6	24.8	2.9	11.0	36903.67	18.4
Da Nang	2024-11-03	63	25.3	23.8	24.3	18.5	16.0	0.0	22.6
Da Nang	2024-11-04	63	26.4	23.1	24.4	51.7	24.0	12379.4	13.4
Da Nang	2024-11-05	63	25.9	23.3	24.5	56.7	24.0	0.0	29.6
Da Nang	2024-11-06	63	27.2	23.7	25.6	23.6	17.0	8293.43	23.7
Da Nang	2024-11-07	61	27.5	23.1	25.4	11.3	20.0	38969.14	23.8
Da Nang	2024-11-08	61	26.9	23.3	25.0	6.1	8.0	38448.79	20.5
Da Nang	2024-11-09	3	26.9	20.2	23.9	0.0	0.0	39600.0	20.1
Da Nang	2024-11-10	3	28.2	20.2	24.5	0.0	0.0	39600.0	21.5
Da Nang	2024-11-11	53	28.0	23.2	25.6	2.8	7.0	39600.0	26.7
Da Nang	2024-11-12	65	26.4	24.2	25.1	73.6	24.0	4053.34	23.8
Da Nang	2024-11-13	55	27.8	24.3	25.8	4.7	16.0	26410.14	11.7
Da Nang	2024-11-14	3	28.5	22.9	25.7	0.0	0.0	39600.0	10.6
Da Nang	2024-11-15	3	28.7	22.6	25.6	0.0	0.0	39600.0	11.5
Da Nang	2024-11-16	3	28.6	23.2	25.7	0.0	0.0	39600.0	10.9
Da Nang	2024-11-17	61	28.3	22.6	25.3	2.8	5.0	39600.0	11.3
Da Nang	2024-11-18	63	26.8	22.5	24.0	16.8	24.0	28017.54	15.6
Da Nang	2024-11-19	63	26.6	23.4	24.5	27.2	24.0	28126.35	17.7
Da Nang	2024-11-20	55	27.0	23.6	25.0	5.9	18.0	39292.45	19.6
Da Nang	2024-11-21	63	25.8	23.4	24.4	12.5	23.0	4953.64	19.8
Da Nang	2024-11-22	63	26.2	23.3	24.3	38.4	24.0	23271.41	17.7
Da Nang	2024-11-23	63	25.9	23.3	24.5	37.3	24.0	3540.41	21.4
Da Nang	2024-11-24	65	25.9	23.8	24.5	35.6	24.0	8103.58	17.4
Da Nang	2024-11-25	63	26.5	23.8	24.9	9.7	20.0	24795.91	13.0
Da Nang	2024-11-26	63	25.5	23.1	24.1	24.7	24.0	18762.42	15.7
Da Nang	2024-11-27	53	26.8	22.9	24.5	4.8	20.0	36427.4	24.1
Da Nang	2024-11-28	53	25.1	22.9	23.8	3.0	9.0	38673.27	26.5
Da Nang	2024-11-29	3	24.9	20.7	22.9	0.0	0.0	38432.9	16.5
Da Nang	2024-11-30	51	24.1	20.5	22.3	0.2	2.0	1206.24	9.4
Da Nang	2024-12-01	3	26.5	20.8	23.3	0.0	0.0	37688.34	8.6
Da Nang	2024-12-02	51	26.8	21.0	23.8	0.8	7.0	35208.06	11.2
Da Nang	2024-12-03	53	27.6	22.3	24.6	3.6	13.0	36000.0	13.8
Da Nang	2024-12-04	55	27.0	22.5	24.4	6.2	10.0	34896.8	17.6
Da Nang	2024-12-05	51	25.5	21.7	23.5	2.8	17.0	21585.4	15.3
Da Nang	2024-12-06	53	25.8	23.0	24.5	3.8	17.0	15187.11	15.7
Da Nang	2024-12-07	51	26.8	24.2	25.3	0.7	4.0	27240.43	14.6
Da Nang	2024-12-08	61	25.6	22.1	23.8	7.8	21.0	38626.14	22.3
Da Nang	2024-12-09	53	24.8	21.9	23.2	4.6	20.0	9517.44	18.9
Da Nang	2024-12-10	61	26.3	22.5	24.3	6.6	16.0	27433.97	16.2
Da Nang	2024-12-11	63	24.2	23.4	23.7	31.0	23.0	0.0	23.5
Da Nang	2024-12-12	61	25.0	24.0	24.4	13.8	23.0	0.0	25.4
Da Nang	2024-12-13	55	24.9	23.2	24.1	12.2	24.0	0.0	27.6
Da Nang	2024-12-14	61	23.6	21.1	22.7	10.5	24.0	0.0	30.4
Da Nang	2024-12-15	61	21.0	20.0	20.5	19.7	21.0	0.0	26.6
Da Nang	2024-12-16	51	21.8	19.8	21.0	2.4	17.0	0.0	18.0
Da Nang	2024-12-17	53	22.8	19.6	20.9	4.2	19.0	7168.58	15.3
Da Nang	2024-12-18	53	23.8	20.2	21.8	3.7	17.0	30111.62	20.3
Da Nang	2024-12-19	55	22.4	20.5	21.4	10.7	24.0	1600.04	22.2
Da Nang	2024-12-20	61	22.3	19.7	20.8	5.8	18.0	1032.49	17.5
Da Nang	2024-12-21	51	22.7	19.0	20.8	1.8	13.0	31460.69	15.0
Da Nang	2024-12-22	61	23.3	20.0	21.4	4.2	5.0	20430.05	17.1
Da Nang	2024-12-23	63	21.3	19.7	20.5	15.9	22.0	0.0	20.9
Da Nang	2024-12-24	53	21.7	20.2	20.8	7.1	24.0	0.0	20.0
Da Nang	2024-12-25	61	22.2	20.2	21.0	13.2	21.0	0.0	17.0
Da Nang	2024-12-26	63	23.0	20.8	21.9	22.6	24.0	0.0	18.6
Da Nang	2024-12-27	63	23.4	21.7	22.3	32.6	22.0	75.1	19.8
Da Nang	2024-12-28	63	21.7	20.5	21.1	43.2	19.0	0.0	24.9
Da Nang	2024-12-29	51	23.0	20.0	21.4	2.2	9.0	26618.86	15.4
Da Nang	2024-12-30	53	23.9	19.7	21.5	3.9	19.0	26251.14	11.8
Da Nang	2024-12-31	61	22.9	20.3	21.4	6.3	9.0	0.0	13.7
Da Nang	2025-01-01	3	23.0	18.7	20.9	0.0	0.0	3119.79	15.3
Da Nang	2025-01-02	53	22.0	20.5	21.2	2.7	8.0	0.0	13.6
Da Nang	2025-01-03	53	23.2	20.8	21.7	4.5	10.0	10800.0	16.0
Da Nang	2025-01-04	51	23.6	19.3	21.2	0.1	1.0	36000.0	14.3
Da Nang	2025-01-05	3	23.9	18.8	20.9	0.0	0.0	36373.45	20.3
Da Nang	2025-01-06	51	23.6	18.1	20.7	0.8	5.0	33339.47	11.3
Da Nang	2025-01-07	51	24.3	18.5	21.3	0.5	4.0	36123.63	10.8
Da Nang	2025-01-08	51	24.1	18.9	21.5	2.0	13.0	37176.52	10.6
Da Nang	2025-01-09	53	23.4	20.9	22.0	4.2	20.0	22155.56	15.4
Da Nang	2025-01-10	61	22.5	19.2	20.7	9.6	20.0	0.0	21.1
Da Nang	2025-01-11	53	21.5	18.4	20.1	1.7	8.0	37185.61	26.6
Da Nang	2025-01-12	53	20.8	17.1	18.9	1.1	3.0	30776.6	20.7
Da Nang	2025-01-13	51	20.8	17.4	19.4	0.7	6.0	1340.0	11.7
Da Nang	2025-01-14	51	23.2	19.2	21.0	0.7	3.0	19715.6	18.6
Da Nang	2025-01-15	63	21.7	20.2	20.9	47.2	22.0	0.0	24.1
Da Nang	2025-01-16	55	22.1	19.4	20.5	7.0	20.0	21176.49	21.4
Da Nang	2025-01-17	51	22.4	19.2	20.7	0.4	4.0	25265.54	16.9
Da Nang	2025-01-18	51	23.3	18.3	20.4	0.2	1.0	28360.77	13.4
Da Nang	2025-01-19	51	24.2	17.6	20.6	0.2	2.0	37982.88	12.5
Da Nang	2025-01-20	51	23.1	18.1	20.5	1.0	7.0	32921.65	11.8
Da Nang	2025-01-21	3	23.1	18.0	20.3	0.0	0.0	36293.15	8.8
Da Nang	2025-01-22	3	24.3	16.8	20.1	0.0	0.0	38937.08	9.0
Da Nang	2025-01-23	3	25.5	16.1	20.4	0.0	0.0	39167.38	9.9
Da Nang	2025-01-24	3	24.7	17.3	20.6	0.0	0.0	38884.83	13.3
Da Nang	2025-01-25	3	24.0	19.2	21.5	0.0	0.0	39113.61	14.2
Da Nang	2025-01-26	63	25.1	18.5	21.2	10.3	12.0	35552.2	27.2
Da Nang	2025-01-27	61	19.1	17.6	18.3	10.3	15.0	829.46	27.1
Da Nang	2025-01-28	51	20.0	17.1	18.4	3.0	20.0	19698.16	15.3
Da Nang	2025-01-29	53	22.7	17.7	19.8	2.8	12.0	37114.03	13.8
Da Nang	2025-01-30	51	23.9	17.0	20.0	0.3	3.0	38212.47	9.8
Da Nang	2025-01-31	3	25.3	16.2	20.4	0.0	0.0	38997.31	10.4
Da Nang	2025-02-01	3	25.4	16.4	20.4	0.0	0.0	38764.6	9.8
Da Nang	2025-02-02	3	24.9	17.8	20.9	0.0	0.0	38660.56	12.5
Da Nang	2025-02-03	53	25.3	19.9	22.1	1.8	7.0	37524.81	13.9
Da Nang	2025-02-04	61	21.0	18.8	20.2	17.4	23.0	0.0	24.3
Da Nang	2025-02-05	53	23.4	19.0	20.9	3.1	15.0	37237.13	11.4
Da Nang	2025-02-06	51	24.3	19.7	21.5	0.6	6.0	38565.35	13.1
Da Nang	2025-02-07	51	24.6	17.5	21.2	2.2	11.0	38973.61	16.7
Da Nang	2025-02-08	53	22.1	19.4	20.8	5.1	21.0	24103.92	24.5
Da Nang	2025-02-09	53	21.0	19.1	19.8	5.3	15.0	20530.83	21.7
Da Nang	2025-02-10	55	22.1	18.1	19.8	4.6	14.0	4055.26	15.3
Da Nang	2025-02-11	51	22.9	19.1	20.9	0.9	7.0	442.44	11.5
Da Nang	2025-02-12	51	23.6	20.6	22.0	1.6	12.0	4008.11	14.4
Da Nang	2025-02-13	53	24.6	21.7	22.5	3.2	13.0	9754.6	13.4
Da Nang	2025-02-14	61	24.0	21.1	22.4	2.8	6.0	12931.74	13.3
Da Nang	2025-02-15	51	26.5	20.6	23.3	0.4	4.0	37859.48	13.6
Da Nang	2025-02-16	51	25.9	22.1	23.5	1.4	12.0	31729.33	12.8
Da Nang	2025-02-17	51	25.1	21.3	22.8	0.9	6.0	39385.9	12.6
Da Nang	2025-02-18	51	24.6	19.5	22.2	2.2	13.0	32510.43	15.6
Da Nang	2025-02-19	53	24.3	21.5	22.7	5.3	15.0	34519.16	20.2
Da Nang	2025-02-20	53	25.3	21.7	23.0	3.0	14.0	37079.94	16.1
Da Nang	2025-02-21	53	24.7	21.5	22.8	5.8	19.0	33660.65	16.6
Da Nang	2025-02-22	55	24.7	21.8	23.0	8.0	21.0	32014.64	15.9
Da Nang	2025-02-23	61	24.1	22.1	22.9	5.8	20.0	1379.04	21.3
Da Nang	2025-02-24	61	22.4	21.0	21.7	11.5	24.0	0.0	25.5
Da Nang	2025-02-25	61	23.6	21.1	22.2	9.2	23.0	9390.4	22.3
Da Nang	2025-02-26	53	25.1	21.5	22.7	3.7	14.0	29003.21	13.0
Da Nang	2025-02-27	51	24.5	20.8	22.5	0.6	5.0	27745.44	9.6
Da Nang	2025-02-28	51	25.7	19.9	22.8	0.2	2.0	40228.79	12.9
Da Nang	2025-03-01	3	26.5	21.3	23.7	0.0	0.0	42154.94	17.5
Da Nang	2025-03-02	3	27.6	21.5	24.3	0.0	0.0	42083.37	17.3
Da Nang	2025-03-03	3	28.1	21.3	24.6	0.0	0.0	42262.52	13.9
Da Nang	2025-03-04	51	29.1	22.4	25.1	0.2	1.0	36033.92	10.6
Da Nang	2025-03-05	3	28.7	23.4	25.6	0.0	0.0	40785.19	14.8
Da Nang	2025-03-06	63	27.1	21.0	24.6	11.7	15.0	21147.17	19.5
Da Nang	2025-03-07	53	22.8	20.1	21.4	2.8	12.0	514.83	18.4
Da Nang	2025-03-08	51	23.7	20.1	21.6	0.7	4.0	2004.61	14.8
Da Nang	2025-03-09	51	24.8	20.5	22.7	1.5	10.0	28763.99	12.5
Da Nang	2025-03-10	61	25.0	21.9	23.1	12.2	23.0	6578.35	16.7
Da Nang	2025-03-11	53	26.7	23.0	24.5	4.4	11.0	31902.09	12.5
Da Nang	2025-03-12	51	27.7	23.1	25.1	0.1	1.0	30045.85	14.9
Da Nang	2025-03-13	51	28.5	23.1	25.5	0.2	2.0	41007.94	14.9
Da Nang	2025-03-14	51	28.1	23.6	25.6	0.2	2.0	42808.73	15.7
Da Nang	2025-03-15	3	29.7	23.0	25.8	0.0	0.0	42818.92	11.0
Da Nang	2025-03-16	65	24.7	20.8	23.2	109.9	19.0	8081.82	27.1
Da Nang	2025-03-17	51	23.5	20.4	21.7	2.3	11.0	81.56	14.5
Da Nang	2025-03-18	53	22.0	20.1	21.0	7.3	19.0	1736.88	18.0
Da Nang	2025-03-19	61	21.5	19.5	20.3	8.3	14.0	222.08	17.9
Da Nang	2025-03-20	51	23.4	19.2	20.9	0.9	5.0	28297.35	18.4
Da Nang	2025-03-21	53	24.3	18.9	21.2	1.6	5.0	32075.7	16.4
Da Nang	2025-03-22	51	25.0	17.4	21.7	0.4	3.0	38971.37	12.2
Da Nang	2025-03-23	51	25.7	20.6	23.1	0.1	1.0	42893.93	11.2
Da Nang	2025-03-24	3	26.0	18.9	22.5	0.0	0.0	42903.1	11.8
Da Nang	2025-03-25	3	26.1	19.2	22.6	0.0	0.0	42912.37	14.4
Da Nang	2025-03-26	3	27.5	19.0	23.4	0.0	0.0	42921.76	14.3
Da Nang	2025-03-27	3	31.3	22.1	25.9	0.0	0.0	42931.34	13.1
Da Nang	2025-03-28	3	30.5	23.1	26.0	0.0	0.0	42941.08	11.8
Da Nang	2025-03-29	53	28.1	24.0	25.6	2.5	9.0	35215.24	18.2
Da Nang	2025-03-30	63	25.0	21.0	23.0	17.6	19.0	6699.15	22.4
Da Nang	2025-03-31	3	24.3	20.8	22.0	0.0	0.0	3011.47	18.0
Da Nang	2025-04-01	3	23.1	19.8	21.4	0.0	0.0	1957.22	20.0
Da Nang	2025-04-02	3	23.6	19.6	21.3	0.0	0.0	877.62	16.4
Da Nang	2025-04-03	61	25.2	21.1	22.6	3.6	5.0	19978.74	10.1
Da Nang	2025-04-04	51	25.4	19.2	22.8	0.6	3.0	43004.96	13.9
Da Nang	2025-04-05	3	28.0	20.7	24.3	0.0	0.0	43014.67	13.8
Da Nang	2025-04-06	51	27.6	21.9	24.6	0.1	1.0	43023.77	12.1
Da Nang	2025-04-07	51	28.1	22.0	25.0	0.2	2.0	42252.62	13.7
Da Nang	2025-04-08	51	28.1	22.1	25.2	0.1	1.0	43042.28	13.7
Da Nang	2025-04-09	51	28.3	23.2	25.6	0.2	2.0	40770.47	14.2
Da Nang	2025-04-10	3	31.7	23.3	26.6	0.0	0.0	20442.11	8.9
Da Nang	2025-04-11	51	31.8	23.9	27.3	0.2	1.0	36923.92	13.9
Da Nang	2025-04-12	63	36.2	25.0	29.6	2.5	1.0	39795.29	12.0
Da Nang	2025-04-13	63	25.9	22.4	23.7	21.0	11.0	11726.41	24.2
Da Nang	2025-04-14	3	26.3	21.2	23.5	0.0	0.0	40263.98	18.4
Da Nang	2025-04-15	3	26.6	20.8	23.5	0.0	0.0	43113.71	11.5
Da Nang	2025-04-16	3	28.0	21.1	24.7	0.0	0.0	40264.03	15.3
Da Nang	2025-04-17	3	31.5	23.9	27.1	0.0	0.0	37451.9	10.3
Da Nang	2025-04-18	3	33.6	25.1	28.8	0.0	0.0	39600.0	10.7
Da Nang	2025-04-19	3	31.9	25.3	28.4	0.0	0.0	42695.12	13.1
Da Nang	2025-04-20	3	32.1	24.9	27.9	0.0	0.0	43173.91	19.2
Da Nang	2025-04-21	3	32.6	24.5	28.1	0.0	0.0	43186.6	16.9
Da Nang	2025-04-22	3	33.6	24.5	28.4	0.0	0.0	43199.5	15.6
Da Nang	2025-04-23	2	33.6	24.9	28.6	0.0	0.0	43301.17	12.9
Da Nang	2025-04-24	3	34.7	25.6	29.3	0.0	0.0	35483.72	11.3
Da Nang	2025-04-25	63	35.7	26.4	29.3	5.7	2.0	37595.9	16.1
Da Nang	2025-04-26	53	31.9	25.6	28.2	1.8	4.0	43253.18	12.5
Da Nang	2025-04-27	3	31.8	25.3	28.1	0.0	0.0	42237.26	17.7
Da Nang	2025-04-28	51	31.9	24.8	28.0	0.1	1.0	43222.8	17.3
Da Nang	2025-04-29	53	32.3	24.4	27.8	1.6	5.0	43148.16	16.3
Da Nang	2025-04-30	51	32.6	25.2	28.2	0.4	3.0	43200.0	16.4
Da Nang	2025-05-01	51	32.0	25.5	28.5	1.3	11.0	43427.33	13.7
Da Nang	2025-05-02	51	32.6	25.0	28.5	0.9	7.0	43414.29	13.6
Da Nang	2025-05-03	51	32.7	25.4	29.0	0.2	2.0	43649.7	16.9
Da Nang	2025-05-04	51	33.6	25.8	29.6	0.2	1.0	41166.87	15.8
Da Nang	2025-05-05	3	34.4	26.2	29.9	0.0	0.0	43626.74	16.5
Da Nang	2025-05-06	3	35.1	26.5	30.5	0.0	0.0	42917.91	14.0
Da Nang	2025-05-07	3	35.4	26.9	30.4	0.0	0.0	38985.65	13.3
Da Nang	2025-05-08	61	34.7	27.1	30.0	1.8	3.0	39787.29	17.8
Da Nang	2025-05-09	63	36.5	26.8	30.2	5.0	1.0	33037.09	17.0
Da Nang	2025-05-10	53	34.1	26.9	29.4	3.5	10.0	32527.46	11.6
Da Nang	2025-05-11	55	30.7	25.4	27.7	5.0	12.0	36729.93	16.8
Da Nang	2025-05-12	53	29.9	24.9	26.6	2.0	8.0	38212.39	22.7
Da Nang	2025-05-13	51	29.1	24.7	26.5	1.8	8.0	21140.44	9.3
Da Nang	2025-05-14	51	29.8	24.8	27.0	1.0	6.0	32455.81	10.9
Da Nang	2025-05-15	51	30.6	24.9	27.7	1.1	6.0	42600.81	10.3
Da Nang	2025-05-16	51	31.4	26.0	28.4	0.3	3.0	43533.75	14.6
Da Nang	2025-05-17	3	31.3	25.7	28.6	0.0	0.0	44540.53	19.4
Da Nang	2025-05-18	3	32.2	25.4	28.8	0.0	0.0	43522.31	17.5
Da Nang	2025-05-19	51	32.5	26.7	29.2	0.1	1.0	44278.9	17.8
Da Nang	2025-05-20	53	33.3	25.8	29.3	1.0	4.0	44275.28	18.6
Da Nang	2025-05-21	51	34.0	26.6	29.9	0.5	4.0	43200.0	19.0
Da Nang	2025-05-22	61	33.8	26.0	29.3	3.0	4.0	44014.18	19.1
Da Nang	2025-05-23	53	33.5	25.4	29.3	1.8	7.0	44521.96	18.8
Da Nang	2025-05-24	51	33.1	26.8	29.7	0.7	5.0	44775.8	22.0
Da Nang	2025-05-25	63	31.9	25.6	28.5	11.9	19.0	43476.79	17.0
Da Nang	2025-05-26	63	28.8	25.1	26.7	10.9	21.0	37587.88	15.3
Da Nang	2025-05-27	61	30.6	25.3	27.6	4.3	14.0	44260.5	14.8
Da Nang	2025-05-28	55	30.9	25.2	27.9	2.2	12.0	44259.97	13.0
Da Nang	2025-05-29	51	32.3	25.4	28.5	0.2	2.0	41174.21	9.9
Da Nang	2025-05-30	61	32.3	26.3	28.9	3.2	7.0	30701.54	10.2
Da Nang	2025-05-31	53	35.9	26.9	30.5	1.3	4.0	41534.5	8.8
Da Nang	2025-06-01	3	38.1	26.3	31.5	0.0	0.0	45036.55	15.6
Da Nang	2025-06-02	51	39.3	27.6	33.0	0.2	2.0	44780.89	19.2
Da Nang	2025-06-03	61	39.0	28.1	32.5	1.7	2.0	45042.01	8.4
Da Nang	2025-06-04	51	35.7	27.5	31.1	0.3	3.0	40410.57	12.9
Da Nang	2025-06-05	51	34.0	27.3	30.4	0.7	6.0	43200.0	14.2
Da Nang	2025-06-06	51	36.2	27.0	30.5	0.4	2.0	45052.66	12.3
Da Nang	2025-06-07	51	35.7	26.3	30.7	0.2	2.0	45056.73	13.2
Da Nang	2025-06-08	3	36.3	27.1	30.9	0.0	0.0	45061.06	13.0
Da Nang	2025-06-09	63	35.9	26.6	30.7	3.2	3.0	39615.02	12.5
Da Nang	2025-06-10	63	33.7	28.0	29.9	4.3	7.0	12538.35	7.5
Da Nang	2025-06-11	65	29.0	25.5	27.2	114.2	23.0	0.0	22.8
Da Nang	2025-06-12	65	26.6	24.7	25.7	173.7	24.0	0.0	18.1
Da Nang	2025-06-13	63	27.6	24.6	25.8	48.6	22.0	0.0	10.3
Da Nang	2025-06-14	51	33.8	25.0	28.6	0.2	2.0	27091.3	15.4
Da Nang	2025-06-15	3	35.1	25.7	29.8	0.0	0.0	43272.16	14.4
Da Nang	2025-06-16	51	33.9	26.2	29.6	0.3	2.0	44840.05	13.0
Da Nang	2025-06-17	61	32.4	26.1	28.6	1.9	4.0	38663.62	13.5
Da Nang	2025-06-18	61	32.5	25.5	28.5	5.9	5.0	44068.98	15.2
Da Nang	2025-06-19	55	32.3	25.9	28.8	1.1	2.0	44856.95	12.5
Da Nang	2025-06-20	51	32.2	26.3	28.8	0.5	2.0	44081.05	13.0
Da Nang	2025-06-21	55	32.7	26.7	28.9	1.6	3.0	43566.07	15.5
Da Nang	2025-06-22	53	32.6	25.7	28.9	1.0	2.0	44876.51	14.7
Da Nang	2025-06-23	51	34.3	26.0	29.5	0.2	1.0	44622.73	11.6
Da Nang	2025-06-24	51	34.4	25.7	29.7	0.4	3.0	44629.87	12.1
Da Nang	2025-06-25	53	34.4	26.2	29.6	1.0	4.0	44637.16	12.7
Da Nang	2025-06-26	51	33.7	26.2	29.8	0.2	2.0	44644.54	12.6
Da Nang	2025-06-27	65	34.5	26.1	29.0	13.4	7.0	40644.65	11.0
Da Nang	2025-06-28	63	32.9	25.8	28.5	6.8	4.0	43357.41	10.5
Da Nang	2025-06-29	61	33.7	25.9	28.8	2.6	3.0	37390.46	10.7
Da Nang	2025-06-30	63	34.0	25.9	28.9	8.4	6.0	41617.22	13.7
Da Nang	2025-07-01	55	33.0	25.5	28.4	1.7	4.0	43200.0	8.7
Da Nang	2025-07-02	53	31.0	25.9	27.9	2.4	9.0	38349.69	11.3
Da Nang	2025-07-03	53	30.3	25.6	27.7	2.5	10.0	42379.64	12.2
Da Nang	2025-07-04	63	31.0	25.3	27.8	5.6	9.0	43159.9	8.5
Da Nang	2025-07-05	65	31.6	25.2	27.6	23.5	10.0	36294.31	8.0
Da Nang	2025-07-06	63	31.9	25.1	27.9	5.0	11.0	31062.77	8.6
Da Nang	2025-07-07	53	33.5	26.1	29.6	0.9	2.0	43428.3	10.7
Da Nang	2025-07-08	3	35.1	26.3	30.0	0.0	0.0	43200.0	14.4
Da Nang	2025-07-09	3	35.2	26.2	30.4	0.0	0.0	43702.53	13.1
Da Nang	2025-07-10	51	35.3	26.5	30.6	0.1	1.0	42194.75	12.6
Da Nang	2025-07-11	61	35.2	26.1	30.1	3.2	5.0	42195.01	17.7
Da Nang	2025-07-12	61	35.8	26.7	30.3	2.3	4.0	43725.93	9.1
Da Nang	2025-07-13	53	34.9	26.6	30.3	1.5	5.0	43476.18	9.8
Da Nang	2025-07-14	63	36.3	26.7	30.5	4.1	4.0	43741.71	12.0
Da Nang	2025-07-15	51	36.0	26.5	30.5	0.5	3.0	43749.6	12.8
Da Nang	2025-07-16	65	36.9	26.2	30.8	33.6	6.0	43757.46	15.1
Da Nang	2025-07-17	61	34.3	25.6	29.3	4.2	6.0	43765.26	15.8
Da Nang	2025-07-18	3	35.1	26.3	30.6	0.0	0.0	43772.98	12.1
Da Nang	2025-07-19	55	37.4	26.8	32.1	1.1	2.0	38977.36	15.1
Da Nang	2025-07-20	51	33.2	29.2	30.9	0.4	2.0	1199.44	11.1
Da Nang	2025-07-21	3	35.5	29.7	32.1	0.0	0.0	9943.15	17.1
Da Nang	2025-07-22	51	34.9	29.7	31.7	0.3	3.0	15860.73	23.3
Da Nang	2025-07-23	51	36.1	28.2	31.6	0.8	4.0	38491.01	14.1
Da Nang	2025-07-24	53	32.2	27.4	29.8	1.7	4.0	8388.32	9.6
Da Nang	2025-07-25	63	28.6	26.5	27.6	12.1	12.0	2271.42	8.7
Da Nang	2025-07-26	63	30.8	25.6	27.5	24.6	13.0	25640.18	9.4
Da Nang	2025-07-27	63	32.1	25.1	28.1	8.9	7.0	32381.53	15.9
Da Nang	2025-07-28	51	33.6	25.5	28.9	0.2	2.0	43200.0	15.0
Da Nang	2025-07-29	51	34.4	26.6	29.9	0.7	5.0	41602.54	13.8
Da Nang	2025-07-30	3	32.9	27.4	29.9	0.0	0.0	23497.03	13.9
Da Nang	2025-07-31	51	37.0	27.3	31.6	0.4	1.0	43200.0	15.8
Da Nang	2025-08-01	3	38.1	27.8	32.3	0.0	0.0	43361.92	19.1
Da Nang	2025-08-02	51	39.1	28.3	32.6	0.2	2.0	43618.97	19.0
Da Nang	2025-08-03	3	38.0	28.2	32.9	0.0	0.0	40295.95	19.1
Da Nang	2025-08-04	51	39.9	28.2	33.3	0.2	1.0	43380.11	21.6
Da Nang	2025-08-05	3	40.2	28.2	33.0	0.0	0.0	43200.0	18.1
Da Nang	2025-08-06	51	38.6	28.9	32.7	0.3	2.0	42554.03	14.2
Da Nang	2025-08-07	51	36.1	28.1	31.8	0.5	2.0	43200.0	14.7
Da Nang	2025-08-08	3	35.1	26.4	30.9	0.0	0.0	43402.61	13.7
Da Nang	2025-08-09	51	36.0	27.9	31.4	0.6	2.0	43200.0	14.3
Da Nang	2025-08-10	53	35.8	27.6	30.7	2.2	6.0	41028.06	13.7
Da Nang	2025-08-11	51	36.0	26.4	30.5	0.4	3.0	43200.0	12.5
Da Nang	2025-08-12	61	35.6	26.8	30.4	2.6	4.0	43200.0	14.3
Da Nang	2025-08-13	61	34.7	25.9	29.6	2.1	1.0	41026.4	14.9
Da Nang	2025-08-14	51	34.4	26.0	29.9	0.7	3.0	43200.0	13.2
Da Nang	2025-08-15	53	34.7	26.2	29.6	2.9	9.0	37521.5	13.9
Da Nang	2025-08-16	63	32.4	25.7	28.5	12.0	8.0	42950.39	16.7
Da Nang	2025-08-17	65	28.2	25.1	26.6	66.8	16.0	3392.71	8.7
Da Nang	2025-08-18	61	30.7	25.6	27.8	3.0	8.0	39331.31	8.8
Da Nang	2025-08-19	55	33.2	25.5	28.7	1.3	3.0	41066.77	12.4
Da Nang	2025-08-20	51	31.9	26.7	29.0	0.4	4.0	43200.0	12.5
Da Nang	2025-08-21	51	32.0	25.8	28.5	0.2	2.0	43200.0	18.5
Da Nang	2025-08-22	51	31.4	25.3	28.4	0.7	6.0	43200.0	14.6
Da Nang	2025-08-23	51	32.3	25.9	28.9	0.2	2.0	38530.06	12.4
Da Nang	2025-08-24	61	29.7	26.0	27.3	8.6	14.0	139.29	16.1
Da Nang	2025-08-25	61	29.6	25.1	27.1	9.2	10.0	2740.21	15.2
Da Nang	2025-08-26	65	33.5	24.9	28.5	28.7	7.0	35085.67	12.4
Da Nang	2025-08-27	65	29.1	24.8	26.6	58.1	14.0	7342.41	9.8
Da Nang	2025-08-28	51	31.0	25.2	27.6	0.3	3.0	43155.37	17.8
Da Nang	2025-08-29	63	27.8	25.0	26.2	14.9	16.0	0.0	17.7
Da Nang	2025-08-30	63	30.8	24.8	27.3	26.5	16.0	32268.16	19.2
Da Nang	2025-08-31	61	30.0	24.3	27.1	8.9	15.0	43024.23	12.2
Da Nang	2025-09-01	55	29.9	24.3	26.9	5.8	15.0	42980.15	14.5
Da Nang	2025-09-02	51	30.1	24.9	27.4	1.3	10.0	42936.0	13.8
Da Nang	2025-09-03	51	30.5	25.1	27.9	0.9	6.0	42891.82	13.9
Da Nang	2025-09-04	61	30.4	25.7	27.7	2.2	7.0	42847.58	12.5
Da Nang	2025-09-05	51	30.9	25.2	28.0	0.5	5.0	42802.66	11.9
Da Nang	2025-09-06	63	30.4	25.1	27.4	7.6	11.0	36208.06	16.0
Da Nang	2025-09-07	63	31.6	25.2	27.5	10.5	9.0	39600.0	13.8
Da Nang	2025-09-08	61	31.8	25.3	28.1	3.5	4.0	30825.43	10.5
Da Nang	2025-09-09	63	32.7	26.1	29.0	3.4	2.0	26011.86	10.2
Da Nang	2025-09-10	63	32.0	25.9	28.5	4.2	6.0	42568.55	8.8
Da Nang	2025-09-11	61	31.4	25.1	28.0	3.3	6.0	42520.36	13.4
Da Nang	2025-09-12	51	31.2	25.3	28.2	0.7	5.0	42471.87	15.0
Da Nang	2025-09-13	63	31.6	25.2	28.1	3.7	6.0	38179.78	11.8
Da Nang	2025-09-14	63	32.2	24.8	27.8	18.8	13.0	37595.44	12.3
Da Nang	2025-09-15	53	31.4	24.6	27.5	1.7	8.0	38745.7	13.5
Da Nang	2025-09-16	63	31.7	24.8	27.7	10.8	10.0	39936.76	20.2
Da Nang	2025-09-17	63	28.1	25.3	26.6	11.5	22.0	8654.6	10.2
Da Nang	2025-09-18	63	29.3	24.6	26.5	30.2	22.0	29841.46	12.2
Da Nang	2025-09-19	63	30.2	24.8	27.0	14.3	15.0	40612.35	9.5
Da Nang	2025-09-20	63	30.6	25.3	27.5	8.7	15.0	41706.19	12.4
Da Nang	2025-09-21	51	32.1	25.4	28.1	1.3	5.0	41012.51	8.8
Da Nang	2025-09-22	61	30.5	26.0	27.8	6.2	13.0	40318.82	13.4
Da Nang	2025-09-23	51	31.2	25.4	28.0	0.9	6.0	33620.4	17.1
Da Nang	2025-09-24	51	32.3	26.0	28.5	1.5	7.0	36683.95	16.8
Da Nang	2025-09-25	63	32.9	25.9	28.4	6.6	6.0	26007.1	12.0
Da Nang	2025-09-26	63	29.2	25.6	27.0	22.6	17.0	28094.69	9.7
Da Nang	2025-09-27	63	26.9	24.4	25.5	49.4	24.0	1140.3	24.4
Da Nang	2025-09-28	65	26.3	24.7	25.4	105.2	24.0	0.0	29.6
Da Nang	2025-09-29	61	31.2	24.6	27.5	13.1	18.0	31825.9	20.4
Da Nang	2025-09-30	53	30.6	26.1	27.9	1.3	5.0	36190.38	16.7
Da Nang	2025-10-01	51	30.4	24.4	27.2	1.0	5.0	40293.43	14.5
Da Nang	2025-10-02	51	30.7	24.9	27.4	0.7	3.0	40077.92	13.5
Da Nang	2025-10-03	61	30.7	25.3	27.7	1.8	4.0	39862.11	11.3
Da Nang	2025-10-04	51	30.8	24.1	27.4	0.4	2.0	39600.0	13.0
Da Nang	2025-10-05	51	33.3	24.3	27.8	0.1	1.0	34814.26	15.7
Da Nang	2025-10-06	63	33.7	26.1	28.4	2.6	2.0	36337.56	16.4
Da Nang	2025-10-07	53	31.5	25.4	28.0	1.7	5.0	39600.0	12.6
Da Nang	2025-10-08	53	30.7	24.0	27.3	3.0	13.0	39600.0	14.6
Da Nang	2025-10-09	63	28.7	24.6	26.0	11.3	19.0	30623.35	11.2
Da Nang	2025-10-10	65	29.6	23.8	25.8	27.1	23.0	25382.58	15.1
Da Nang	2025-10-11	61	29.3	24.4	26.6	8.6	15.0	39600.0	11.9
Da Nang	2025-10-12	63	29.1	24.4	26.2	9.0	11.0	35396.2	13.5
Da Nang	2025-10-13	63	29.9	24.4	26.6	15.4	18.0	37740.62	9.3
Da Nang	2025-10-14	63	29.7	25.0	26.9	4.5	13.0	38843.8	13.1
Da Nang	2025-10-15	53	29.5	24.4	26.6	2.4	11.0	39600.0	12.0
Da Nang	2025-10-16	63	28.0	24.3	25.7	11.1	16.0	9901.89	8.0
Da Nang	2025-10-17	63	28.3	24.5	25.7	21.0	23.0	24629.24	10.7
Da Nang	2025-10-18	63	26.7	24.0	24.8	29.7	24.0	3600.0	12.0
Da Nang	2025-10-19	63	28.3	22.8	25.4	47.9	20.0	24344.91	16.8
Da Nang	2025-10-20	63	29.5	23.5	26.8	17.6	16.0	36253.81	21.5
Da Nang	2025-10-21	63	28.5	24.5	26.1	15.0	22.0	37449.79	28.7
Da Nang	2025-10-22	61	26.3	24.0	25.0	8.9	22.0	1802.49	31.0
Da Nang	2025-10-23	65	26.6	23.5	24.6	77.7	24.0	8644.54	31.9
Da Nang	2025-10-24	65	26.0	23.3	24.8	48.9	24.0	8491.39	23.7
Da Nang	2025-10-25	63	27.3	23.8	25.3	18.0	16.0	21727.88	23.0
Da Nang	2025-10-26	63	25.6	24.3	24.8	52.2	24.0	0.0	28.1
Da Nang	2025-10-27	65	26.3	24.5	25.2	97.9	24.0	0.0	28.7
Da Nang	2025-10-28	65	25.9	24.5	25.0	97.5	24.0	0.0	29.4
Da Nang	2025-10-29	65	25.5	24.7	25.1	149.9	24.0	0.0	30.2
Da Nang	2025-10-30	63	27.6	24.8	26.0	22.6	24.0	15414.43	18.2
Da Nang	2025-10-31	63	27.9	24.9	25.6	21.2	21.0	22771.04	10.8
Da Nang	2025-11-01	61	26.6	24.5	25.3	13.5	23.0	2862.02	10.7
Da Nang	2025-11-02	63	25.8	24.5	25.0	60.2	24.0	0.0	21.8
Da Nang	2025-11-03	63	27.4	24.3	25.4	34.8	16.0	5633.07	30.1
Da Nang	2025-11-04	63	27.9	23.3	25.0	6.6	10.0	24145.74	17.3
Da Nang	2025-11-05	61	27.5	23.0	24.9	4.9	11.0	24159.46	11.4
Da Nang	2025-11-06	65	27.3	24.0	25.0	50.1	22.0	9262.66	37.6
Da Nang	2025-11-07	61	30.1	25.3	27.5	4.6	9.0	38957.11	28.1
Da Nang	2025-11-08	53	29.2	24.4	26.7	1.2	5.0	39600.0	13.6
Da Nang	2025-11-09	51	29.3	24.4	26.5	1.0	7.0	39600.0	10.2
Da Nang	2025-11-10	51	29.7	24.3	26.5	0.5	5.0	36376.14	10.6
Da Nang	2025-11-11	3	29.6	24.1	26.3	0.0	0.0	34811.97	19.1
Da Nang	2025-11-12	51	27.8	24.0	25.6	0.1	1.0	36011.25	22.5
Da Nang	2025-11-13	2	26.9	22.4	24.5	0.0	0.0	39600.0	24.5
Da Nang	2025-11-14	51	26.2	20.8	23.5	1.2	6.0	39600.0	21.1
Da Nang	2025-11-15	63	24.3	22.3	23.3	21.1	21.0	1711.41	14.8
Da Nang	2025-11-16	63	25.8	23.4	24.4	48.8	23.0	0.0	21.6
Da Nang	2025-11-17	63	26.2	23.8	24.8	46.2	24.0	3082.19	22.1
Da Nang	2025-11-18	63	27.1	23.5	25.2	22.7	14.0	2742.68	32.6
Da Nang	2025-11-19	63	23.4	20.8	21.8	24.3	22.0	0.0	34.2
Da Nang	2025-11-20	61	22.6	20.3	21.3	13.3	23.0	0.0	21.3
Da Nang	2025-11-21	63	23.2	20.2	21.6	15.6	13.0	2772.49	20.5
Da Nang	2025-11-22	63	24.3	20.2	22.2	19.6	18.0	2375.68	19.2
Da Nang	2025-11-23	63	24.3	21.6	22.6	27.9	23.0	7247.08	18.5
Da Nang	2025-11-24	61	25.4	22.4	23.6	12.7	24.0	19393.63	19.9
Da Nang	2025-11-25	53	25.5	21.8	23.4	2.6	8.0	10467.64	21.2
Da Nang	2025-11-26	51	25.5	20.6	22.6	1.7	10.0	39080.72	18.1
Da Nang	2025-11-27	51	23.6	19.2	21.8	0.9	5.0	32400.0	35.0
Da Nang	2025-11-28	3	24.1	18.7	21.5	0.0	0.0	33275.86	21.6
Da Nang	2025-11-29	3	24.7	19.9	22.1	0.0	0.0	15448.46	17.3
Da Nang	2025-11-30	3	25.6	20.4	23.2	0.0	0.0	1401.57	15.9
Da Nang	2025-12-01	61	26.8	22.8	24.3	4.9	10.0	33558.27	18.3
Da Nang	2025-12-02	51	27.9	22.4	24.7	0.5	2.0	38398.03	15.7
Da Nang	2025-12-03	65	24.6	23.2	23.8	51.5	24.0	4293.08	22.3
Da Nang	2025-12-04	61	25.4	23.6	24.5	8.2	20.0	16094.37	23.0
Da Nang	2025-12-05	53	26.3	22.1	24.0	4.8	20.0	35572.0	15.1
Da Nang	2025-12-06	55	25.5	21.3	23.0	2.8	13.0	35953.16	17.3
Da Nang	2025-12-07	51	25.8	20.3	22.8	0.6	5.0	39130.88	14.8
Da Nang	2025-12-08	61	24.9	20.7	22.4	7.5	15.0	19845.91	18.9
Da Nang	2025-12-09	53	25.3	20.2	22.8	4.8	17.0	8447.32	15.0
Da Nang	2025-12-10	63	24.1	21.7	22.6	15.0	19.0	687.53	18.4
Da Nang	2025-12-11	61	26.4	21.7	23.8	10.5	22.0	28811.43	12.0
Da Nang	2025-12-12	53	26.9	22.9	24.5	3.2	11.0	37112.24	12.0
Da Nang	2025-12-13	55	27.0	21.2	24.0	3.8	16.0	37394.16	14.1
Da Nang	2025-12-14	63	25.3	22.3	23.2	17.0	17.0	15120.76	24.1
Da Nang	2025-12-15	55	24.2	21.7	22.7	6.3	23.0	20784.45	16.8
Da Nang	2025-12-16	61	25.1	21.7	23.2	5.8	18.0	24157.87	12.5
Da Nang	2025-12-17	53	24.8	22.1	23.1	5.0	21.0	8240.48	21.5
Da Nang	2025-12-18	51	24.9	21.8	23.1	2.6	14.0	38007.43	16.0
Da Nang	2025-12-19	51	25.1	21.5	22.9	2.2	10.0	30127.03	16.0
Da Nang	2025-12-20	53	25.4	21.7	23.2	5.2	14.0	32435.6	18.1
Da Nang	2025-12-21	63	25.1	22.4	23.3	23.8	24.0	20971.21	24.2
Da Nang	2025-12-22	61	25.9	21.8	23.5	10.5	21.0	26400.16	17.5
Da Nang	2025-12-23	53	26.4	21.6	23.8	2.4	15.0	37317.67	14.2
Da Nang	2025-12-24	53	25.8	21.1	23.5	2.2	10.0	33649.15	11.0
Da Nang	2025-12-25	61	24.5	21.0	22.8	13.4	24.0	4640.96	24.2
Da Nang	2025-12-26	63	21.3	20.1	20.7	17.8	20.0	0.0	25.4
Da Nang	2025-12-27	53	22.5	19.7	20.8	3.4	18.0	18845.49	14.2
Da Nang	2025-12-28	51	23.6	20.1	21.5	3.1	18.0	33247.16	14.0
Da Nang	2025-12-29	53	24.5	20.5	22.2	4.0	17.0	34201.26	11.5
Da Nang	2025-12-30	53	24.8	19.9	22.4	1.5	6.0	35441.7	9.1
Da Nang	2025-12-31	3	25.1	19.2	22.3	0.0	0.0	37911.81	11.7
Da Lat	2021-01-01	51	17.7	13.0	14.5	0.2	2.0	10449.19	29.0
Da Lat	2021-01-02	3	19.1	14.1	15.9	0.0	0.0	35402.9	29.1
Da Lat	2021-01-03	3	22.0	14.5	17.3	0.0	0.0	39577.74	22.9
Da Lat	2021-01-04	61	20.2	15.8	17.3	3.4	8.0	22991.58	34.0
Da Lat	2021-01-05	51	21.0	15.7	17.6	0.2	2.0	40524.1	28.2
Da Lat	2021-01-06	3	20.6	15.0	17.4	0.0	0.0	39718.9	30.1
Da Lat	2021-01-07	3	21.5	14.1	17.0	0.0	0.0	40823.77	20.1
Da Lat	2021-01-08	3	21.2	14.2	16.6	0.0	0.0	40838.67	29.5
Da Lat	2021-01-09	3	19.1	13.2	15.3	0.0	0.0	40381.43	30.9
Da Lat	2021-01-10	3	20.0	12.2	15.3	0.0	0.0	40857.76	24.4
Da Lat	2021-01-11	3	19.8	12.3	15.1	0.0	0.0	40060.45	28.1
Da Lat	2021-01-12	3	17.9	11.1	13.6	0.0	0.0	39150.82	28.6
Da Lat	2021-01-13	3	20.7	11.5	15.5	0.0	0.0	40928.54	18.5
Da Lat	2021-01-14	3	21.7	10.3	15.7	0.0	0.0	40949.11	8.2
Da Lat	2021-01-15	3	22.3	11.2	15.7	0.0	0.0	40970.46	11.5
Da Lat	2021-01-16	3	22.3	11.2	16.0	0.0	0.0	40992.55	12.9
Da Lat	2021-01-17	3	19.7	12.2	14.8	0.0	0.0	38331.73	28.2
Da Lat	2021-01-18	3	18.8	11.4	14.1	0.0	0.0	41038.81	29.5
Da Lat	2021-01-19	3	21.4	11.6	15.5	0.0	0.0	40536.47	19.7
Da Lat	2021-01-20	51	22.9	13.0	17.3	0.1	1.0	38720.06	14.3
Da Lat	2021-01-21	51	21.8	14.3	17.7	0.4	4.0	37568.75	11.5
Da Lat	2021-01-22	61	21.0	13.5	17.2	5.9	11.0	34428.73	10.4
Da Lat	2021-01-23	55	21.3	14.8	17.3	2.4	4.0	29821.18	10.5
Da Lat	2021-01-24	55	22.2	14.2	17.5	3.8	8.0	33445.77	10.2
Da Lat	2021-01-25	3	23.5	13.5	17.8	0.0	0.0	40446.74	12.1
Da Lat	2021-01-26	51	22.3	15.0	17.9	0.8	4.0	40678.47	13.3
Da Lat	2021-01-27	3	22.6	14.3	17.7	0.0	0.0	41206.42	20.4
Da Lat	2021-01-28	3	23.0	13.4	17.0	0.0	0.0	41302.73	23.4
Da Lat	2021-01-29	3	21.5	12.3	15.8	0.0	0.0	41331.74	24.2
Da Lat	2021-01-30	3	21.9	12.1	15.8	0.0	0.0	41361.47	18.5
Da Lat	2021-01-31	3	21.9	13.0	16.6	0.0	0.0	41391.89	18.3
Da Lat	2021-02-01	3	23.3	11.8	17.1	0.0	0.0	41422.95	13.0
Da Lat	2021-02-02	3	23.1	12.2	16.7	0.0	0.0	41296.7	15.3
Da Lat	2021-02-03	3	22.2	13.3	16.8	0.0	0.0	41486.83	21.7
Da Lat	2021-02-04	3	22.8	13.4	17.3	0.0	0.0	41519.56	19.5
Da Lat	2021-02-05	53	24.9	13.1	17.6	1.4	4.0	40330.72	13.4
Da Lat	2021-02-06	3	23.3	13.4	17.6	0.0	0.0	41586.43	15.0
Da Lat	2021-02-07	51	23.2	14.7	18.1	0.3	3.0	41620.48	15.2
Da Lat	2021-02-08	3	24.2	15.0	18.3	0.0	0.0	41654.89	18.6
Da Lat	2021-02-09	51	23.6	15.4	18.6	0.5	5.0	40816.42	17.1
Da Lat	2021-02-10	55	22.8	14.2	17.7	5.5	9.0	40038.17	10.2
Da Lat	2021-02-11	55	21.2	13.6	16.9	6.6	8.0	39360.61	8.4
Da Lat	2021-02-12	3	23.8	12.2	16.9	0.0	0.0	41795.39	11.8
Da Lat	2021-02-13	3	23.4	9.7	16.3	0.0	0.0	41831.04	10.4
Da Lat	2021-02-14	3	23.1	10.6	16.0	0.0	0.0	41866.83	11.2
Da Lat	2021-02-15	3	23.6	10.7	16.3	0.0	0.0	41902.74	10.8
Da Lat	2021-02-16	3	23.8	10.5	16.6	0.0	0.0	41938.7	14.1
Da Lat	2021-02-17	3	21.4	12.3	16.1	0.0	0.0	41974.69	22.3
Da Lat	2021-02-18	3	20.3	11.5	15.1	0.0	0.0	42010.86	28.5
Da Lat	2021-02-19	3	20.6	12.5	15.6	0.0	0.0	42047.49	32.2
Da Lat	2021-02-20	3	21.3	11.1	15.3	0.0	0.0	42084.53	24.7
Da Lat	2021-02-21	3	23.8	8.8	15.7	0.0	0.0	42121.96	13.8
Da Lat	2021-02-22	3	25.0	9.5	17.0	0.0	0.0	42159.73	12.3
Da Lat	2021-02-23	2	25.2	14.2	19.1	0.0	0.0	42197.83	11.8
Da Lat	2021-02-24	3	26.1	13.9	19.3	0.0	0.0	42236.21	11.3
Da Lat	2021-02-25	3	27.0	13.5	19.2	0.0	0.0	42274.83	11.0
Da Lat	2021-02-26	53	27.1	13.1	18.9	1.9	4.0	42313.67	10.5
Da Lat	2021-02-27	51	24.4	13.1	18.4	0.3	3.0	42352.7	13.8
Da Lat	2021-02-28	53	23.1	14.2	18.1	1.8	6.0	42391.89	18.1
Da Lat	2021-03-01	61	24.7	14.7	18.7	5.0	8.0	42431.18	9.4
Da Lat	2021-03-02	51	24.5	14.6	19.0	1.1	5.0	42470.58	15.5
Da Lat	2021-03-03	3	23.9	15.8	18.8	0.0	0.0	42510.03	24.5
Da Lat	2021-03-04	0	24.5	14.8	18.7	0.0	0.0	42549.51	16.4
Da Lat	2021-03-05	0	25.2	13.0	18.2	0.0	0.0	42588.99	15.0
Da Lat	2021-03-06	2	26.5	12.9	19.0	0.0	0.0	42628.42	13.7
Da Lat	2021-03-07	2	25.4	15.4	19.2	0.0	0.0	42667.81	18.9
Da Lat	2021-03-08	3	24.5	14.7	18.5	0.0	0.0	42707.11	19.2
Da Lat	2021-03-09	3	24.5	13.9	18.3	0.0	0.0	42746.22	17.4
Da Lat	2021-03-10	51	24.4	14.6	18.4	1.2	5.0	42778.26	17.8
Da Lat	2021-03-11	51	23.7	14.8	18.3	1.0	4.0	42782.99	20.1
Da Lat	2021-03-12	2	24.1	14.8	18.6	0.0	0.0	42787.23	21.6
Da Lat	2021-03-13	2	26.4	14.1	19.3	0.0	0.0	42791.01	15.6
Da Lat	2021-03-14	3	26.3	14.2	19.4	0.0	0.0	42794.39	14.2
Da Lat	2021-03-15	51	27.2	12.9	19.2	0.1	1.0	39197.4	12.0
Da Lat	2021-03-16	2	26.4	14.4	19.7	0.0	0.0	42800.1	12.2
Da Lat	2021-03-17	3	27.0	13.0	19.4	0.0	0.0	42802.52	11.5
Da Lat	2021-03-18	51	27.6	14.7	20.3	0.1	1.0	42804.72	13.7
Da Lat	2021-03-19	51	27.9	14.7	20.7	0.6	4.0	42806.74	10.9
Da Lat	2021-03-20	53	26.9	14.3	20.5	1.6	6.0	42808.62	8.9
Da Lat	2021-03-21	3	28.0	15.1	20.7	0.0	0.0	42810.42	20.5
Da Lat	2021-03-22	2	24.8	16.1	19.3	0.0	0.0	42812.17	30.9
Da Lat	2021-03-23	3	24.3	16.2	19.3	0.0	0.0	42813.92	31.3
Da Lat	2021-03-24	53	24.6	16.8	19.6	2.2	5.0	38884.2	24.6
Da Lat	2021-03-25	3	25.8	16.1	20.0	0.0	0.0	42817.6	20.6
Da Lat	2021-03-26	51	25.8	15.5	19.8	0.7	3.0	42819.63	15.9
Da Lat	2021-03-27	3	27.5	15.2	20.2	0.0	0.0	42821.83	15.8
Da Lat	2021-03-28	3	27.8	14.1	20.2	0.0	0.0	42824.27	13.8
Da Lat	2021-03-29	3	28.1	13.6	20.4	0.0	0.0	42826.92	11.5
Da Lat	2021-03-30	51	28.3	13.6	20.6	0.1	1.0	42829.43	9.8
Da Lat	2021-03-31	51	27.1	14.7	20.5	0.1	1.0	42831.77	10.5
Da Lat	2021-04-01	51	27.9	16.5	21.2	1.0	5.0	42833.97	6.6
Da Lat	2021-04-02	63	26.4	17.3	20.6	11.9	8.0	41610.75	7.2
Da Lat	2021-04-03	3	25.9	15.7	19.9	0.0	0.0	42838.11	13.1
Da Lat	2021-04-04	51	24.8	15.4	19.5	0.5	5.0	42840.12	17.0
Da Lat	2021-04-05	3	25.6	14.3	19.3	0.0	0.0	42842.14	16.6
Da Lat	2021-04-06	3	24.9	15.1	19.1	0.0	0.0	42844.21	20.6
Da Lat	2021-04-07	53	25.8	15.1	19.5	1.7	6.0	42846.36	12.8
Da Lat	2021-04-08	53	24.5	13.9	18.9	5.4	12.0	42848.64	7.5
Da Lat	2021-04-09	51	26.9	15.0	19.8	0.3	3.0	42851.07	13.6
Da Lat	2021-04-10	51	24.5	16.0	19.3	1.0	6.0	42853.7	19.5
Da Lat	2021-04-11	51	24.3	16.5	19.4	1.1	6.0	42856.56	19.9
Da Lat	2021-04-12	63	23.5	16.6	19.0	14.5	9.0	39259.68	15.5
Da Lat	2021-04-13	53	25.4	15.1	19.8	2.2	8.0	42943.52	9.4
Da Lat	2021-04-14	51	26.0	13.1	19.3	0.4	2.0	42930.99	9.4
Da Lat	2021-04-15	51	26.4	14.8	20.0	0.4	4.0	43156.96	8.4
Da Lat	2021-04-16	51	26.2	13.9	19.6	0.9	6.0	43146.23	13.6
Da Lat	2021-04-17	55	25.3	15.7	19.7	2.7	9.0	40843.96	9.2
Da Lat	2021-04-18	51	25.7	13.8	19.4	0.2	2.0	43127.39	10.9
Da Lat	2021-04-19	63	25.1	16.0	19.4	28.8	13.0	33428.96	8.8
Da Lat	2021-04-20	53	24.4	16.6	19.5	3.0	12.0	29744.06	11.7
Da Lat	2021-04-21	65	23.3	15.9	19.0	26.6	12.0	23876.52	7.6
Da Lat	2021-04-22	65	22.4	16.7	18.7	30.8	15.0	7919.74	6.9
Da Lat	2021-04-23	63	23.4	16.2	19.0	24.1	13.0	27450.56	12.1
Da Lat	2021-04-24	53	24.1	16.2	19.4	3.6	11.0	41951.38	9.7
Da Lat	2021-04-25	63	24.0	17.0	19.5	6.3	9.0	37876.49	8.4
Da Lat	2021-04-26	53	23.0	16.3	19.2	3.7	9.0	43313.35	10.2
Da Lat	2021-04-27	53	23.7	15.5	18.7	2.8	8.0	42401.96	11.3
Da Lat	2021-04-28	3	23.8	15.9	19.1	0.0	0.0	43547.15	15.5
Da Lat	2021-04-29	3	23.7	14.6	18.6	0.0	0.0	43544.52	16.0
Da Lat	2021-04-30	53	22.8	14.1	18.4	2.5	9.0	44027.27	15.3
Da Lat	2021-05-01	61	23.2	15.5	19.1	5.9	10.0	41876.33	10.6
Da Lat	2021-05-02	51	23.9	15.6	19.7	0.9	3.0	44269.96	12.9
Da Lat	2021-05-03	3	24.8	15.5	19.5	0.0	0.0	44514.61	13.6
Da Lat	2021-05-04	2	25.2	15.8	20.1	0.0	0.0	44517.07	15.2
Da Lat	2021-05-05	51	24.0	16.9	19.9	0.5	5.0	44276.16	19.9
Da Lat	2021-05-06	51	23.8	17.3	19.8	0.2	2.0	43790.85	23.8
Da Lat	2021-05-07	51	24.2	17.3	20.0	0.3	3.0	43304.99	17.8
Da Lat	2021-05-08	53	24.8	16.3	20.0	3.5	8.0	44289.84	12.1
Da Lat	2021-05-09	51	25.3	15.3	20.0	1.6	7.0	43805.08	10.0
Da Lat	2021-05-10	51	25.5	15.0	20.2	0.7	4.0	44795.33	9.4
Da Lat	2021-05-11	53	24.4	16.2	20.1	2.6	9.0	44557.87	8.3
Da Lat	2021-05-12	51	25.6	16.6	20.7	1.4	7.0	41235.56	7.4
Da Lat	2021-05-13	63	24.7	16.9	20.5	6.5	10.0	42024.97	10.1
Da Lat	2021-05-14	53	24.3	16.7	19.9	2.6	9.0	41552.27	16.2
Da Lat	2021-05-15	51	23.8	17.1	20.0	0.4	4.0	43608.7	16.9
Da Lat	2021-05-16	53	25.0	15.1	20.2	3.1	11.0	45216.72	13.2
Da Lat	2021-05-17	63	24.0	17.5	20.1	4.5	13.0	43382.42	14.6
Da Lat	2021-05-18	53	24.6	16.6	20.0	3.7	8.0	45135.45	11.9
Da Lat	2021-05-19	61	24.7	15.9	19.9	6.0	12.0	43228.24	10.6
Da Lat	2021-05-20	61	25.2	16.0	20.4	7.4	10.0	45298.04	7.6
Da Lat	2021-05-21	63	23.4	16.7	19.9	21.4	14.0	36710.74	9.1
Da Lat	2021-05-22	65	24.1	17.0	19.4	25.9	9.0	29221.28	14.4
Da Lat	2021-05-23	65	23.9	16.2	19.5	25.2	15.0	24852.92	9.7
Da Lat	2021-05-24	63	21.8	17.8	19.2	18.7	22.0	14597.35	11.9
Da Lat	2021-05-25	63	21.1	16.0	18.5	15.9	16.0	9245.3	11.2
Da Lat	2021-05-26	65	23.1	17.3	18.9	24.2	21.0	28668.76	13.7
Da Lat	2021-05-27	63	23.7	16.4	19.1	10.3	9.0	44469.81	12.6
Da Lat	2021-05-28	51	23.9	16.5	19.7	2.2	9.0	43640.0	12.3
Da Lat	2021-05-29	61	24.0	16.7	19.9	3.5	8.0	43200.0	11.1
Da Lat	2021-05-30	63	24.4	17.7	20.6	8.4	7.0	43641.6	11.2
Da Lat	2021-05-31	65	24.6	18.0	20.6	21.6	13.0	38047.31	7.6
Da Lat	2021-06-01	61	24.6	16.7	20.2	7.0	8.0	44932.37	7.5
Da Lat	2021-06-02	53	24.6	16.1	20.0	2.8	8.0	45344.23	7.2
Da Lat	2021-06-03	53	24.6	16.8	20.2	2.2	7.0	41060.11	11.3
Da Lat	2021-06-04	53	25.4	17.5	20.7	2.2	8.0	44414.3	13.1
Da Lat	2021-06-05	61	23.7	17.0	19.9	4.2	8.0	41305.44	15.3
Da Lat	2021-06-06	51	23.7	17.6	19.9	1.2	8.0	33061.85	19.4
Da Lat	2021-06-07	53	22.9	18.0	19.4	5.1	18.0	35476.78	23.7
Da Lat	2021-06-08	53	21.3	17.0	18.5	3.6	16.0	24030.17	24.3
Da Lat	2021-06-09	53	22.1	16.8	18.8	2.0	6.0	33412.84	25.1
Da Lat	2021-06-10	55	21.3	17.0	18.6	4.4	20.0	31109.56	25.5
Da Lat	2021-06-11	51	21.1	17.4	18.8	1.9	10.0	26518.83	24.6
Da Lat	2021-06-12	65	20.8	17.0	18.2	21.9	17.0	17624.73	31.4
Da Lat	2021-06-13	53	21.6	16.4	18.5	3.8	11.0	38343.01	24.0
Da Lat	2021-06-14	51	23.3	17.0	19.5	0.4	4.0	39137.23	21.3
Da Lat	2021-06-15	51	23.5	16.7	19.5	1.6	8.0	42349.55	18.1
Da Lat	2021-06-16	63	22.7	16.0	19.2	10.5	9.0	39013.52	16.2
Da Lat	2021-06-17	63	24.1	15.9	19.7	13.0	9.0	42824.84	8.3
Da Lat	2021-06-18	61	24.2	16.0	19.7	3.7	8.0	44996.61	11.9
Da Lat	2021-06-19	53	24.9	16.8	19.8	2.3	6.0	45219.12	14.8
Da Lat	2021-06-20	61	23.5	16.2	19.4	5.5	7.0	44241.67	18.2
Da Lat	2021-06-21	53	22.4	16.7	19.3	3.5	8.0	41090.1	20.1
Da Lat	2021-06-22	63	23.5	17.3	19.5	8.9	7.0	41101.33	19.5
Da Lat	2021-06-23	63	23.7	16.4	19.3	11.2	7.0	43200.0	20.9
Da Lat	2021-06-24	61	23.7	16.5	19.7	4.0	8.0	43245.65	14.2
Da Lat	2021-06-25	61	23.4	16.3	19.0	3.6	7.0	39145.95	11.3
Da Lat	2021-06-26	51	23.0	16.5	19.2	1.9	7.0	44026.69	13.8
Da Lat	2021-06-27	55	23.9	15.4	19.5	1.7	4.0	44544.76	10.2
Da Lat	2021-06-28	51	24.2	16.6	19.6	1.5	8.0	40250.56	17.7
Da Lat	2021-06-29	51	23.8	16.5	20.0	0.8	5.0	42149.99	10.2
Da Lat	2021-06-30	53	23.3	17.5	19.8	2.3	10.0	39202.72	12.1
Da Lat	2021-07-01	53	24.4	17.0	20.2	1.3	6.0	43200.0	13.0
Da Lat	2021-07-02	63	24.9	16.3	19.8	10.4	9.0	44579.56	10.0
Da Lat	2021-07-03	61	25.5	16.6	20.5	3.0	6.0	43821.97	8.4
Da Lat	2021-07-04	63	25.2	16.8	20.0	11.5	8.0	42209.29	10.9
Da Lat	2021-07-05	61	23.1	16.7	19.2	7.7	12.0	14353.29	11.9
Da Lat	2021-07-06	53	21.2	17.8	18.9	3.0	10.0	12618.4	16.1
Da Lat	2021-07-07	63	21.7	17.0	18.6	10.2	13.0	33922.33	17.8
Da Lat	2021-07-08	63	21.0	16.7	18.3	9.2	14.0	5330.97	11.9
Da Lat	2021-07-09	61	20.7	16.4	18.3	10.5	17.0	36942.79	11.3
Da Lat	2021-07-10	51	22.7	15.4	18.7	2.5	8.0	43613.9	13.3
Da Lat	2021-07-11	61	23.1	15.2	18.5	3.3	7.0	41226.17	14.5
Da Lat	2021-07-12	53	23.5	15.2	18.8	2.6	7.0	43879.94	12.6
Da Lat	2021-07-13	63	23.5	15.1	18.9	7.1	11.0	34548.72	8.9
Da Lat	2021-07-14	63	23.3	15.9	19.0	10.8	11.0	40128.36	11.3
Da Lat	2021-07-15	63	22.8	16.3	18.8	11.2	13.0	20417.97	9.8
Da Lat	2021-07-16	51	21.7	16.4	18.8	1.4	9.0	36834.35	23.8
Da Lat	2021-07-17	63	23.4	15.8	19.1	7.2	8.0	37870.5	18.6
Da Lat	2021-07-18	61	22.3	17.5	19.2	4.5	12.0	25455.57	23.5
Da Lat	2021-07-19	63	19.4	16.5	17.7	8.5	13.0	15775.01	32.1
Da Lat	2021-07-20	61	22.1	17.0	18.7	2.8	6.0	25684.12	32.4
Da Lat	2021-07-21	53	21.9	17.1	18.8	3.8	12.0	42681.7	31.3
Da Lat	2021-07-22	55	20.1	17.4	18.4	4.7	12.0	16860.41	31.8
Da Lat	2021-07-23	51	21.4	17.5	19.0	2.8	17.0	26134.48	34.4
Da Lat	2021-07-24	53	21.3	17.5	18.9	5.5	19.0	39715.2	31.0
Da Lat	2021-07-25	55	21.7	17.0	18.8	8.1	20.0	38954.07	30.3
Da Lat	2021-07-26	51	23.3	17.3	19.6	1.3	10.0	43200.0	33.5
Da Lat	2021-07-27	53	22.7	17.9	19.6	6.8	21.0	40499.19	27.7
Da Lat	2021-07-28	51	23.5	18.2	19.9	1.2	9.0	39293.26	29.7
Da Lat	2021-07-29	53	22.9	18.2	19.7	2.1	8.0	33197.27	28.1
Da Lat	2021-07-30	51	22.4	18.0	19.6	0.4	4.0	33248.91	27.2
Da Lat	2021-07-31	53	22.9	17.1	19.7	3.1	15.0	37503.37	26.5
Da Lat	2021-08-01	53	23.5	17.9	19.9	3.8	19.0	41977.69	26.4
Da Lat	2021-08-02	51	22.8	18.2	19.7	3.5	18.0	39390.68	27.2
Da Lat	2021-08-03	51	22.1	18.1	19.5	3.6	21.0	28880.27	30.3
Da Lat	2021-08-04	51	22.0	18.1	19.3	1.7	14.0	12210.35	26.9
Da Lat	2021-08-05	51	22.4	17.6	19.4	3.3	19.0	27301.81	29.9
Da Lat	2021-08-06	51	23.3	17.9	19.9	0.5	5.0	38159.35	31.3
Da Lat	2021-08-07	51	24.6	18.4	20.7	0.5	4.0	39907.96	23.2
Da Lat	2021-08-08	61	24.7	18.1	20.7	2.5	9.0	43200.0	14.1
Da Lat	2021-08-09	51	24.0	17.6	20.5	1.3	6.0	40476.17	14.8
Da Lat	2021-08-10	63	23.1	17.7	19.9	6.7	9.0	38731.31	17.0
Da Lat	2021-08-11	61	22.2	17.1	19.2	5.2	12.0	42022.5	21.0
Da Lat	2021-08-12	55	23.0	17.1	19.3	3.7	11.0	41539.27	17.3
Da Lat	2021-08-13	63	23.2	16.5	19.1	14.9	9.0	33780.56	14.1
Da Lat	2021-08-14	61	21.9	16.7	19.1	2.4	6.0	32620.28	13.3
Da Lat	2021-08-15	63	23.6	15.9	19.0	5.6	7.0	43200.0	10.5
Da Lat	2021-08-16	53	23.7	14.9	18.9	2.7	8.0	43281.11	9.0
Da Lat	2021-08-17	51	24.2	14.7	18.9	0.9	4.0	43282.55	9.0
Da Lat	2021-08-18	53	24.4	14.3	19.1	2.5	10.0	43524.31	9.2
Da Lat	2021-08-19	51	24.0	15.1	19.2	2.4	10.0	43284.65	13.6
Da Lat	2021-08-20	63	24.0	14.6	18.9	6.2	9.0	39724.11	11.7
Da Lat	2021-08-21	51	23.7	14.7	19.4	1.5	9.0	43251.19	9.6
Da Lat	2021-08-22	63	23.5	16.5	19.3	17.3	17.0	34290.87	8.9
Da Lat	2021-08-23	63	23.6	16.2	19.1	5.4	10.0	37760.95	13.0
Da Lat	2021-08-24	65	23.5	15.8	19.0	29.5	14.0	30365.08	10.1
Da Lat	2021-08-25	55	21.8	15.6	18.4	3.9	9.0	25900.96	13.0
Da Lat	2021-08-26	63	22.7	16.2	18.2	11.6	19.0	25200.0	15.2
Da Lat	2021-08-27	63	23.4	16.2	18.6	28.5	18.0	16075.89	9.8
Da Lat	2021-08-28	65	21.7	16.1	18.3	29.6	18.0	18936.05	9.7
Da Lat	2021-08-29	63	23.0	14.8	18.4	17.5	12.0	38947.85	10.9
Da Lat	2021-08-30	61	22.4	15.8	18.5	4.9	7.0	38806.9	14.6
Da Lat	2021-08-31	61	22.5	15.5	18.6	4.1	9.0	40342.51	10.7
Da Lat	2021-09-01	61	23.8	14.7	18.8	4.4	13.0	42534.28	8.9
Da Lat	2021-09-02	61	23.5	15.7	18.8	7.1	8.0	30911.11	10.1
Da Lat	2021-09-03	63	22.6	15.4	18.8	13.8	13.0	29041.67	10.5
Da Lat	2021-09-04	65	23.6	17.2	19.1	60.9	17.0	11722.66	10.2
Da Lat	2021-09-05	65	22.4	16.7	18.7	29.2	18.0	18499.79	9.2
Da Lat	2021-09-06	63	21.7	15.5	18.6	19.7	13.0	25184.6	8.4
Da Lat	2021-09-07	63	23.1	17.1	19.1	18.9	15.0	25759.41	10.8
Da Lat	2021-09-08	63	22.3	17.3	18.9	11.4	14.0	24873.79	12.0
Da Lat	2021-09-09	53	19.7	17.4	18.3	3.6	20.0	2040.74	19.4
Da Lat	2021-09-10	61	20.0	17.2	18.1	8.3	22.0	0.0	23.6
Da Lat	2021-09-11	63	19.9	17.5	18.2	15.5	24.0	4391.57	30.3
Da Lat	2021-09-12	61	21.1	17.1	18.6	9.5	23.0	34207.8	30.4
Da Lat	2021-09-13	63	22.6	17.7	19.0	11.1	18.0	20525.91	21.3
Da Lat	2021-09-14	63	22.8	17.0	19.2	14.5	13.0	33942.19	14.4
Da Lat	2021-09-15	53	22.2	16.7	18.8	4.4	16.0	42214.85	17.3
Da Lat	2021-09-16	63	23.5	15.7	18.8	8.4	5.0	36000.0	8.7
Da Lat	2021-09-17	63	24.2	15.0	18.9	14.3	10.0	42430.94	9.0
Da Lat	2021-09-18	55	22.3	15.6	18.5	3.7	9.0	22054.57	7.2
Da Lat	2021-09-19	61	18.8	15.4	17.2	12.8	13.0	0.0	7.2
Da Lat	2021-09-20	65	22.5	15.6	18.2	22.3	12.0	28800.0	17.4
Da Lat	2021-09-21	63	22.0	16.5	18.3	15.2	11.0	20228.51	16.0
Da Lat	2021-09-22	63	21.8	16.1	18.5	24.3	14.0	30667.86	12.3
Da Lat	2021-09-23	63	20.4	16.9	18.2	27.6	18.0	1921.93	21.3
Da Lat	2021-09-24	61	20.9	16.2	17.9	3.8	11.0	23293.54	13.0
Da Lat	2021-09-25	63	22.4	15.6	18.4	23.5	12.0	23767.5	10.3
Da Lat	2021-09-26	51	22.0	15.3	18.4	0.3	3.0	39690.08	14.1
Da Lat	2021-09-27	51	23.5	16.3	19.3	0.4	4.0	41648.24	14.3
Da Lat	2021-09-28	51	24.9	14.7	19.4	0.5	4.0	40494.06	7.3
Da Lat	2021-09-29	63	23.7	16.3	19.4	6.1	11.0	39855.65	9.8
Da Lat	2021-09-30	63	23.2	15.5	19.1	26.7	14.0	35864.26	9.9
Da Lat	2021-10-01	63	23.0	16.5	19.3	18.1	14.0	33646.6	8.1
Da Lat	2021-10-02	65	21.8	16.2	18.9	74.1	20.0	33860.56	6.8
Da Lat	2021-10-03	51	21.8	15.4	18.3	1.5	7.0	19209.91	11.2
Da Lat	2021-10-04	65	23.8	14.9	18.5	15.6	9.0	22976.55	12.5
Da Lat	2021-10-05	61	23.4	16.4	19.1	6.0	16.0	28511.17	14.0
Da Lat	2021-10-06	63	19.2	16.7	17.8	17.6	19.0	0.0	11.8
Da Lat	2021-10-07	51	21.8	16.5	18.5	1.1	6.0	31863.95	25.2
Da Lat	2021-10-08	51	22.3	17.4	19.2	1.3	9.0	31914.6	27.4
Da Lat	2021-10-09	55	22.0	17.0	18.7	5.0	11.0	24917.93	23.3
Da Lat	2021-10-10	53	22.4	17.6	19.3	2.3	10.0	29125.46	24.5
Da Lat	2021-10-11	63	22.3	17.4	19.3	23.1	15.0	28842.51	17.0
Da Lat	2021-10-12	63	22.3	17.4	19.2	22.8	21.0	25809.44	21.4
Da Lat	2021-10-13	53	21.2	17.7	18.9	5.3	22.0	11919.19	31.3
Da Lat	2021-10-14	63	21.5	17.5	18.8	15.8	24.0	28394.52	23.3
Da Lat	2021-10-15	63	22.0	17.2	18.8	15.8	17.0	18184.69	21.2
Da Lat	2021-10-16	65	23.2	17.4	19.2	16.0	12.0	16065.85	15.9
Da Lat	2021-10-17	61	21.2	16.8	18.5	6.1	17.0	11469.01	9.7
Da Lat	2021-10-18	61	23.2	16.0	18.8	3.7	4.0	35508.6	12.3
Da Lat	2021-10-19	61	23.8	16.8	19.3	3.7	5.0	39600.0	15.6
Da Lat	2021-10-20	53	22.1	16.8	18.8	2.5	10.0	23928.25	18.1
Da Lat	2021-10-21	63	23.2	16.5	18.7	9.2	7.0	25646.14	10.2
Da Lat	2021-10-22	53	23.7	15.9	18.6	1.4	4.0	39600.0	14.4
Da Lat	2021-10-23	61	23.0	16.3	19.1	4.5	6.0	37075.33	13.4
Da Lat	2021-10-24	53	22.9	17.1	19.3	2.0	7.0	39600.0	19.7
Da Lat	2021-10-25	51	21.4	17.3	19.0	1.4	10.0	16701.75	19.4
Da Lat	2021-10-26	63	20.0	17.1	18.0	21.9	19.0	0.0	31.0
Da Lat	2021-10-27	65	21.0	16.6	18.1	47.2	23.0	11440.77	12.7
Da Lat	2021-10-28	51	22.2	15.0	18.2	1.3	5.0	39600.0	13.6
Da Lat	2021-10-29	63	23.1	16.6	18.9	6.2	7.0	38484.29	15.5
Da Lat	2021-10-30	53	21.7	16.8	18.7	1.4	6.0	39600.0	21.7
Da Lat	2021-10-31	51	20.3	16.8	18.1	2.0	9.0	20703.0	16.9
Da Lat	2021-11-01	51	22.2	16.8	18.8	1.3	6.0	39600.0	19.7
Da Lat	2021-11-02	3	23.1	16.1	18.7	0.0	0.0	39600.0	19.9
Da Lat	2021-11-03	3	22.9	16.1	18.9	0.0	0.0	39600.0	21.3
Da Lat	2021-11-04	51	23.4	16.2	18.9	0.1	1.0	39600.0	19.6
Da Lat	2021-11-05	53	22.5	16.0	18.7	2.4	7.0	39600.0	16.5
Da Lat	2021-11-06	51	23.6	15.3	19.1	1.1	5.0	39600.0	11.1
Da Lat	2021-11-07	63	23.2	14.9	18.4	7.9	7.0	21604.71	15.5
Da Lat	2021-11-08	51	22.5	17.2	19.1	1.1	6.0	39600.0	21.8
Da Lat	2021-11-09	51	21.7	17.5	19.1	1.4	7.0	26944.78	26.7
Da Lat	2021-11-10	53	21.0	18.0	19.0	1.5	6.0	10934.59	24.7
Da Lat	2021-11-11	63	20.4	17.1	18.2	17.9	21.0	4237.2	20.9
Da Lat	2021-11-12	63	21.9	17.1	18.7	16.7	9.0	20212.53	23.8
Da Lat	2021-11-13	55	22.3	16.7	18.7	2.5	8.0	30087.36	21.1
Da Lat	2021-11-14	65	20.4	17.2	18.3	33.3	12.0	10800.0	19.4
Da Lat	2021-11-15	53	21.5	17.1	18.4	3.8	12.0	35266.81	24.9
Da Lat	2021-11-16	53	21.0	16.8	18.5	4.2	14.0	29951.17	21.9
Da Lat	2021-11-17	63	22.5	16.6	18.8	4.7	8.0	37279.83	23.0
Da Lat	2021-11-18	55	21.7	17.2	18.6	3.7	7.0	39600.0	22.7
Da Lat	2021-11-19	53	23.3	16.3	19.1	2.0	7.0	39600.0	16.8
Da Lat	2021-11-20	63	22.2	16.7	18.5	10.4	8.0	32541.92	19.0
Da Lat	2021-11-21	53	22.9	17.1	19.0	1.5	6.0	39600.0	21.7
Da Lat	2021-11-22	55	21.4	17.1	18.6	2.9	8.0	39600.0	23.2
Da Lat	2021-11-23	51	20.9	16.7	18.2	0.1	1.0	27361.64	35.2
Da Lat	2021-11-24	3	21.6	16.5	18.4	0.0	0.0	37889.79	30.8
Da Lat	2021-11-25	53	19.7	16.5	17.6	1.2	4.0	977.61	25.0
Da Lat	2021-11-26	53	19.8	16.0	17.5	1.9	6.0	0.0	24.5
Da Lat	2021-11-27	63	17.6	16.5	17.1	38.9	22.0	0.0	24.5
Da Lat	2021-11-28	63	19.5	17.2	18.0	23.9	19.0	740.11	24.3
Da Lat	2021-11-29	63	19.3	17.3	18.0	41.2	19.0	0.0	21.9
Da Lat	2021-11-30	51	20.8	16.4	18.2	3.2	20.0	28842.6	25.5
Da Lat	2021-12-01	3	19.7	14.7	16.6	0.0	0.0	37541.15	28.3
Da Lat	2021-12-02	3	20.6	13.8	16.4	0.0	0.0	39600.0	26.1
Da Lat	2021-12-03	3	20.0	11.6	15.2	0.0	0.0	39406.96	23.4
Da Lat	2021-12-04	3	20.1	9.6	14.3	0.0	0.0	39600.0	21.9
Da Lat	2021-12-05	3	21.5	13.3	16.9	0.0	0.0	39283.21	26.9
Da Lat	2021-12-06	3	21.3	14.1	16.9	0.0	0.0	39600.0	23.1
Da Lat	2021-12-07	3	21.7	13.4	16.6	0.0	0.0	39463.36	22.5
Da Lat	2021-12-08	51	21.3	13.7	17.5	0.9	4.0	39600.0	24.1
Da Lat	2021-12-09	3	20.3	14.7	17.3	0.0	0.0	37919.71	28.6
Da Lat	2021-12-10	3	20.7	13.9	16.3	0.0	0.0	39814.2	24.8
Da Lat	2021-12-11	3	21.6	13.9	17.0	0.0	0.0	39600.0	20.1
Da Lat	2021-12-12	3	21.4	14.5	17.2	0.0	0.0	27957.44	25.0
Da Lat	2021-12-13	3	20.5	14.0	16.9	0.0	0.0	35180.17	30.6
Da Lat	2021-12-14	3	21.6	15.9	17.9	0.0	0.0	38129.43	25.5
Da Lat	2021-12-15	3	22.4	16.0	18.4	0.0	0.0	39490.6	20.8
Da Lat	2021-12-16	3	23.6	15.2	18.7	0.0	0.0	39460.1	15.1
Da Lat	2021-12-17	3	23.1	13.4	17.7	0.0	0.0	37106.09	29.9
Da Lat	2021-12-18	51	19.9	14.0	16.1	0.7	3.0	25705.76	36.1
Da Lat	2021-12-19	61	19.9	14.3	16.4	2.5	5.0	15006.43	36.8
Da Lat	2021-12-20	3	22.6	12.8	17.3	0.0	0.0	35736.56	13.1
Da Lat	2021-12-21	51	22.1	13.3	17.5	0.6	4.0	39305.75	10.7
Da Lat	2021-12-22	61	21.2	14.4	17.3	6.5	13.0	30183.6	12.6
Da Lat	2021-12-23	3	21.6	14.1	17.0	0.0	0.0	39290.63	14.9
Da Lat	2021-12-24	51	21.9	13.9	17.1	0.3	3.0	37534.2	11.9
Da Lat	2021-12-25	3	22.0	14.7	17.4	0.0	0.0	39713.88	19.3
Da Lat	2021-12-26	51	22.4	15.1	17.8	0.1	1.0	39597.88	18.7
Da Lat	2021-12-27	61	21.5	15.4	17.8	4.2	8.0	39128.59	18.1
Da Lat	2021-12-28	51	20.2	16.0	17.5	1.6	8.0	36389.63	29.3
Da Lat	2021-12-29	51	20.9	14.9	17.5	0.3	3.0	32297.88	29.7
Da Lat	2021-12-30	3	19.4	14.1	16.2	0.0	0.0	33938.8	35.2
Da Lat	2021-12-31	3	20.2	13.8	16.0	0.0	0.0	38788.84	33.2
Da Lat	2022-01-01	3	20.3	14.3	16.4	0.0	0.0	33382.01	30.8
Da Lat	2022-01-02	3	21.5	14.3	16.8	0.0	0.0	39373.54	24.8
Da Lat	2022-01-03	3	20.7	14.5	16.6	0.0	0.0	23150.71	26.9
Da Lat	2022-01-04	51	21.8	15.0	17.6	1.0	6.0	35851.66	19.6
Da Lat	2022-01-05	53	21.6	14.8	17.2	2.8	7.0	38890.7	17.7
Da Lat	2022-01-06	53	22.1	14.5	17.4	1.9	6.0	36624.15	15.0
Da Lat	2022-01-07	3	22.9	14.1	17.5	0.0	0.0	39957.82	16.7
Da Lat	2022-01-08	53	23.9	12.6	17.0	1.0	2.0	40688.08	13.4
Da Lat	2022-01-09	51	22.0	12.4	16.9	1.3	7.0	39886.2	16.2
Da Lat	2022-01-10	51	23.9	14.5	17.8	0.4	3.0	38423.14	17.5
Da Lat	2022-01-11	2	21.8	12.8	16.4	0.0	0.0	40326.29	20.2
Da Lat	2022-01-12	3	22.3	13.2	16.7	0.0	0.0	40801.02	21.5
Da Lat	2022-01-13	3	20.7	11.6	15.3	0.0	0.0	40925.72	21.2
Da Lat	2022-01-14	3	21.2	11.5	15.4	0.0	0.0	40857.83	22.4
Da Lat	2022-01-15	3	22.1	10.5	15.5	0.0	0.0	40955.81	13.7
Da Lat	2022-01-16	3	22.1	12.5	16.6	0.0	0.0	40988.7	18.7
Da Lat	2022-01-17	3	22.8	13.0	16.9	0.0	0.0	40641.8	16.6
Da Lat	2022-01-18	51	23.2	13.0	17.2	0.1	1.0	39603.28	19.7
Da Lat	2022-01-19	3	22.9	13.3	16.7	0.0	0.0	39577.53	20.3
Da Lat	2022-01-20	51	22.2	12.9	16.7	1.0	5.0	37344.32	16.4
Da Lat	2022-01-21	3	24.3	11.8	17.0	0.0	0.0	41105.49	10.8
Da Lat	2022-01-22	51	24.7	11.4	17.5	0.2	2.0	41130.34	11.5
Da Lat	2022-01-23	51	24.6	12.6	18.0	0.3	2.0	41155.7	10.8
Da Lat	2022-01-24	51	24.9	13.4	18.1	1.1	5.0	41181.9	9.8
Da Lat	2022-01-25	53	23.8	13.1	17.7	2.8	8.0	41205.25	10.5
Da Lat	2022-01-26	3	24.6	13.8	18.2	0.0	0.0	41236.67	13.3
Da Lat	2022-01-27	3	24.7	14.1	18.2	0.0	0.0	41265.14	14.2
Da Lat	2022-01-28	3	24.8	12.6	18.1	0.0	0.0	36382.73	13.1
Da Lat	2022-01-29	3	25.9	12.1	18.1	0.0	0.0	41324.06	12.3
Da Lat	2022-01-30	53	23.8	13.3	17.7	2.5	5.0	39389.46	10.1
Da Lat	2022-01-31	53	23.0	14.0	17.7	1.5	6.0	41385.35	12.6
Da Lat	2022-02-01	3	23.6	13.7	18.2	0.0	0.0	41416.78	15.2
Da Lat	2022-02-02	3	23.9	14.9	18.5	0.0	0.0	41448.67	15.3
Da Lat	2022-02-03	51	24.5	14.3	18.7	0.7	4.0	41480.99	14.5
Da Lat	2022-02-04	3	23.2	15.1	18.1	0.0	0.0	40080.68	26.8
Da Lat	2022-02-05	3	21.9	14.5	17.3	0.0	0.0	36827.84	34.3
Da Lat	2022-02-06	3	22.7	14.3	17.6	0.0	0.0	38836.79	32.6
Da Lat	2022-02-07	61	24.0	15.1	18.2	4.1	5.0	39679.7	17.5
Da Lat	2022-02-08	51	23.5	14.6	18.1	1.0	5.0	41647.68	16.6
Da Lat	2022-02-09	3	24.2	15.9	18.8	0.0	0.0	41681.77	18.6
Da Lat	2022-02-10	51	23.7	16.0	18.9	0.2	2.0	41716.04	22.9
Da Lat	2022-02-11	3	24.1	15.4	18.8	0.0	0.0	41750.44	20.2
Da Lat	2022-02-12	3	24.4	15.5	18.9	0.0	0.0	37662.27	17.9
Da Lat	2022-02-13	63	21.5	16.3	18.1	7.9	8.0	35331.17	17.2
Da Lat	2022-02-14	51	22.7	15.8	18.4	1.2	6.0	37668.44	20.2
Da Lat	2022-02-15	55	23.0	15.9	18.2	3.7	8.0	37647.24	24.8
Da Lat	2022-02-16	63	22.4	15.5	17.8	5.2	8.0	35202.58	14.9
Da Lat	2022-02-17	51	23.8	14.3	18.1	1.1	5.0	41963.71	10.1
Da Lat	2022-02-18	53	23.6	13.9	18.3	2.3	6.0	42000.73	13.7
Da Lat	2022-02-19	53	23.2	14.1	18.0	2.9	9.0	38006.33	7.5
Da Lat	2022-02-20	53	22.8	15.2	18.0	2.5	10.0	29737.68	9.8
Da Lat	2022-02-21	63	22.5	15.0	18.0	5.5	7.0	42113.67	12.6
Da Lat	2022-02-22	51	23.8	14.4	18.5	0.7	4.0	42151.83	15.1
Da Lat	2022-02-23	3	22.9	15.6	18.5	0.0	0.0	42190.18	25.5
Da Lat	2022-02-24	3	21.5	15.1	17.1	0.0	0.0	28871.0	29.6
Da Lat	2022-02-25	3	20.2	15.1	17.1	0.0	0.0	32946.7	33.4
Da Lat	2022-02-26	3	23.2	15.1	18.0	0.0	0.0	42262.01	27.2
Da Lat	2022-02-27	3	23.3	15.2	18.1	0.0	0.0	42344.93	30.3
Da Lat	2022-02-28	3	23.7	15.3	18.7	0.0	0.0	42383.8	21.9
Da Lat	2022-03-01	3	24.7	14.5	18.7	0.0	0.0	42422.65	16.1
Da Lat	2022-03-02	3	24.2	16.4	19.3	0.0	0.0	42461.49	19.3
Da Lat	2022-03-03	3	24.7	15.3	19.3	0.0	0.0	42500.27	15.4
Da Lat	2022-03-04	51	25.4	14.9	19.7	1.0	6.0	42538.9	10.5
Da Lat	2022-03-05	63	24.9	13.9	18.9	3.2	5.0	42577.49	16.3
Da Lat	2022-03-06	51	24.7	15.2	19.1	0.1	1.0	32916.1	15.1
Da Lat	2022-03-07	3	27.2	14.3	19.8	0.0	0.0	42655.54	20.7
Da Lat	2022-03-08	53	25.8	15.1	19.2	1.1	3.0	42694.94	27.5
Da Lat	2022-03-09	3	26.8	12.6	19.5	0.0	0.0	42734.55	11.9
Da Lat	2022-03-10	3	26.6	16.0	20.3	0.0	0.0	42774.35	12.6
Da Lat	2022-03-11	3	26.9	14.7	20.2	0.0	0.0	42780.56	12.2
Da Lat	2022-03-12	63	23.5	15.9	19.3	5.4	6.0	38075.95	17.0
Da Lat	2022-03-13	55	24.6	16.5	19.6	2.1	5.0	42787.54	17.3
Da Lat	2022-03-14	53	25.1	15.9	19.7	4.4	8.0	41775.47	9.8
Da Lat	2022-03-15	53	26.4	13.2	19.2	1.7	4.0	42793.46	11.2
Da Lat	2022-03-16	3	25.8	13.5	19.1	0.0	0.0	42796.13	11.0
Da Lat	2022-03-17	51	26.5	14.0	20.0	0.5	2.0	42798.68	9.2
Da Lat	2022-03-18	53	26.2	14.2	19.6	1.1	3.0	41059.31	11.0
Da Lat	2022-03-19	63	26.2	14.7	19.4	5.0	5.0	38481.31	11.9
Da Lat	2022-03-20	55	23.9	15.2	19.2	1.6	4.0	42806.01	15.0
Da Lat	2022-03-21	61	22.6	16.4	18.7	5.6	11.0	41454.0	16.4
Da Lat	2022-03-22	53	23.1	15.1	18.5	1.7	9.0	42811.1	17.1
Da Lat	2022-03-23	63	24.6	15.5	18.6	9.4	4.0	30778.5	11.7
Da Lat	2022-03-24	51	24.4	16.0	19.4	0.7	6.0	42816.7	13.8
Da Lat	2022-03-25	53	24.4	14.4	18.9	1.6	6.0	42819.33	12.0
Da Lat	2022-03-26	51	26.3	13.7	19.7	0.1	1.0	42821.69	9.1
Da Lat	2022-03-27	55	25.7	15.6	19.5	3.5	8.0	42823.81	8.3
Da Lat	2022-03-28	55	25.1	14.7	19.1	1.7	4.0	42825.73	12.8
Da Lat	2022-03-29	61	24.3	15.5	19.1	3.9	7.0	42827.51	18.3
Da Lat	2022-03-30	63	24.0	14.8	18.4	17.7	14.0	21730.3	16.2
Da Lat	2022-03-31	63	20.4	16.6	17.9	16.1	21.0	14440.66	13.7
Da Lat	2022-04-01	53	20.2	15.9	17.8	4.1	13.0	27875.25	15.3
Da Lat	2022-04-02	55	23.1	15.3	18.2	2.8	7.0	40689.21	23.8
Da Lat	2022-04-03	51	21.3	15.1	17.6	0.4	4.0	30797.51	28.0
Da Lat	2022-04-04	51	22.5	16.8	18.9	0.4	3.0	38868.72	26.3
Da Lat	2022-04-05	51	21.0	17.2	18.6	0.3	3.0	20074.51	32.6
Da Lat	2022-04-06	55	23.6	16.5	19.0	2.8	5.0	37415.65	20.4
Da Lat	2022-04-07	51	23.7	15.0	18.4	0.5	4.0	33578.47	20.3
Da Lat	2022-04-08	53	23.7	13.3	18.2	2.2	7.0	42845.79	16.4
Da Lat	2022-04-09	53	24.6	12.5	17.9	2.2	7.0	41293.89	11.6
Da Lat	2022-04-10	51	25.5	12.7	18.2	0.1	1.0	42851.65	8.8
Da Lat	2022-04-11	53	25.7	12.7	18.5	1.3	4.0	42972.51	7.2
Da Lat	2022-04-12	53	24.1	15.1	19.0	4.1	11.0	42859.0	9.7
Da Lat	2022-04-13	61	24.6	15.0	19.1	4.7	8.0	42948.46	8.3
Da Lat	2022-04-14	65	24.8	15.5	19.2	17.1	6.0	24349.3	10.5
Da Lat	2022-04-15	63	23.8	15.8	18.7	12.0	8.0	26541.88	7.5
Da Lat	2022-04-16	63	22.3	15.6	18.3	11.0	14.0	31448.3	8.4
Da Lat	2022-04-17	55	23.4	15.0	18.7	2.5	8.0	42905.1	11.0
Da Lat	2022-04-18	51	23.7	15.6	19.0	0.1	1.0	42894.99	14.2
Da Lat	2022-04-19	51	23.8	15.7	19.1	0.6	5.0	43124.0	14.4
Da Lat	2022-04-20	63	22.8	16.4	18.7	4.3	6.0	42897.45	16.2
Da Lat	2022-04-21	63	23.6	15.9	19.0	4.6	6.0	39391.03	15.3
Da Lat	2022-04-22	61	23.7	14.8	18.8	3.2	4.0	43577.59	12.6
Da Lat	2022-04-23	63	24.8	15.4	19.2	5.6	4.0	42687.62	10.9
Da Lat	2022-04-24	53	24.5	14.9	19.4	1.7	7.0	42917.73	10.2
Da Lat	2022-04-25	53	24.7	15.4	19.8	1.8	7.0	42928.45	8.4
Da Lat	2022-04-26	53	24.9	15.8	19.8	1.8	8.0	42935.56	7.3
Da Lat	2022-04-27	55	26.3	16.2	20.3	2.5	6.0	43790.74	8.5
Da Lat	2022-04-28	63	24.3	15.5	19.5	5.7	5.0	41182.74	16.3
Da Lat	2022-04-29	63	20.7	16.0	18.0	35.8	14.0	5118.3	16.1
Da Lat	2022-04-30	63	20.7	17.0	18.4	18.7	16.0	25158.13	20.6
Da Lat	2022-05-01	53	22.2	16.7	18.9	3.4	17.0	17414.68	12.1
Da Lat	2022-05-02	61	23.3	16.2	18.9	8.6	9.0	39600.0	11.9
Da Lat	2022-05-03	65	23.0	16.6	19.0	23.6	10.0	25249.51	10.8
Da Lat	2022-05-04	65	24.3	16.8	19.1	23.2	9.0	23571.96	12.6
Da Lat	2022-05-05	51	23.3	16.5	19.4	0.4	4.0	35378.97	16.4
Da Lat	2022-05-06	51	23.3	16.7	19.3	0.3	3.0	42323.78	17.6
Da Lat	2022-05-07	51	22.6	16.7	19.2	0.8	4.0	44286.77	23.1
Da Lat	2022-05-08	51	21.7	17.1	18.9	1.4	9.0	35605.28	20.2
Da Lat	2022-05-09	51	23.6	16.9	19.6	0.2	2.0	43808.17	14.7
Da Lat	2022-05-10	61	24.3	16.2	19.4	3.7	8.0	43076.51	12.2
Da Lat	2022-05-11	53	24.3	16.1	19.7	1.6	8.0	39180.02	11.0
Da Lat	2022-05-12	51	23.5	16.1	19.6	2.2	9.0	44076.25	12.9
Da Lat	2022-05-13	51	23.9	17.1	19.9	1.1	8.0	39312.37	15.3
Da Lat	2022-05-14	61	24.4	16.7	20.0	4.1	7.0	43445.15	11.7
Da Lat	2022-05-15	53	25.5	16.1	20.1	1.1	3.0	45095.23	11.3
Da Lat	2022-05-16	63	24.2	17.4	19.9	5.9	7.0	24620.11	10.7
Da Lat	2022-05-17	63	23.4	17.2	19.2	13.9	14.0	21316.6	9.2
Da Lat	2022-05-18	63	23.7	16.1	19.2	7.3	11.0	28853.53	9.4
Da Lat	2022-05-19	63	22.5	16.7	19.1	20.6	16.0	27695.88	7.9
Da Lat	2022-05-20	65	23.8	16.8	19.3	14.7	12.0	25432.03	8.8
Da Lat	2022-05-21	63	23.9	16.7	19.4	7.7	9.0	21600.0	16.2
Da Lat	2022-05-22	63	23.1	17.3	19.1	12.4	16.0	31419.33	23.3
Da Lat	2022-05-23	53	21.2	17.0	18.5	4.1	13.0	26762.45	25.6
Da Lat	2022-05-24	51	23.8	16.9	19.7	0.9	9.0	39192.3	16.6
Da Lat	2022-05-25	53	24.2	17.1	19.8	2.7	6.0	28251.68	14.4
Da Lat	2022-05-26	53	21.2	16.2	18.8	3.3	7.0	18000.0	18.2
Da Lat	2022-05-27	63	21.7	16.1	19.1	11.6	11.0	31307.94	16.1
Da Lat	2022-05-28	53	21.3	17.0	18.7	3.8	13.0	36553.05	24.7
Da Lat	2022-05-29	63	22.0	16.9	18.5	8.4	17.0	21376.29	23.6
Da Lat	2022-05-30	63	23.2	17.1	19.3	7.4	8.0	36353.79	14.4
Da Lat	2022-05-31	61	24.7	16.4	20.2	4.0	7.0	44402.65	9.8
Da Lat	2022-06-01	63	23.4	16.2	19.4	11.4	11.0	42165.77	11.5
Da Lat	2022-06-02	63	22.2	14.6	18.3	8.1	11.0	30303.8	11.3
Da Lat	2022-06-03	55	23.5	15.4	18.8	2.6	7.0	34368.87	16.1
Da Lat	2022-06-04	53	22.9	16.7	19.0	2.5	8.0	45334.69	16.8
Da Lat	2022-06-05	3	24.5	15.8	20.0	0.0	0.0	45330.94	16.2
Da Lat	2022-06-06	51	24.6	15.5	19.5	1.3	5.0	45326.61	13.0
Da Lat	2022-06-07	61	25.0	16.6	19.6	4.2	7.0	42197.81	9.5
Da Lat	2022-06-08	63	24.0	16.8	19.7	8.9	7.0	44685.81	12.0
Da Lat	2022-06-09	63	25.3	15.5	19.6	4.7	6.0	45200.37	8.0
Da Lat	2022-06-10	65	24.8	16.1	19.4	27.8	12.0	42747.78	9.7
Da Lat	2022-06-11	53	25.2	16.1	19.8	2.1	8.0	43385.94	7.5
Da Lat	2022-06-12	55	24.7	15.5	19.4	3.0	6.0	45215.53	9.3
Da Lat	2022-06-13	51	24.7	15.7	19.9	0.5	3.0	45220.73	10.2
Da Lat	2022-06-14	53	24.4	15.7	19.7	1.0	3.0	44715.67	9.4
Da Lat	2022-06-15	55	24.1	15.6	19.1	2.7	8.0	43200.0	12.2
Da Lat	2022-06-16	51	23.5	15.0	19.2	0.7	5.0	44471.73	9.1
Da Lat	2022-06-17	61	24.3	15.1	19.3	3.2	5.0	43711.25	8.4
Da Lat	2022-06-18	63	23.9	15.8	19.3	15.4	10.0	45076.99	8.9
Da Lat	2022-06-19	61	24.2	16.0	19.3	4.7	7.0	45001.93	7.9
Da Lat	2022-06-20	53	24.5	15.7	19.3	1.5	6.0	45008.67	8.6
Da Lat	2022-06-21	53	23.9	15.9	19.2	2.9	9.0	44248.51	13.6
Da Lat	2022-06-22	65	22.7	15.4	18.6	10.2	7.0	40201.39	9.7
Da Lat	2022-06-23	63	23.0	14.6	18.3	19.9	10.0	24589.72	9.4
Da Lat	2022-06-24	63	23.0	15.7	18.6	13.2	9.0	37028.84	8.2
Da Lat	2022-06-25	65	23.4	14.7	18.7	12.8	8.0	29893.16	9.5
Da Lat	2022-06-26	63	24.3	14.9	18.9	5.1	7.0	43884.55	8.8
Da Lat	2022-06-27	65	24.9	15.1	19.5	9.8	7.0	44545.82	7.6
Da Lat	2022-06-28	53	24.7	16.4	20.1	1.3	6.0	43531.06	10.3
Da Lat	2022-06-29	55	24.7	18.2	20.6	1.6	3.0	32615.93	16.8
Da Lat	2022-06-30	53	23.3	17.8	19.9	2.4	7.0	25361.43	20.7
Da Lat	2022-07-01	51	21.9	17.5	19.1	1.6	13.0	2733.81	24.2
Da Lat	2022-07-02	53	22.0	17.2	18.8	5.7	19.0	29039.37	29.3
Da Lat	2022-07-03	51	23.2	17.1	19.4	2.4	11.0	34192.0	21.5
Da Lat	2022-07-04	53	24.0	17.8	20.1	4.0	8.0	43036.15	19.1
Da Lat	2022-07-05	61	23.5	17.9	20.1	3.7	10.0	39600.0	19.4
Da Lat	2022-07-06	63	23.8	17.3	19.8	10.6	8.0	34334.38	15.8
Da Lat	2022-07-07	61	24.4	17.4	19.9	3.8	8.0	37391.25	18.0
Da Lat	2022-07-08	63	23.4	16.3	19.4	10.8	12.0	19591.41	16.7
Da Lat	2022-07-09	53	21.7	17.3	18.6	3.2	14.0	2106.87	22.7
Da Lat	2022-07-10	63	21.1	17.2	18.4	13.9	21.0	9971.19	28.7
Da Lat	2022-07-11	61	20.6	17.6	18.6	11.5	18.0	1242.32	27.1
Da Lat	2022-07-12	55	23.4	17.2	19.2	5.5	14.0	29175.91	14.5
Da Lat	2022-07-13	51	22.1	17.1	18.8	2.1	9.0	24830.6	22.1
Da Lat	2022-07-14	65	22.1	17.2	19.0	12.6	16.0	12721.63	20.4
Da Lat	2022-07-15	63	23.5	17.2	19.6	7.6	8.0	34903.42	8.9
Da Lat	2022-07-16	61	23.9	16.5	19.3	7.4	7.0	39600.0	14.5
Da Lat	2022-07-17	53	22.6	16.6	19.1	2.3	8.0	42370.28	16.6
Da Lat	2022-07-18	63	25.0	16.5	19.7	10.2	9.0	39821.69	15.6
Da Lat	2022-07-19	63	23.6	16.7	19.2	11.1	13.0	27519.32	12.4
Da Lat	2022-07-20	61	23.2	17.4	18.7	9.6	17.0	14545.69	11.4
Da Lat	2022-07-21	63	21.5	15.8	18.2	10.9	17.0	29837.93	15.6
Da Lat	2022-07-22	63	22.9	14.7	18.4	12.5	7.0	39684.6	10.9
Da Lat	2022-07-23	53	23.6	15.0	18.8	1.1	5.0	32005.8	14.1
Da Lat	2022-07-24	51	24.4	15.3	19.1	0.8	3.0	43698.19	12.5
Da Lat	2022-07-25	53	23.6	14.5	18.8	2.3	9.0	43453.77	11.9
Da Lat	2022-07-26	63	23.3	14.9	18.7	6.3	8.0	34576.42	9.0
Da Lat	2022-07-27	51	23.2	14.6	18.9	0.5	4.0	42524.16	10.3
Da Lat	2022-07-28	63	22.9	16.0	19.5	10.5	13.0	42526.4	8.0
Da Lat	2022-07-29	61	24.4	16.5	19.7	5.3	7.0	41988.84	11.4
Da Lat	2022-07-30	55	24.1	17.8	19.8	4.7	10.0	27749.64	17.5
Da Lat	2022-07-31	65	24.5	17.2	19.4	34.4	13.0	30349.22	14.0
Da Lat	2022-08-01	55	24.8	16.5	19.4	4.1	11.0	28800.0	11.7
Da Lat	2022-08-02	53	22.8	16.8	19.2	1.8	6.0	31651.61	12.2
Da Lat	2022-08-03	63	23.3	16.5	19.1	23.4	8.0	23123.18	11.7
Da Lat	2022-08-04	63	24.0	16.6	19.5	9.5	10.0	35376.52	8.8
Da Lat	2022-08-05	61	23.8	17.0	19.5	5.0	8.0	36555.91	16.5
Da Lat	2022-08-06	63	23.7	16.8	19.0	16.5	10.0	39226.89	16.1
Da Lat	2022-08-07	61	21.5	16.7	18.4	7.0	16.0	9496.77	24.4
Da Lat	2022-08-08	63	18.3	16.8	17.3	21.1	24.0	0.0	27.4
Da Lat	2022-08-09	61	20.4	16.1	17.6	7.8	20.0	17182.97	31.9
Da Lat	2022-08-10	55	21.9	16.1	18.4	4.5	16.0	32554.12	26.1
Da Lat	2022-08-11	53	21.7	16.6	18.2	5.7	20.0	26193.46	27.6
Da Lat	2022-08-12	51	23.6	15.8	19.2	0.9	4.0	43274.51	17.7
Da Lat	2022-08-13	63	24.2	15.7	19.3	8.5	11.0	43200.0	8.2
Da Lat	2022-08-14	65	23.3	16.0	19.0	21.4	10.0	38152.72	10.0
Da Lat	2022-08-15	65	22.9	16.7	18.9	23.9	15.0	27860.54	12.5
Da Lat	2022-08-16	53	22.9	16.4	18.8	2.4	6.0	33304.05	18.0
Da Lat	2022-08-17	51	22.9	16.5	19.2	0.7	5.0	43200.0	18.8
Da Lat	2022-08-18	61	23.4	17.2	19.6	5.4	8.0	38359.67	19.5
Da Lat	2022-08-19	55	22.8	17.0	19.4	5.5	10.0	34096.78	18.8
Da Lat	2022-08-20	63	22.4	16.5	18.8	8.2	8.0	11711.02	20.3
Da Lat	2022-08-21	53	23.0	16.1	18.8	2.0	9.0	34943.22	15.9
Da Lat	2022-08-22	63	23.9	16.7	19.2	16.7	9.0	42124.31	15.7
Da Lat	2022-08-23	65	24.9	16.1	19.2	22.0	8.0	33506.11	10.0
Da Lat	2022-08-24	53	25.1	17.2	19.8	1.9	6.0	34340.27	10.4
Da Lat	2022-08-25	53	21.1	17.1	18.5	4.0	14.0	28060.85	20.2
Da Lat	2022-08-26	53	21.6	16.6	18.4	1.7	6.0	28646.02	16.6
Da Lat	2022-08-27	63	25.0	16.2	19.2	19.6	6.0	41609.61	10.5
Da Lat	2022-08-28	63	22.8	15.6	18.4	11.2	9.0	34969.62	12.7
Da Lat	2022-08-29	51	22.6	15.4	18.7	1.1	6.0	42893.91	15.0
Da Lat	2022-08-30	51	24.4	14.4	19.1	1.5	7.0	41146.7	8.4
Da Lat	2022-08-31	61	23.9	14.8	18.8	5.1	7.0	40730.34	8.2
Da Lat	2022-09-01	63	24.0	15.7	19.1	8.2	10.0	42870.24	9.8
Da Lat	2022-09-02	65	23.9	15.4	18.9	12.9	10.0	40917.31	8.2
Da Lat	2022-09-03	61	23.3	16.4	19.2	6.0	6.0	36565.77	14.6
Da Lat	2022-09-04	55	23.1	16.8	19.2	3.5	11.0	39727.27	16.8
Da Lat	2022-09-05	65	23.2	16.8	19.2	15.0	10.0	30043.1	13.3
Da Lat	2022-09-06	53	21.7	15.9	18.6	4.6	14.0	4308.95	10.2
Da Lat	2022-09-07	61	21.9	16.2	18.1	9.5	19.0	7544.7	8.6
Da Lat	2022-09-08	61	22.1	15.9	18.4	3.7	10.0	28756.25	15.0
Da Lat	2022-09-09	63	24.1	14.2	18.7	5.1	8.0	39358.11	10.8
Da Lat	2022-09-10	53	22.9	16.2	18.8	1.7	5.0	42429.15	14.8
Da Lat	2022-09-11	61	23.1	15.0	18.4	3.8	10.0	33055.46	11.8
Da Lat	2022-09-12	61	22.9	14.5	18.4	4.2	7.0	40665.5	9.4
Da Lat	2022-09-13	53	23.9	14.7	18.9	2.0	9.0	36645.36	8.6
Da Lat	2022-09-14	53	23.5	16.1	18.8	2.5	7.0	34147.6	13.4
Da Lat	2022-09-15	63	22.4	16.7	18.7	18.5	12.0	29234.86	24.9
Da Lat	2022-09-16	63	22.8	17.2	18.8	7.4	19.0	19175.65	16.9
Da Lat	2022-09-17	61	24.0	16.4	19.2	5.2	8.0	28468.15	15.2
Da Lat	2022-09-18	53	22.3	16.4	19.1	1.4	5.0	38991.66	19.0
Da Lat	2022-09-19	63	23.2	16.7	19.2	7.9	7.0	28090.87	18.1
Da Lat	2022-09-20	63	22.4	16.3	18.7	10.4	11.0	27062.39	13.0
Da Lat	2022-09-21	55	23.0	16.3	18.7	3.3	8.0	24021.67	13.0
Da Lat	2022-09-22	53	22.0	16.8	18.5	3.3	19.0	18530.07	14.8
Da Lat	2022-09-23	53	22.7	16.4	18.6	1.9	7.0	25731.71	13.9
Da Lat	2022-09-24	61	22.5	16.1	18.7	7.6	11.0	27707.11	10.3
Da Lat	2022-09-25	63	21.7	15.3	18.2	14.7	11.0	14956.48	11.5
Da Lat	2022-09-26	61	23.5	16.6	18.8	5.0	6.0	22335.21	14.1
Da Lat	2022-09-27	51	19.8	17.0	18.0	2.8	13.0	801.18	26.7
Da Lat	2022-09-28	55	20.8	17.0	18.0	9.9	24.0	22414.98	32.1
Da Lat	2022-09-29	63	21.9	17.1	18.4	11.7	22.0	26486.51	22.1
Da Lat	2022-09-30	61	22.2	16.6	18.6	2.4	8.0	18736.89	16.5
Da Lat	2022-10-01	65	22.8	16.0	18.7	19.6	17.0	26404.62	9.8
Da Lat	2022-10-02	53	22.5	15.6	18.5	2.1	9.0	39323.45	13.4
Da Lat	2022-10-03	53	22.0	15.9	18.3	1.2	6.0	39600.0	19.5
Da Lat	2022-10-04	61	20.9	17.0	18.5	3.1	6.0	12671.66	15.4
Da Lat	2022-10-05	51	21.8	16.8	18.9	1.7	7.0	39631.67	20.7
Da Lat	2022-10-06	63	22.9	15.8	18.5	7.3	9.0	28234.43	12.0
Da Lat	2022-10-07	53	22.9	16.1	18.8	2.3	5.0	38628.29	18.8
Da Lat	2022-10-08	55	22.1	16.6	18.5	3.9	11.0	31739.57	18.7
Da Lat	2022-10-09	63	22.8	16.5	18.7	7.3	13.0	31539.0	11.8
Da Lat	2022-10-10	53	22.3	16.0	18.5	1.4	7.0	3765.67	10.2
Da Lat	2022-10-11	65	20.8	16.5	18.3	26.2	13.0	11375.12	14.8
Da Lat	2022-10-12	51	22.4	16.2	18.7	0.7	4.0	28808.74	22.6
Da Lat	2022-10-13	61	20.3	15.1	16.8	5.8	11.0	12095.52	27.4
Da Lat	2022-10-14	61	19.4	15.4	16.8	8.3	15.0	970.88	15.2
Da Lat	2022-10-15	51	23.1	14.4	18.5	0.2	2.0	39600.0	11.8
Da Lat	2022-10-16	51	23.1	15.8	18.8	1.3	6.0	36010.81	8.5
Da Lat	2022-10-17	65	23.1	16.6	18.8	17.7	9.0	25428.99	10.9
Da Lat	2022-10-18	55	23.6	15.5	18.6	3.7	9.0	39600.0	8.8
Da Lat	2022-10-19	61	22.7	12.8	17.8	12.2	12.0	39702.58	12.4
Da Lat	2022-10-20	61	21.8	16.6	18.4	6.6	16.0	31319.66	11.3
Da Lat	2022-10-21	51	24.0	15.5	18.9	0.1	1.0	39672.29	13.6
Da Lat	2022-10-22	51	23.4	14.3	18.3	0.6	4.0	39600.0	11.0
Da Lat	2022-10-23	63	23.5	15.4	18.6	12.4	9.0	32137.76	14.2
Da Lat	2022-10-24	53	23.8	15.8	18.8	2.5	8.0	39282.79	18.9
Da Lat	2022-10-25	53	23.4	15.4	18.9	2.3	8.0	39600.0	11.5
Da Lat	2022-10-26	53	23.0	16.8	19.1	2.7	8.0	39600.0	20.5
Da Lat	2022-10-27	53	21.2	16.7	18.4	2.1	8.0	7990.06	18.6
Da Lat	2022-10-28	3	22.8	16.3	18.8	0.0	0.0	39600.0	25.2
Da Lat	2022-10-29	51	21.7	16.3	18.7	1.2	6.0	29114.54	23.3
Da Lat	2022-10-30	3	22.5	15.8	18.2	0.0	0.0	38764.55	24.3
Da Lat	2022-10-31	51	23.7	13.9	17.9	0.5	4.0	39600.0	14.2
Da Lat	2022-11-01	51	22.9	12.9	17.6	0.4	3.0	39600.0	15.0
Da Lat	2022-11-02	51	21.6	13.4	17.5	0.1	1.0	38579.78	14.7
Da Lat	2022-11-03	61	20.3	14.1	17.1	5.7	11.0	29906.53	10.1
Da Lat	2022-11-04	53	21.1	15.1	17.6	2.1	7.0	36763.21	11.2
Da Lat	2022-11-05	51	22.1	15.5	18.1	0.1	1.0	39600.0	13.7
Da Lat	2022-11-06	51	23.3	14.2	18.2	1.3	5.0	39600.0	13.0
Da Lat	2022-11-07	51	23.8	14.7	18.5	0.8	2.0	39600.0	12.1
Da Lat	2022-11-08	3	24.3	14.4	18.7	0.0	0.0	39614.24	13.1
Da Lat	2022-11-09	51	23.5	15.2	18.7	0.1	1.0	39600.0	15.8
Da Lat	2022-11-10	51	23.1	16.3	19.0	0.2	2.0	39600.0	23.4
Da Lat	2022-11-11	3	23.5	16.5	19.1	0.0	0.0	39600.0	20.9
Da Lat	2022-11-12	55	21.6	17.1	18.8	3.8	10.0	26057.19	22.1
Da Lat	2022-11-13	53	21.3	17.4	18.6	2.5	10.0	34203.49	24.9
Da Lat	2022-11-14	3	23.3	17.0	19.2	0.0	0.0	39600.0	24.3
Da Lat	2022-11-15	3	23.2	16.5	19.0	0.0	0.0	39600.0	19.6
Da Lat	2022-11-16	53	23.3	16.3	19.1	0.8	3.0	39600.0	18.6
Da Lat	2022-11-17	51	23.2	16.5	19.1	0.4	4.0	39600.0	23.4
Da Lat	2022-11-18	51	22.7	16.6	19.0	0.6	3.0	38470.53	22.9
Da Lat	2022-11-19	65	18.0	16.3	17.2	61.9	18.0	0.0	30.3
Da Lat	2022-11-20	63	18.3	16.5	17.3	43.0	19.0	0.0	26.6
Da Lat	2022-11-21	63	20.0	16.9	18.2	6.3	14.0	5686.2	20.9
Da Lat	2022-11-22	65	20.7	17.3	18.4	22.9	16.0	20697.15	16.6
Da Lat	2022-11-23	61	21.9	16.6	18.3	5.6	14.0	31022.83	11.5
Da Lat	2022-11-24	53	21.0	16.0	17.9	2.1	9.0	39600.0	17.4
Da Lat	2022-11-25	53	22.6	15.3	18.3	1.6	8.0	39600.0	17.3
Da Lat	2022-11-26	63	21.7	15.9	17.9	4.5	8.0	36201.72	16.2
Da Lat	2022-11-27	51	22.0	16.0	18.3	0.5	5.0	39600.0	14.2
Da Lat	2022-11-28	53	22.9	15.0	18.1	1.7	5.0	39600.0	14.4
Da Lat	2022-11-29	3	23.0	14.6	17.8	0.0	0.0	39647.33	13.7
Da Lat	2022-11-30	3	23.0	15.8	18.6	0.0	0.0	39600.0	19.8
Da Lat	2022-12-01	3	22.4	16.3	18.6	0.0	0.0	39600.0	23.6
Da Lat	2022-12-02	51	19.6	16.7	17.9	2.8	9.0	22351.46	27.9
Da Lat	2022-12-03	53	20.4	16.9	17.9	3.3	15.0	27746.68	25.2
Da Lat	2022-12-04	61	20.7	16.4	17.8	4.0	10.0	10141.83	23.1
Da Lat	2022-12-05	51	22.0	16.7	18.6	0.3	2.0	39600.0	24.4
Da Lat	2022-12-06	51	22.3	16.7	18.7	0.6	4.0	39600.0	24.5
Da Lat	2022-12-07	53	20.2	17.5	18.4	2.5	10.0	17848.26	26.3
Da Lat	2022-12-08	3	22.3	16.6	18.7	0.0	0.0	39600.0	24.3
Da Lat	2022-12-09	3	21.2	15.1	17.7	0.0	0.0	37061.43	23.8
Da Lat	2022-12-10	51	22.7	14.5	17.9	0.3	3.0	39229.21	20.4
Da Lat	2022-12-11	3	22.3	13.9	16.9	0.0	0.0	39600.0	14.2
Da Lat	2022-12-12	3	21.0	11.6	15.4	0.0	0.0	39597.45	22.3
Da Lat	2022-12-13	3	21.0	11.3	15.6	0.0	0.0	39752.57	22.6
Da Lat	2022-12-14	51	21.3	13.0	16.5	0.1	1.0	39532.96	20.8
Da Lat	2022-12-15	3	22.4	14.9	17.9	0.0	0.0	39662.88	18.9
Da Lat	2022-12-16	3	22.8	16.0	18.7	0.0	0.0	36000.0	16.9
Da Lat	2022-12-17	51	20.6	16.2	18.1	0.2	2.0	18123.23	31.1
Da Lat	2022-12-18	51	17.6	14.1	15.9	0.2	2.0	29882.82	34.1
Da Lat	2022-12-19	3	20.4	14.0	16.1	0.0	0.0	37428.65	33.6
Da Lat	2022-12-20	3	22.1	14.6	17.4	0.0	0.0	38725.76	22.4
Da Lat	2022-12-21	3	22.2	14.7	17.4	0.0	0.0	34877.02	20.2
Da Lat	2022-12-22	3	20.7	11.7	15.9	0.0	0.0	37271.98	18.8
Da Lat	2022-12-23	3	19.5	11.0	14.3	0.0	0.0	39808.66	20.1
Da Lat	2022-12-24	3	19.0	11.0	14.0	0.0	0.0	33960.4	21.3
Da Lat	2022-12-25	3	20.2	11.1	14.7	0.0	0.0	33728.77	21.8
Da Lat	2022-12-26	51	21.4	9.9	14.7	0.5	3.0	35560.63	16.4
Da Lat	2022-12-27	3	20.5	11.1	15.2	0.0	0.0	31933.86	17.7
Da Lat	2022-12-28	3	21.7	10.2	15.8	0.0	0.0	39108.18	15.5
Da Lat	2022-12-29	3	22.9	11.2	16.4	0.0	0.0	39083.7	22.7
Da Lat	2022-12-30	51	19.2	12.9	15.7	0.8	2.0	17941.62	25.6
Da Lat	2022-12-31	53	19.2	12.6	15.0	0.9	2.0	10944.72	26.7
Da Lat	2023-01-01	51	21.2	13.7	17.0	0.5	4.0	25467.47	24.3
Da Lat	2023-01-02	51	22.2	15.2	18.0	1.0	6.0	38263.14	24.0
Da Lat	2023-01-03	51	22.3	16.4	18.0	0.5	3.0	32928.77	28.6
Da Lat	2023-01-04	51	19.7	16.1	17.3	1.5	10.0	5997.16	31.6
Da Lat	2023-01-05	61	17.9	13.9	15.8	13.8	24.0	0.0	34.9
Da Lat	2023-01-06	55	17.7	14.2	16.0	3.6	9.0	0.0	34.5
Da Lat	2023-01-07	61	18.7	15.2	16.3	8.0	20.0	1002.72	27.5
Da Lat	2023-01-08	61	19.9	15.7	17.3	8.6	19.0	13221.26	23.8
Da Lat	2023-01-09	61	18.9	15.7	17.2	11.2	24.0	22416.84	23.8
Da Lat	2023-01-10	51	19.7	15.6	16.9	1.8	13.0	29768.88	21.6
Da Lat	2023-01-11	63	20.9	15.2	17.2	7.6	7.0	33543.52	14.3
Da Lat	2023-01-12	55	21.3	13.7	17.3	3.1	8.0	39022.28	11.2
Da Lat	2023-01-13	53	22.6	13.3	17.9	1.9	5.0	36104.52	13.2
Da Lat	2023-01-14	3	23.9	13.8	18.2	0.0	0.0	40940.98	9.0
Da Lat	2023-01-15	51	23.6	13.1	17.6	1.3	7.0	40961.2	11.4
Da Lat	2023-01-16	3	22.2	11.3	16.4	0.0	0.0	40982.01	16.5
Da Lat	2023-01-17	51	21.6	13.4	16.3	0.1	1.0	36911.42	23.7
Da Lat	2023-01-18	3	20.1	13.0	15.7	0.0	0.0	38802.61	24.3
Da Lat	2023-01-19	3	20.8	14.2	16.7	0.0	0.0	33968.87	24.3
Da Lat	2023-01-20	3	21.0	15.0	16.8	0.0	0.0	35974.03	25.8
Da Lat	2023-01-21	3	21.0	14.8	17.3	0.0	0.0	38489.45	24.1
Da Lat	2023-01-22	3	22.5	15.3	18.0	0.0	0.0	37121.94	21.5
Da Lat	2023-01-23	3	22.9	14.6	17.9	0.0	0.0	41148.49	20.5
Da Lat	2023-01-24	51	21.4	14.5	17.1	0.1	1.0	37926.59	32.7
Da Lat	2023-01-25	3	19.1	13.0	15.3	0.0	0.0	39656.09	32.6
Da Lat	2023-01-26	3	22.4	14.1	17.2	0.0	0.0	41231.13	22.1
Da Lat	2023-01-27	51	21.7	14.0	16.8	0.4	3.0	39939.47	27.7
Da Lat	2023-01-28	3	18.9	12.6	15.3	0.0	0.0	35391.55	33.1
Da Lat	2023-01-29	3	19.0	12.1	14.4	0.0	0.0	39807.08	27.2
Da Lat	2023-01-30	3	22.3	12.3	16.5	0.0	0.0	41349.25	16.6
Da Lat	2023-01-31	3	22.8	13.9	17.4	0.0	0.0	41379.94	17.4
Da Lat	2023-02-01	53	23.0	15.2	17.8	2.2	7.0	33411.62	17.5
Da Lat	2023-02-02	51	22.0	16.0	18.2	1.8	8.0	39951.27	22.6
Da Lat	2023-02-03	3	21.9	15.0	17.6	0.0	0.0	39610.51	25.9
Da Lat	2023-02-04	3	22.5	15.1	17.8	0.0	0.0	41506.19	21.3
Da Lat	2023-02-05	3	22.4	14.6	17.7	0.0	0.0	41538.45	16.2
Da Lat	2023-02-06	3	23.2	13.1	17.5	0.0	0.0	41570.92	11.9
Da Lat	2023-02-07	3	23.8	12.8	17.8	0.0	0.0	41603.57	16.2
Da Lat	2023-02-08	53	23.1	14.6	18.0	1.8	5.0	41636.65	14.8
Da Lat	2023-02-09	3	23.0	14.5	17.7	0.0	0.0	41670.31	17.3
Da Lat	2023-02-10	3	23.5	13.5	17.7	0.0	0.0	41704.54	14.9
Da Lat	2023-02-11	3	24.8	13.0	18.1	0.0	0.0	41739.27	15.0
Da Lat	2023-02-12	3	24.2	13.6	18.3	0.0	0.0	41774.48	11.4
Da Lat	2023-02-13	3	24.6	13.7	18.4	0.0	0.0	39613.03	10.2
Da Lat	2023-02-14	3	25.1	13.7	18.5	0.0	0.0	41846.17	20.5
Da Lat	2023-02-15	3	21.4	13.8	16.7	0.0	0.0	41882.56	29.3
Da Lat	2023-02-16	3	21.3	13.5	16.4	0.0	0.0	41919.28	31.3
Da Lat	2023-02-17	3	21.9	14.2	17.4	0.0	0.0	38576.77	25.9
Da Lat	2023-02-18	53	21.0	15.3	17.7	2.8	12.0	24308.62	15.6
Da Lat	2023-02-19	53	22.6	13.7	17.5	3.8	7.0	40158.35	21.7
Da Lat	2023-02-20	51	22.6	12.9	16.7	0.5	2.0	35084.01	20.9
Da Lat	2023-02-21	51	22.3	12.9	16.9	0.3	2.0	38789.87	19.8
Da Lat	2023-02-22	51	21.7	13.3	16.8	0.2	2.0	39096.72	22.7
Da Lat	2023-02-23	3	24.7	13.5	17.7	0.0	0.0	42182.37	17.0
Da Lat	2023-02-24	3	23.7	13.2	17.4	0.0	0.0	42220.4	21.1
Da Lat	2023-02-25	3	21.2	12.1	15.7	0.0	0.0	42258.46	28.3
Da Lat	2023-02-26	3	20.4	13.3	15.6	0.0	0.0	41000.91	32.6
Da Lat	2023-02-27	3	20.8	13.6	16.7	0.0	0.0	39393.93	32.6
Da Lat	2023-02-28	3	22.3	15.0	17.7	0.0	0.0	35981.18	29.2
Da Lat	2023-03-01	3	23.9	15.2	18.6	0.0	0.0	40301.18	17.3
Da Lat	2023-03-02	3	23.7	14.2	17.7	0.0	0.0	38899.3	19.0
Da Lat	2023-03-03	3	23.1	13.1	17.0	0.0	0.0	42488.21	20.1
Da Lat	2023-03-04	3	21.7	12.5	16.2	0.0	0.0	42527.38	24.0
Da Lat	2023-03-05	3	21.0	11.4	15.5	0.0	0.0	42566.77	24.0
Da Lat	2023-03-06	2	24.1	11.1	16.3	0.0	0.0	42606.36	17.4
Da Lat	2023-03-07	3	23.7	11.1	17.0	0.0	0.0	42646.12	15.1
Da Lat	2023-03-08	3	24.8	11.3	17.4	0.0	0.0	42686.02	11.9
Da Lat	2023-03-09	0	23.8	13.6	17.9	0.0	0.0	42726.02	18.4
Da Lat	2023-03-10	3	25.2	11.7	17.6	0.0	0.0	42766.12	13.8
Da Lat	2023-03-11	0	25.7	12.2	18.3	0.0	0.0	42776.45	9.5
Da Lat	2023-03-12	3	24.4	12.7	17.8	0.0	0.0	42780.3	19.1
Da Lat	2023-03-13	3	22.5	12.9	16.7	0.0	0.0	40960.22	27.2
Da Lat	2023-03-14	3	24.6	12.6	17.6	0.0	0.0	42787.51	22.4
Da Lat	2023-03-15	3	25.5	12.1	17.8	0.0	0.0	42790.97	15.3
Da Lat	2023-03-16	3	25.9	12.9	18.4	0.0	0.0	42794.39	15.9
Da Lat	2023-03-17	3	26.3	12.2	19.0	0.0	0.0	42797.81	13.0
Da Lat	2023-03-18	51	25.3	14.3	19.5	0.9	6.0	42801.27	11.5
Da Lat	2023-03-19	51	26.0	14.2	19.7	0.6	3.0	42804.77	13.7
Da Lat	2023-03-20	53	26.7	14.2	20.2	1.1	5.0	42231.61	11.1
Da Lat	2023-03-21	3	27.9	14.1	20.7	0.0	0.0	42810.69	10.8
Da Lat	2023-03-22	53	29.3	14.4	21.3	0.8	3.0	42813.12	9.6
Da Lat	2023-03-23	51	28.6	14.6	20.9	0.7	3.0	42815.26	9.9
Da Lat	2023-03-24	53	28.6	14.4	20.9	1.1	3.0	42817.15	11.1
Da Lat	2023-03-25	3	27.8	14.6	20.8	0.0	0.0	42818.84	13.5
Da Lat	2023-03-26	51	27.8	15.8	20.9	0.1	1.0	42820.37	10.5
Da Lat	2023-03-27	61	27.8	15.7	20.1	2.0	2.0	42821.78	11.5
Da Lat	2023-03-28	51	25.9	16.0	20.0	0.5	4.0	42823.12	17.7
Da Lat	2023-03-29	3	26.4	14.9	20.1	0.0	0.0	42824.43	12.6
Da Lat	2023-03-30	55	26.7	14.1	19.7	1.3	4.0	42825.76	9.6
Da Lat	2023-03-31	51	26.2	14.2	19.6	0.5	4.0	42827.14	10.7
Da Lat	2023-04-01	51	26.8	13.7	19.8	1.0	6.0	42465.37	11.1
Da Lat	2023-04-02	51	26.8	13.9	20.2	0.1	1.0	42830.27	9.8
Da Lat	2023-04-03	63	26.1	15.1	19.7	5.8	7.0	41806.61	7.4
Da Lat	2023-04-04	53	27.2	14.4	19.8	1.1	3.0	42834.16	10.2
Da Lat	2023-04-05	53	25.0	15.3	19.8	3.4	10.0	42836.5	8.9
Da Lat	2023-04-06	51	27.9	15.5	20.6	0.6	6.0	42839.16	10.9
Da Lat	2023-04-07	3	27.3	14.7	20.1	0.0	0.0	42842.18	15.5
Da Lat	2023-04-08	1	26.6	14.5	19.9	0.0	0.0	42845.56	16.2
Da Lat	2023-04-09	61	25.1	16.5	20.2	4.8	7.0	42849.01	16.2
Da Lat	2023-04-10	55	26.8	15.8	20.8	2.8	9.0	42852.46	12.0
Da Lat	2023-04-11	61	27.4	15.5	20.7	3.5	7.0	42855.97	13.5
Da Lat	2023-04-12	51	28.1	16.8	21.2	0.5	4.0	42966.4	16.7
Da Lat	2023-04-13	51	28.2	14.3	20.9	0.6	3.0	42953.64	12.2
Da Lat	2023-04-14	51	28.9	16.2	21.6	1.3	5.0	42867.04	8.9
Da Lat	2023-04-15	53	26.6	17.3	21.3	3.1	9.0	41061.85	12.6
Da Lat	2023-04-16	53	25.9	16.7	20.0	1.5	5.0	35762.67	12.7
Da Lat	2023-04-17	55	25.8	16.0	20.1	3.6	6.0	42879.48	10.8
Da Lat	2023-04-18	1	27.2	15.7	20.4	0.0	0.0	43133.07	12.0
Da Lat	2023-04-19	53	28.1	15.2	21.0	1.2	5.0	43361.58	9.1
Da Lat	2023-04-20	55	28.0	17.3	21.3	1.7	4.0	42894.0	10.6
Da Lat	2023-04-21	61	28.4	15.8	21.6	1.7	4.0	42899.42	10.2
Da Lat	2023-04-22	3	29.2	15.7	21.8	0.0	0.0	43335.51	14.8
Da Lat	2023-04-23	3	28.4	16.0	21.4	0.0	0.0	43568.09	16.8
Da Lat	2023-04-24	51	27.2	15.7	21.0	0.3	3.0	43561.9	14.4
Da Lat	2023-04-25	51	28.5	16.2	21.3	0.2	2.0	43797.05	16.4
Da Lat	2023-04-26	3	27.9	16.4	21.3	0.0	0.0	43792.83	15.0
Da Lat	2023-04-27	51	26.3	16.8	20.7	1.8	6.0	43548.4	17.8
Da Lat	2023-04-28	61	26.2	16.0	20.2	5.8	8.0	43787.3	10.9
Da Lat	2023-04-29	53	26.3	15.7	20.2	2.4	6.0	44027.64	10.2
Da Lat	2023-04-30	63	24.6	15.8	19.6	7.0	7.0	38853.27	14.0
Da Lat	2023-05-01	51	26.4	16.6	20.5	0.3	2.0	43784.76	17.6
Da Lat	2023-05-02	61	25.6	16.4	20.5	4.5	6.0	44270.98	16.3
Da Lat	2023-05-03	65	26.4	17.2	20.5	14.5	7.0	41467.35	14.0
Da Lat	2023-05-04	3	26.8	15.7	20.9	0.0	0.0	44518.93	11.2
Da Lat	2023-05-05	55	26.6	15.6	21.0	3.4	11.0	44278.55	7.9
Da Lat	2023-05-06	53	27.6	17.1	21.8	1.4	6.0	43793.81	7.9
Da Lat	2023-05-07	63	27.1	18.1	21.3	10.0	8.0	35626.93	9.8
Da Lat	2023-05-08	63	26.5	17.7	20.5	11.7	7.0	35802.91	10.2
Da Lat	2023-05-09	65	24.7	17.3	19.7	24.9	14.0	18000.0	12.3
Da Lat	2023-05-10	55	24.7	16.2	19.7	3.7	7.0	40830.76	13.0
Da Lat	2023-05-11	63	24.2	16.5	19.6	11.4	7.0	26985.87	9.6
Da Lat	2023-05-12	55	24.5	16.3	19.6	3.0	6.0	42780.76	10.4
Da Lat	2023-05-13	63	24.6	15.8	19.7	5.4	9.0	44821.6	10.5
Da Lat	2023-05-14	61	23.4	15.9	19.5	3.8	9.0	42811.75	11.5
Da Lat	2023-05-15	51	25.5	15.3	20.2	1.2	5.0	45089.41	12.0
Da Lat	2023-05-16	65	24.8	17.4	20.2	17.9	8.0	34133.66	12.6
Da Lat	2023-05-17	63	26.1	17.9	20.5	7.4	6.0	40685.97	12.6
Da Lat	2023-05-18	65	25.8	17.5	20.6	14.1	8.0	44628.26	10.9
Da Lat	2023-05-19	63	25.7	16.5	20.5	7.5	7.0	45139.07	8.4
Da Lat	2023-05-20	65	25.2	17.0	19.8	29.7	7.0	38110.39	7.1
Da Lat	2023-05-21	63	24.6	16.0	19.7	8.9	8.0	39578.89	9.2
Da Lat	2023-05-22	65	24.5	16.5	20.0	9.8	6.0	40237.28	15.3
Da Lat	2023-05-23	61	25.7	17.4	20.5	6.0	6.0	44843.63	14.3
Da Lat	2023-05-24	63	24.1	17.3	19.9	6.3	7.0	41264.41	13.7
Da Lat	2023-05-25	53	22.3	17.2	19.4	2.7	10.0	30123.31	15.7
Da Lat	2023-05-26	65	24.2	15.9	19.3	16.1	9.0	36466.73	11.3
Da Lat	2023-05-27	65	25.0	16.2	19.0	29.4	11.0	29608.78	8.7
Da Lat	2023-05-28	63	23.8	16.3	19.2	11.3	13.0	33286.55	8.3
Da Lat	2023-05-29	53	23.7	16.3	19.5	1.5	6.0	38583.6	15.1
Da Lat	2023-05-30	55	23.3	17.1	19.8	2.9	8.0	38783.65	18.2
Da Lat	2023-05-31	63	23.1	18.2	19.8	10.2	15.0	33142.7	20.6
Da Lat	2023-06-01	53	23.6	18.3	19.9	2.1	8.0	28447.96	21.7
Da Lat	2023-06-02	51	24.2	18.0	20.2	1.4	9.0	34635.08	19.9
Da Lat	2023-06-03	63	24.2	17.6	20.4	6.1	7.0	40338.17	16.3
Da Lat	2023-06-04	61	24.2	17.6	20.4	3.5	8.0	35818.26	16.0
Da Lat	2023-06-05	61	24.7	17.4	19.9	4.5	7.0	19926.69	21.4
Da Lat	2023-06-06	63	22.9	17.5	19.3	11.7	10.0	22133.9	19.9
Da Lat	2023-06-07	51	22.6	17.4	19.7	0.3	3.0	28966.06	24.3
Da Lat	2023-06-08	51	23.3	17.4	19.7	0.8	6.0	32447.73	21.0
Da Lat	2023-06-09	51	23.5	17.9	19.9	1.0	7.0	34704.53	24.2
Da Lat	2023-06-10	51	23.5	17.4	19.9	0.8	5.0	39503.55	25.2
Da Lat	2023-06-11	51	22.4	17.9	19.5	1.4	8.0	17897.23	31.8
Da Lat	2023-06-12	61	22.2	17.4	19.1	5.3	9.0	27078.97	24.9
Da Lat	2023-06-13	51	22.3	17.4	19.2	0.8	5.0	11379.61	25.6
Da Lat	2023-06-14	51	24.1	18.0	20.2	0.4	4.0	36463.77	24.1
Da Lat	2023-06-15	53	24.7	18.1	20.6	3.3	6.0	44202.1	17.7
Da Lat	2023-06-16	63	23.5	17.2	20.0	13.2	12.0	32046.74	13.3
Da Lat	2023-06-17	65	23.2	16.7	19.2	24.2	14.0	26205.45	8.7
Da Lat	2023-06-18	61	24.1	17.1	19.8	5.0	10.0	42031.78	12.6
Da Lat	2023-06-19	63	25.1	16.9	19.9	7.9	9.0	31114.15	13.7
Da Lat	2023-06-20	61	24.9	16.1	20.2	6.6	7.0	43583.36	11.8
Da Lat	2023-06-21	63	24.4	16.9	19.8	5.4	8.0	44248.61	11.2
Da Lat	2023-06-22	63	24.7	16.8	19.9	10.8	8.0	42330.08	7.3
Da Lat	2023-06-23	63	25.9	16.6	19.8	12.5	7.0	45028.87	9.9
Da Lat	2023-06-24	55	23.8	16.3	19.8	3.8	9.0	44524.07	11.3
Da Lat	2023-06-25	65	24.3	15.9	19.3	18.9	13.0	44019.29	8.0
Da Lat	2023-06-26	51	23.7	15.9	19.6	3.5	15.0	44536.74	6.9
Da Lat	2023-06-27	63	23.4	16.6	19.4	10.7	13.0	41399.46	9.0
Da Lat	2023-06-28	63	23.8	15.8	19.5	6.7	15.0	42005.32	9.0
Da Lat	2023-06-29	53	24.0	16.2	19.4	2.9	7.0	38622.7	14.8
Da Lat	2023-06-30	61	22.8	16.7	19.0	5.5	13.0	22888.86	18.9
Da Lat	2023-07-01	51	23.1	17.0	19.3	1.8	7.0	35956.14	21.3
Da Lat	2023-07-02	55	21.6	17.0	19.1	2.5	9.0	35630.26	19.3
Da Lat	2023-07-03	63	24.5	16.5	19.6	4.9	8.0	33466.71	10.2
Da Lat	2023-07-04	65	24.2	16.2	19.2	15.2	8.0	32666.8	8.7
Da Lat	2023-07-05	61	23.0	16.2	19.1	5.6	9.0	37612.49	11.6
Da Lat	2023-07-06	3	24.0	15.0	19.4	0.0	0.0	43329.6	14.7
Da Lat	2023-07-07	61	24.7	15.5	19.6	4.7	11.0	43337.17	8.2
Da Lat	2023-07-08	53	23.8	15.2	19.1	3.1	9.0	39665.94	10.9
Da Lat	2023-07-09	61	23.3	15.7	18.8	5.6	9.0	43605.92	12.7
Da Lat	2023-07-10	53	24.8	15.1	19.6	1.0	4.0	43866.58	9.7
Da Lat	2023-07-11	65	25.0	15.4	19.4	12.7	10.0	37777.27	7.2
Da Lat	2023-07-12	63	26.1	16.6	20.1	8.1	10.0	41307.54	9.1
Da Lat	2023-07-13	65	25.1	16.1	19.6	23.5	7.0	41347.93	12.7
Da Lat	2023-07-14	51	24.3	16.8	20.1	0.8	4.0	41417.08	16.1
Da Lat	2023-07-15	53	23.0	17.4	19.7	1.0	6.0	32214.44	24.0
Da Lat	2023-07-16	53	21.4	17.8	19.0	5.4	23.0	20530.44	33.4
Da Lat	2023-07-17	63	21.1	17.5	18.7	13.0	24.0	17378.15	31.1
Da Lat	2023-07-18	55	22.7	17.7	19.3	5.9	20.0	31580.62	31.4
Da Lat	2023-07-19	65	23.4	17.8	19.8	11.4	12.0	33238.35	19.6
Da Lat	2023-07-20	61	22.7	17.2	19.3	11.3	15.0	36167.67	6.9
Da Lat	2023-07-21	63	23.3	17.2	19.4	11.6	11.0	37106.76	11.3
Da Lat	2023-07-22	63	21.4	16.2	18.6	16.0	16.0	18241.15	7.6
Da Lat	2023-07-23	53	23.3	16.9	18.9	3.0	9.0	28865.39	16.0
Da Lat	2023-07-24	55	22.4	16.5	18.7	4.9	12.0	31559.37	23.4
Da Lat	2023-07-25	61	21.5	17.5	19.0	5.5	18.0	41295.02	20.9
Da Lat	2023-07-26	53	22.2	17.2	19.3	2.3	12.0	38007.28	29.7
Da Lat	2023-07-27	63	23.2	17.3	19.0	14.2	19.0	21462.84	24.6
Da Lat	2023-07-28	55	21.9	17.5	19.2	7.9	20.0	25796.39	24.9
Da Lat	2023-07-29	53	21.7	17.9	19.3	4.1	15.0	26973.44	22.1
Da Lat	2023-07-30	63	20.5	17.9	18.7	7.2	19.0	4813.95	24.3
Da Lat	2023-07-31	53	20.9	17.5	18.9	3.2	13.0	7467.57	22.8
Da Lat	2023-08-01	51	22.0	17.7	19.4	0.8	5.0	29610.0	26.8
Da Lat	2023-08-02	51	20.8	17.6	19.0	0.5	5.0	0.0	25.1
Da Lat	2023-08-03	53	22.0	17.6	19.2	3.6	16.0	31048.42	24.2
Da Lat	2023-08-04	51	22.6	17.5	19.4	1.8	13.0	34143.62	26.6
Da Lat	2023-08-05	51	23.7	17.5	19.8	0.2	2.0	40183.44	26.0
Da Lat	2023-08-06	51	22.8	16.9	19.5	0.9	8.0	42620.98	27.6
Da Lat	2023-08-07	51	24.1	17.6	20.2	0.3	3.0	43200.0	30.7
Da Lat	2023-08-08	51	24.6	17.5	20.3	1.0	5.0	43200.0	24.3
Da Lat	2023-08-09	53	24.5	17.3	20.3	1.2	5.0	43200.0	17.4
Da Lat	2023-08-10	51	25.7	16.7	20.6	1.3	8.0	43200.0	12.7
Da Lat	2023-08-11	51	25.0	17.6	20.7	0.9	7.0	43200.0	17.7
Da Lat	2023-08-12	63	24.1	17.3	20.2	4.8	6.0	43200.0	18.2
Da Lat	2023-08-13	63	23.5	17.8	19.7	7.1	9.0	41802.45	17.3
Da Lat	2023-08-14	53	24.4	17.2	19.9	2.7	9.0	42607.07	19.1
Da Lat	2023-08-15	53	23.0	17.2	19.6	1.6	9.0	38678.46	16.9
Da Lat	2023-08-16	63	24.2	16.6	19.7	11.0	12.0	36000.0	14.0
Da Lat	2023-08-17	61	23.9	16.3	19.5	5.8	10.0	40152.76	10.3
Da Lat	2023-08-18	63	24.3	16.3	19.5	12.2	13.0	39066.7	9.4
Da Lat	2023-08-19	65	25.4	15.8	19.1	20.6	11.0	38983.25	9.0
Da Lat	2023-08-20	63	23.2	16.4	19.0	9.4	11.0	30109.42	10.8
Da Lat	2023-08-21	53	23.1	17.1	18.9	3.5	11.0	35539.43	19.9
Da Lat	2023-08-22	51	23.7	17.1	19.9	0.4	2.0	43145.24	17.3
Da Lat	2023-08-23	51	23.5	17.5	19.8	0.9	7.0	39715.21	19.2
Da Lat	2023-08-24	3	24.3	17.5	20.2	0.0	0.0	43079.38	18.4
Da Lat	2023-08-25	63	24.3	16.9	19.9	10.4	9.0	41180.67	10.4
Da Lat	2023-08-26	61	25.2	16.9	19.8	3.9	5.0	39292.02	13.0
Da Lat	2023-08-27	65	24.2	17.5	19.9	11.6	6.0	35760.93	19.1
Da Lat	2023-08-28	55	24.0	17.7	20.1	3.7	11.0	39377.32	19.3
Da Lat	2023-08-29	61	23.7	17.6	19.9	3.1	12.0	39819.4	21.3
Da Lat	2023-08-30	61	23.1	17.1	19.4	5.9	11.0	26119.03	16.9
Da Lat	2023-08-31	63	21.8	18.1	19.4	13.2	19.0	20612.31	22.0
Da Lat	2023-09-01	65	22.6	17.9	19.3	21.4	23.0	21911.28	20.5
Da Lat	2023-09-02	55	22.0	17.9	19.2	6.4	22.0	20603.77	20.5
Da Lat	2023-09-03	55	23.2	17.9	19.6	4.9	18.0	34805.63	18.8
Da Lat	2023-09-04	63	22.5	18.2	19.6	10.3	22.0	22565.32	14.3
Da Lat	2023-09-05	55	22.4	18.1	19.5	4.4	17.0	25564.81	16.4
Da Lat	2023-09-06	51	25.2	17.4	20.3	0.6	4.0	33864.65	11.0
Da Lat	2023-09-07	53	24.2	16.3	19.8	2.3	9.0	42557.21	9.2
Da Lat	2023-09-08	63	25.0	15.6	19.1	6.7	8.0	33264.45	11.3
Da Lat	2023-09-09	53	23.6	15.9	19.1	2.7	7.0	41366.27	11.8
Da Lat	2023-09-10	53	20.5	17.2	18.2	4.3	15.0	23321.12	22.2
Da Lat	2023-09-11	55	22.6	16.5	18.9	2.4	7.0	29376.11	22.3
Da Lat	2023-09-12	51	23.3	15.3	19.1	1.0	8.0	40105.45	20.4
Da Lat	2023-09-13	51	22.4	17.6	19.3	0.3	2.0	26449.13	25.2
Da Lat	2023-09-14	53	23.3	17.0	19.4	2.2	7.0	29161.73	18.6
Da Lat	2023-09-15	61	22.5	16.8	18.8	2.7	7.0	32540.68	15.3
Da Lat	2023-09-16	61	22.6	16.9	18.8	4.5	7.0	24741.96	15.2
Da Lat	2023-09-17	61	23.5	15.5	19.1	5.9	7.0	37660.96	11.2
Da Lat	2023-09-18	65	24.7	15.5	19.0	30.0	8.0	35103.43	8.0
Da Lat	2023-09-19	63	24.7	15.3	18.8	10.0	6.0	28003.73	9.3
Da Lat	2023-09-20	61	24.0	15.8	19.0	3.1	7.0	38033.85	13.1
Da Lat	2023-09-21	63	23.2	15.4	18.7	15.7	8.0	30258.32	14.6
Da Lat	2023-09-22	63	24.2	15.0	18.6	8.9	7.0	37756.29	9.0
Da Lat	2023-09-23	61	23.3	13.6	18.3	5.2	8.0	40481.06	8.7
Da Lat	2023-09-24	65	22.3	15.4	18.4	12.7	7.0	12240.13	7.2
Da Lat	2023-09-25	53	23.3	15.8	18.4	2.4	10.0	21600.0	18.0
Da Lat	2023-09-26	61	22.4	16.9	18.9	7.1	19.0	32383.12	18.3
Da Lat	2023-09-27	53	22.5	17.3	18.9	3.5	18.0	20181.74	19.6
Da Lat	2023-09-28	55	23.1	15.9	18.8	4.5	14.0	25378.5	20.0
Da Lat	2023-09-29	63	24.1	15.7	19.3	8.2	8.0	28971.56	10.8
Da Lat	2023-09-30	63	25.0	16.7	19.4	8.1	8.0	30463.71	11.2
Da Lat	2023-10-01	61	24.4	16.0	19.1	5.1	10.0	33480.96	9.9
Da Lat	2023-10-02	63	22.9	15.9	18.8	8.3	15.0	25576.24	10.1
Da Lat	2023-10-03	63	23.0	16.1	19.2	6.2	10.0	36654.78	8.8
Da Lat	2023-10-04	61	23.3	17.0	19.6	3.9	8.0	39198.04	14.2
Da Lat	2023-10-05	53	23.9	16.4	19.5	1.0	4.0	37969.59	12.1
Da Lat	2023-10-06	61	22.9	16.1	19.0	2.5	4.0	25721.21	14.0
Da Lat	2023-10-07	51	23.6	17.1	19.7	0.4	2.0	22305.94	14.6
Da Lat	2023-10-08	63	23.9	16.4	19.3	4.3	5.0	18562.44	7.9
Da Lat	2023-10-09	63	24.2	15.9	18.8	13.1	7.0	30192.85	8.8
Da Lat	2023-10-10	55	22.8	15.2	18.6	4.3	9.0	39955.23	9.7
Da Lat	2023-10-11	61	23.1	16.7	19.2	5.6	7.0	40210.47	14.8
Da Lat	2023-10-12	63	24.2	16.0	19.0	13.1	10.0	37199.89	8.7
Da Lat	2023-10-13	65	23.2	15.0	18.2	23.8	10.0	25903.75	7.1
Da Lat	2023-10-14	61	23.9	14.7	18.6	5.9	9.0	32071.85	9.4
Da Lat	2023-10-15	65	23.0	15.8	18.7	19.9	11.0	23560.3	10.0
Da Lat	2023-10-16	55	21.9	16.3	18.6	4.0	10.0	29011.83	11.7
Da Lat	2023-10-17	53	22.9	15.1	18.4	2.4	7.0	29536.51	16.8
Da Lat	2023-10-18	53	23.2	16.5	19.2	1.7	6.0	38491.67	13.6
Da Lat	2023-10-19	63	23.7	14.4	18.6	13.0	8.0	38255.03	6.5
Da Lat	2023-10-20	53	23.3	14.4	18.4	1.6	6.0	39654.87	10.0
Da Lat	2023-10-21	65	23.2	16.0	18.6	16.5	7.0	38501.1	14.0
Da Lat	2023-10-22	65	23.1	16.4	18.6	32.5	9.0	35947.96	10.4
Da Lat	2023-10-23	65	23.5	15.4	18.3	26.6	11.0	32400.0	9.7
Da Lat	2023-10-24	65	24.0	15.2	18.2	16.8	5.0	33436.63	8.9
Da Lat	2023-10-25	63	22.5	14.2	17.7	4.3	9.0	28800.0	9.4
Da Lat	2023-10-26	53	23.7	14.7	18.3	1.1	4.0	38198.74	8.1
Da Lat	2023-10-27	53	24.2	13.7	18.4	2.3	7.0	39506.75	6.9
Da Lat	2023-10-28	63	23.9	15.3	18.6	6.6	6.0	39754.66	10.4
Da Lat	2023-10-29	61	23.3	16.0	18.8	3.6	8.0	39600.0	17.3
Da Lat	2023-10-30	51	22.8	16.4	19.1	0.7	4.0	39600.0	20.1
Da Lat	2023-10-31	51	23.8	17.0	19.5	0.6	2.0	39600.0	24.0
Da Lat	2023-11-01	51	23.6	16.5	19.6	0.1	1.0	39600.0	23.1
Da Lat	2023-11-02	55	23.1	16.1	18.8	3.5	7.0	39600.0	11.9
Da Lat	2023-11-03	63	23.5	15.4	18.5	10.2	6.0	36690.61	15.8
Da Lat	2023-11-04	63	23.5	15.8	18.9	8.1	5.0	39600.0	12.6
Da Lat	2023-11-05	53	23.8	15.5	18.6	2.7	5.0	39600.0	10.9
Da Lat	2023-11-06	55	23.4	15.3	18.9	2.1	3.0	38418.39	15.3
Da Lat	2023-11-07	53	22.6	16.0	18.3	3.2	11.0	34442.47	17.3
Da Lat	2023-11-08	63	24.1	15.7	18.7	6.8	6.0	31489.89	11.0
Da Lat	2023-11-09	51	23.7	16.2	19.1	0.7	5.0	39600.0	17.4
Da Lat	2023-11-10	53	22.3	16.3	18.8	2.4	5.0	39600.0	19.1
Da Lat	2023-11-11	51	23.0	16.3	18.9	0.6	5.0	39600.0	22.0
Da Lat	2023-11-12	61	22.9	16.5	18.9	3.1	6.0	39600.0	22.5
Da Lat	2023-11-13	53	20.0	16.6	18.2	2.5	5.0	2284.99	25.3
Da Lat	2023-11-14	53	22.3	17.6	19.2	2.5	6.0	39600.0	23.2
Da Lat	2023-11-15	51	21.5	17.7	19.1	1.7	9.0	30567.04	23.9
Da Lat	2023-11-16	53	20.7	17.6	18.9	2.5	13.0	22101.16	29.0
Da Lat	2023-11-17	3	21.6	16.0	18.4	0.0	0.0	36686.53	31.9
Da Lat	2023-11-18	3	21.6	15.2	17.4	0.0	0.0	39600.0	30.0
Da Lat	2023-11-19	3	22.4	14.6	17.8	0.0	0.0	39600.0	23.0
Da Lat	2023-11-20	51	23.7	14.6	18.3	0.1	1.0	39600.0	16.3
Da Lat	2023-11-21	51	23.3	14.0	17.7	0.1	1.0	39014.97	15.5
Da Lat	2023-11-22	51	23.4	13.7	18.2	0.1	1.0	39600.0	13.2
Da Lat	2023-11-23	3	21.5	15.2	17.6	0.0	0.0	21552.56	18.1
Da Lat	2023-11-24	53	19.2	15.7	17.2	3.2	13.0	5046.26	24.2
Da Lat	2023-11-25	53	20.2	16.4	18.1	1.2	6.0	10800.0	30.0
Da Lat	2023-11-26	51	23.0	16.9	19.2	0.1	1.0	39600.0	25.0
Da Lat	2023-11-27	3	21.8	15.3	17.9	0.0	0.0	34155.65	26.2
Da Lat	2023-11-28	3	21.3	15.1	17.9	0.0	0.0	36423.6	32.2
Da Lat	2023-11-29	3	23.2	16.9	19.3	0.0	0.0	39600.0	26.1
Da Lat	2023-11-30	51	22.8	17.5	19.3	1.2	7.0	39600.0	25.0
Da Lat	2023-12-01	3	22.7	17.0	19.0	0.0	0.0	39600.0	31.6
Da Lat	2023-12-02	51	21.9	17.2	19.0	0.4	4.0	31979.59	26.1
Da Lat	2023-12-03	61	19.5	16.9	17.9	6.6	10.0	194.26	21.7
Da Lat	2023-12-04	51	23.3	14.9	18.5	0.4	4.0	39619.93	18.8
Da Lat	2023-12-05	51	23.1	14.8	18.3	0.5	4.0	39600.0	16.5
Da Lat	2023-12-06	3	24.2	15.2	18.8	0.0	0.0	39600.0	14.8
Da Lat	2023-12-07	3	23.4	15.7	18.7	0.0	0.0	39600.0	20.8
Da Lat	2023-12-08	3	23.8	14.8	18.6	0.0	0.0	39130.97	15.0
Da Lat	2023-12-09	3	24.0	14.1	18.2	0.0	0.0	39600.0	10.6
Da Lat	2023-12-10	2	23.4	13.2	17.6	0.0	0.0	39821.61	11.3
Da Lat	2023-12-11	3	24.4	12.8	17.7	0.0	0.0	39810.69	12.8
Da Lat	2023-12-12	3	22.8	13.2	17.4	0.0	0.0	39799.29	19.4
Da Lat	2023-12-13	3	22.9	15.2	18.1	0.0	0.0	39568.64	22.1
Da Lat	2023-12-14	3	23.7	15.1	18.5	0.0	0.0	39710.42	22.0
Da Lat	2023-12-15	3	23.5	14.4	18.3	0.0	0.0	39664.6	20.6
Da Lat	2023-12-16	51	24.5	14.3	18.4	0.1	1.0	39618.67	16.0
Da Lat	2023-12-17	3	23.2	15.8	18.4	0.0	0.0	39572.84	29.3
Da Lat	2023-12-18	51	22.3	16.2	18.7	0.4	3.0	39350.73	28.8
Da Lat	2023-12-19	3	22.7	16.7	18.8	0.0	0.0	38506.27	27.3
Da Lat	2023-12-20	3	22.0	16.5	18.3	0.0	0.0	36488.24	31.3
Da Lat	2023-12-21	3	21.4	15.8	17.5	0.0	0.0	32159.92	31.4
Da Lat	2023-12-22	51	17.9	15.3	16.1	0.1	1.0	2341.65	36.3
Da Lat	2023-12-23	53	19.2	15.6	16.7	1.5	8.0	13636.86	34.6
Da Lat	2023-12-24	3	19.0	15.9	17.2	0.0	0.0	11610.97	33.3
Da Lat	2023-12-25	3	19.7	14.2	16.3	0.0	0.0	37275.62	33.7
Da Lat	2023-12-26	3	22.7	13.9	17.4	0.0	0.0	39438.84	22.5
Da Lat	2023-12-27	3	22.2	15.1	18.1	0.0	0.0	39146.91	23.4
Da Lat	2023-12-28	3	23.2	16.4	18.7	0.0	0.0	38842.44	24.6
Da Lat	2023-12-29	51	24.0	15.9	19.0	1.0	4.0	39568.28	20.6
Da Lat	2023-12-30	3	24.7	15.2	18.9	0.0	0.0	40039.62	16.2
Da Lat	2023-12-31	3	25.6	13.8	18.9	0.0	0.0	39225.96	11.3
Da Lat	2024-01-01	3	24.4	14.8	18.5	0.0	0.0	39183.7	15.3
Da Lat	2024-01-02	53	25.1	14.8	18.9	1.2	3.0	38994.49	15.0
Da Lat	2024-01-03	3	23.4	13.8	18.1	0.0	0.0	39357.04	17.2
Da Lat	2024-01-04	3	24.6	13.5	18.0	0.0	0.0	40597.84	16.7
Da Lat	2024-01-05	3	23.8	12.6	17.5	0.0	0.0	40556.84	12.1
Da Lat	2024-01-06	53	25.1	14.1	18.6	0.8	2.0	39492.75	13.8
Da Lat	2024-01-07	3	24.9	14.2	18.5	0.0	0.0	40733.07	12.3
Da Lat	2024-01-08	3	23.1	13.4	17.9	0.0	0.0	38905.9	15.0
Da Lat	2024-01-09	3	25.1	14.3	18.8	0.0	0.0	40657.29	11.9
Da Lat	2024-01-10	3	25.2	13.8	18.7	0.0	0.0	40861.49	13.2
Da Lat	2024-01-11	3	25.6	13.7	18.3	0.0	0.0	40878.31	13.0
Da Lat	2024-01-12	3	24.7	13.0	17.9	0.0	0.0	40808.24	13.0
Da Lat	2024-01-13	3	23.9	12.2	16.9	0.0	0.0	40268.03	13.5
Da Lat	2024-01-14	3	24.4	12.5	17.4	0.0	0.0	38776.56	13.7
Da Lat	2024-01-15	3	23.1	13.9	17.8	0.0	0.0	38187.88	17.3
Da Lat	2024-01-16	51	24.7	14.4	18.1	0.5	3.0	39094.68	18.2
Da Lat	2024-01-17	3	23.9	14.5	18.2	0.0	0.0	39899.26	19.5
Da Lat	2024-01-18	51	25.5	14.2	18.5	0.3	2.0	41019.6	10.6
Da Lat	2024-01-19	3	25.8	14.4	18.7	0.0	0.0	41043.18	14.1
Da Lat	2024-01-20	3	25.0	12.8	18.3	0.0	0.0	40326.59	13.0
Da Lat	2024-01-21	3	25.3	13.7	18.3	0.0	0.0	38997.45	14.0
Da Lat	2024-01-22	3	24.8	13.3	18.0	0.0	0.0	41118.13	14.5
Da Lat	2024-01-23	3	23.1	13.9	17.7	0.0	0.0	41144.4	21.6
Da Lat	2024-01-24	3	21.9	13.8	17.0	0.0	0.0	39181.31	27.7
Da Lat	2024-01-25	3	21.7	13.3	16.5	0.0	0.0	41198.61	23.6
Da Lat	2024-01-26	3	23.1	13.4	17.1	0.0	0.0	41226.49	21.2
Da Lat	2024-01-27	3	23.4	13.2	17.1	0.0	0.0	41254.84	19.2
Da Lat	2024-01-28	3	22.9	13.6	17.0	0.0	0.0	41283.61	20.5
Da Lat	2024-01-29	3	23.2	13.4	17.2	0.0	0.0	41312.78	23.2
Da Lat	2024-01-30	3	23.8	12.9	17.4	0.0	0.0	41342.31	16.1
Da Lat	2024-01-31	3	24.8	12.3	17.8	0.0	0.0	41372.16	14.7
Da Lat	2024-02-01	3	26.0	13.0	18.8	0.0	0.0	36265.9	11.8
Da Lat	2024-02-02	53	27.2	12.2	18.5	1.4	3.0	41432.74	11.8
Da Lat	2024-02-03	2	26.5	14.8	19.4	0.0	0.0	41463.73	11.7
Da Lat	2024-02-04	51	27.0	13.9	19.7	0.8	3.0	41495.4	11.6
Da Lat	2024-02-05	51	26.5	14.7	19.6	0.4	3.0	41527.68	14.3
Da Lat	2024-02-06	51	26.7	14.5	19.6	0.1	1.0	40574.76	12.9
Da Lat	2024-02-07	53	27.7	13.9	19.6	1.1	4.0	40817.57	11.7
Da Lat	2024-02-08	51	25.3	13.4	18.8	1.2	5.0	41110.26	11.1
Da Lat	2024-02-09	3	25.1	14.0	18.8	0.0	0.0	41662.26	17.4
Da Lat	2024-02-10	3	23.5	15.0	18.2	0.0	0.0	41697.06	26.8
Da Lat	2024-02-11	3	22.4	13.8	17.1	0.0	0.0	41602.1	36.0
Da Lat	2024-02-12	3	23.3	13.3	17.1	0.0	0.0	41767.77	23.8
Da Lat	2024-02-13	3	24.6	14.7	18.5	0.0	0.0	41803.61	20.6
Da Lat	2024-02-14	3	24.8	15.0	18.8	0.0	0.0	41839.72	19.7
Da Lat	2024-02-15	3	26.6	13.6	19.1	0.0	0.0	41876.06	15.0
Da Lat	2024-02-16	2	25.0	13.5	18.3	0.0	0.0	41912.61	17.8
Da Lat	2024-02-17	3	25.1	11.9	18.0	0.0	0.0	41949.32	14.5
Da Lat	2024-02-18	3	27.7	13.7	19.6	0.0	0.0	41986.15	14.3
Da Lat	2024-02-19	51	26.2	14.1	19.5	1.3	7.0	40881.2	12.1
Da Lat	2024-02-20	3	26.0	13.2	19.0	0.0	0.0	42060.08	14.0
Da Lat	2024-02-21	3	25.9	13.2	19.3	0.0	0.0	42097.1	14.2
Da Lat	2024-02-22	0	26.3	14.3	19.4	0.0	0.0	42134.08	17.3
Da Lat	2024-02-23	3	26.0	14.0	19.4	0.0	0.0	42171.17	19.6
Da Lat	2024-02-24	1	26.6	15.3	19.6	0.0	0.0	42208.67	17.7
Da Lat	2024-02-25	2	25.3	14.4	18.8	0.0	0.0	42246.53	17.6
Da Lat	2024-02-26	51	25.4	13.5	19.0	0.1	1.0	42284.74	21.1
Da Lat	2024-02-27	51	24.4	15.7	19.4	0.5	4.0	42323.24	23.8
Da Lat	2024-02-28	3	24.7	14.8	18.4	0.0	0.0	42362.03	21.4
Da Lat	2024-02-29	2	25.1	14.1	18.9	0.0	0.0	42401.05	18.4
Da Lat	2024-03-01	3	25.9	15.0	19.7	0.0	0.0	42440.3	17.0
Da Lat	2024-03-02	3	26.0	15.0	19.6	0.0	0.0	42479.71	17.2
Da Lat	2024-03-03	51	27.9	14.8	19.7	0.8	4.0	42519.28	14.2
Da Lat	2024-03-04	53	27.8	14.1	20.1	2.3	6.0	42558.96	12.2
Da Lat	2024-03-05	53	27.7	15.3	21.1	1.3	5.0	42598.73	9.7
Da Lat	2024-03-06	53	29.6	16.1	22.0	1.3	5.0	42638.55	10.1
Da Lat	2024-03-07	3	27.7	15.9	20.9	0.0	0.0	42678.41	19.6
Da Lat	2024-03-08	3	26.5	15.5	20.0	0.0	0.0	42718.27	18.8
Da Lat	2024-03-09	3	26.5	15.5	19.9	0.0	0.0	41308.21	19.4
Da Lat	2024-03-10	3	25.5	14.1	18.9	0.0	0.0	42776.08	21.2
Da Lat	2024-03-11	3	27.5	14.2	19.8	0.0	0.0	42780.81	18.3
Da Lat	2024-03-12	51	26.7	14.4	19.7	0.1	1.0	42785.46	17.3
Da Lat	2024-03-13	51	29.1	13.5	19.7	0.3	2.0	42790.03	17.1
Da Lat	2024-03-14	3	27.3	13.0	19.4	0.0	0.0	42794.15	16.9
Da Lat	2024-03-15	3	27.4	13.1	19.1	0.0	0.0	42797.79	18.5
Da Lat	2024-03-16	3	27.8	12.4	19.3	0.0	0.0	42800.99	19.6
Da Lat	2024-03-17	3	27.9	13.9	19.9	0.0	0.0	42803.8	18.6
Da Lat	2024-03-18	3	27.0	15.5	20.4	0.0	0.0	42806.26	18.7
Da Lat	2024-03-19	3	25.3	15.6	19.5	0.0	0.0	42808.43	24.3
Da Lat	2024-03-20	3	25.7	15.6	19.5	0.0	0.0	42810.35	26.1
Da Lat	2024-03-21	3	26.5	15.3	19.8	0.0	0.0	42812.06	22.5
Da Lat	2024-03-22	3	26.7	14.0	19.3	0.0	0.0	42813.61	18.7
Da Lat	2024-03-23	51	27.6	13.7	19.5	0.2	2.0	42753.8	16.3
Da Lat	2024-03-24	51	27.7	13.3	20.5	0.2	2.0	42816.42	16.6
Da Lat	2024-03-25	51	28.9	16.0	21.0	0.8	5.0	42817.78	15.9
Da Lat	2024-03-26	3	27.0	13.9	19.9	0.0	0.0	42819.16	22.3
Da Lat	2024-03-27	53	27.8	16.9	21.2	1.6	4.0	42820.61	15.4
Da Lat	2024-03-28	51	28.7	14.5	20.9	1.0	6.0	41756.7	10.2
Da Lat	2024-03-29	51	27.1	16.4	20.8	0.2	1.0	37139.86	13.6
Da Lat	2024-03-30	61	26.8	16.1	20.7	3.8	4.0	42825.85	14.8
Da Lat	2024-03-31	63	28.0	14.9	20.4	7.8	4.0	36668.64	7.3
Da Lat	2024-04-01	61	27.4	15.9	20.9	3.4	7.0	42465.98	7.6
Da Lat	2024-04-02	51	28.8	16.0	21.5	0.1	1.0	42833.34	10.1
Da Lat	2024-04-03	51	29.6	15.8	21.8	0.4	2.0	42836.08	8.0
Da Lat	2024-04-04	51	29.8	16.5	22.4	0.1	1.0	42838.75	6.9
Da Lat	2024-04-05	51	29.1	17.9	22.2	0.3	2.0	42841.36	15.4
Da Lat	2024-04-06	3	29.0	14.9	21.3	0.0	0.0	42843.96	14.3
Da Lat	2024-04-07	53	29.9	14.5	21.4	1.5	4.0	42846.56	15.6
Da Lat	2024-04-08	2	30.2	15.0	21.8	0.0	0.0	42849.22	20.3
Da Lat	2024-04-09	3	28.5	13.9	20.7	0.0	0.0	42996.38	17.6
Da Lat	2024-04-10	3	27.8	16.0	20.9	0.0	0.0	42982.0	22.0
Da Lat	2024-04-11	3	28.5	16.9	21.4	0.0	0.0	42967.92	21.3
Da Lat	2024-04-12	53	28.0	15.9	21.1	1.3	3.0	42954.23	18.7
Da Lat	2024-04-13	51	28.5	16.0	21.4	0.3	2.0	42727.2	15.6
Da Lat	2024-04-14	51	29.1	15.0	21.2	0.1	1.0	43165.65	16.9
Da Lat	2024-04-15	3	29.1	14.5	21.2	0.0	0.0	43153.67	17.1
Da Lat	2024-04-16	3	28.4	14.5	21.0	0.0	0.0	43380.32	20.2
Da Lat	2024-04-17	51	28.7	15.7	21.5	0.6	4.0	43131.54	16.0
Da Lat	2024-04-18	61	28.0	15.2	21.1	3.4	6.0	43121.51	10.7
Da Lat	2024-04-19	51	29.3	15.7	21.7	0.2	1.0	43112.31	13.5
Da Lat	2024-04-20	53	28.2	16.6	21.6	1.3	4.0	42896.57	8.7
Da Lat	2024-04-21	53	28.1	17.7	21.7	1.8	7.0	42902.76	9.5
Da Lat	2024-04-22	63	27.3	16.8	21.4	6.5	8.0	43329.75	6.7
Da Lat	2024-04-23	51	28.9	17.3	22.3	0.7	4.0	43564.34	8.7
Da Lat	2024-04-24	51	29.8	18.0	23.2	0.6	2.0	43559.64	12.8
Da Lat	2024-04-25	53	28.6	17.8	22.3	3.2	6.0	42931.23	11.3
Da Lat	2024-04-26	51	28.7	17.4	22.4	0.6	4.0	43792.97	12.1
Da Lat	2024-04-27	51	30.4	18.0	23.6	0.4	2.0	43790.27	11.0
Da Lat	2024-04-28	51	29.8	17.5	23.0	0.9	4.0	44029.91	10.9
Da Lat	2024-04-29	3	30.7	15.4	22.9	0.0	0.0	42964.42	12.5
Da Lat	2024-04-30	51	30.8	16.3	23.4	0.2	2.0	44270.73	12.7
Da Lat	2024-05-01	63	30.2	18.2	23.1	3.3	6.0	42982.82	8.2
Da Lat	2024-05-02	63	29.8	18.0	22.8	6.3	7.0	43786.05	12.8
Da Lat	2024-05-03	53	30.1	16.4	22.1	1.3	4.0	43300.11	15.3
Da Lat	2024-05-04	65	27.5	16.0	20.6	16.9	9.0	32525.78	6.9
Da Lat	2024-05-05	65	26.0	16.7	20.3	13.2	6.0	32501.6	6.9
Da Lat	2024-05-06	3	26.0	15.8	20.1	0.0	0.0	44039.12	12.8
Da Lat	2024-05-07	53	25.0	16.4	20.2	3.7	9.0	44533.25	16.6
Da Lat	2024-05-08	61	26.2	16.2	20.5	4.0	8.0	44538.96	16.5
Da Lat	2024-05-09	63	25.4	17.5	20.5	9.1	7.0	43808.3	16.2
Da Lat	2024-05-10	51	26.3	17.1	20.9	0.1	1.0	44798.56	17.1
Da Lat	2024-05-11	61	25.5	17.2	20.9	3.2	5.0	44806.82	13.2
Da Lat	2024-05-12	51	26.2	16.2	21.0	1.5	8.0	44569.11	12.6
Da Lat	2024-05-13	53	27.4	16.1	20.9	2.3	9.0	44567.6	12.9
Da Lat	2024-05-14	65	26.6	16.7	20.5	17.0	10.0	32400.0	10.7
Da Lat	2024-05-15	63	25.2	16.7	19.9	5.9	7.0	45056.06	15.7
Da Lat	2024-05-16	63	25.0	16.7	20.0	6.2	7.0	29359.01	16.9
Da Lat	2024-05-17	55	25.4	16.5	20.1	3.1	7.0	34550.07	12.5
Da Lat	2024-05-18	65	25.3	16.9	20.0	15.5	8.0	29191.16	9.3
Da Lat	2024-05-19	63	25.6	17.0	20.0	9.7	6.0	34275.22	12.2
Da Lat	2024-05-20	51	24.2	16.3	19.9	0.9	6.0	27188.29	9.9
Da Lat	2024-05-21	63	25.3	17.2	19.9	10.4	8.0	27049.89	9.7
Da Lat	2024-05-22	53	24.6	16.2	20.1	3.9	12.0	42902.83	7.4
Da Lat	2024-05-23	63	24.3	17.2	19.9	6.4	11.0	31355.02	10.1
Da Lat	2024-05-24	53	25.4	15.6	20.3	2.2	10.0	45326.97	7.4
Da Lat	2024-05-25	51	25.9	15.9	20.7	0.8	5.0	44143.42	9.0
Da Lat	2024-05-26	61	25.3	17.2	20.5	5.5	8.0	43892.41	9.0
Da Lat	2024-05-27	53	26.1	17.6	21.3	1.5	9.0	45151.64	10.6
Da Lat	2024-05-28	53	25.9	18.7	21.4	1.8	8.0	38710.41	12.2
Da Lat	2024-05-29	51	24.9	17.8	21.0	1.2	7.0	31067.26	13.1
Da Lat	2024-05-30	55	23.9	18.2	20.3	3.6	11.0	13683.42	18.7
Da Lat	2024-05-31	51	23.6	17.7	20.1	1.6	8.0	37595.02	16.3
Da Lat	2024-06-01	55	24.5	17.1	20.2	1.9	5.0	35540.73	16.1
Da Lat	2024-06-02	63	26.6	17.2	20.8	5.9	6.0	39473.3	9.4
Da Lat	2024-06-03	65	26.3	17.0	20.7	14.8	10.0	43537.17	9.0
Da Lat	2024-06-04	63	26.7	16.0	20.9	6.8	6.0	41532.35	9.3
Da Lat	2024-06-05	63	25.0	17.8	20.5	11.8	6.0	39823.05	9.5
Da Lat	2024-06-06	63	26.0	16.9	20.4	6.2	5.0	41308.48	11.6
Da Lat	2024-06-07	63	24.6	16.8	20.1	12.3	9.0	37876.5	13.3
Da Lat	2024-06-08	65	25.7	17.1	20.1	19.1	7.0	32870.36	8.9
Da Lat	2024-06-09	61	23.4	17.0	19.4	7.5	10.0	27758.13	14.5
Da Lat	2024-06-10	51	22.1	16.6	19.1	1.9	9.0	40958.02	20.0
Da Lat	2024-06-11	3	24.5	16.2	20.0	0.0	0.0	44702.65	19.0
Da Lat	2024-06-12	61	25.8	17.1	20.7	1.7	2.0	43687.97	12.4
Da Lat	2024-06-13	63	26.2	16.5	20.7	8.4	5.0	44969.62	11.4
Da Lat	2024-06-14	65	26.3	16.6	20.5	12.1	5.0	43986.93	9.0
Da Lat	2024-06-15	55	24.9	16.5	20.3	5.5	10.0	44726.57	10.0
Da Lat	2024-06-16	55	25.0	16.4	20.0	3.4	9.0	39718.63	11.7
Da Lat	2024-06-17	51	24.5	16.9	20.0	1.1	6.0	43661.97	13.1
Da Lat	2024-06-18	61	24.9	17.0	20.4	5.3	9.0	43200.0	17.7
Da Lat	2024-06-19	55	25.5	17.9	20.5	3.4	7.0	31413.32	13.4
Da Lat	2024-06-20	63	23.1	17.5	19.8	8.2	13.0	2226.26	12.2
Da Lat	2024-06-21	61	22.0	17.8	19.3	11.4	17.0	4644.65	9.8
Da Lat	2024-06-22	63	22.6	17.1	18.9	11.3	13.0	18225.14	19.0
Da Lat	2024-06-23	55	20.9	17.3	18.5	9.5	24.0	11849.3	26.8
Da Lat	2024-06-24	53	21.8	17.2	18.8	4.4	15.0	19616.39	21.6
Da Lat	2024-06-25	63	23.1	17.1	19.3	6.3	9.0	18767.54	17.6
Da Lat	2024-06-26	65	23.4	16.9	19.3	17.0	8.0	22608.68	8.3
Da Lat	2024-06-27	61	23.2	16.0	19.4	2.8	7.0	43524.08	12.1
Da Lat	2024-06-28	55	23.1	15.8	19.2	4.0	8.0	44042.04	11.9
Da Lat	2024-06-29	53	23.9	15.9	19.5	1.6	6.0	44304.48	17.0
Da Lat	2024-06-30	53	23.3	15.4	19.0	1.2	5.0	44311.6	14.6
Da Lat	2024-07-01	63	25.5	16.2	20.1	11.4	8.0	44063.75	13.0
Da Lat	2024-07-02	65	25.3	15.9	19.4	18.1	8.0	37773.26	8.7
Da Lat	2024-07-03	65	23.8	16.5	19.3	18.5	14.0	34960.11	10.4
Da Lat	2024-07-04	63	23.2	17.0	19.0	12.5	12.0	21015.9	13.6
Da Lat	2024-07-05	65	23.5	16.6	19.4	28.8	9.0	41816.25	11.9
Da Lat	2024-07-06	65	24.7	16.2	19.2	19.1	8.0	34996.02	9.0
Da Lat	2024-07-07	63	23.7	14.8	18.9	9.7	10.0	34346.53	8.5
Da Lat	2024-07-08	53	23.2	16.0	19.4	2.0	5.0	37631.95	10.2
Da Lat	2024-07-09	63	22.8	16.2	19.3	17.3	12.0	33659.49	9.4
Da Lat	2024-07-10	63	23.4	16.7	19.5	13.5	9.0	37108.13	15.6
Da Lat	2024-07-11	63	23.0	16.5	19.2	7.0	6.0	29248.44	20.3
Da Lat	2024-07-12	51	23.1	17.3	19.2	1.3	8.0	21941.31	24.3
Da Lat	2024-07-13	51	22.3	17.5	19.2	1.5	12.0	17773.66	27.6
Da Lat	2024-07-14	61	21.7	17.4	19.1	6.5	19.0	21271.4	25.3
Da Lat	2024-07-15	61	22.6	17.6	19.3	4.9	8.0	26142.74	23.6
Da Lat	2024-07-16	53	23.3	16.3	19.1	4.2	14.0	21567.07	15.6
Da Lat	2024-07-17	61	20.9	17.6	18.6	13.3	24.0	22792.26	27.0
Da Lat	2024-07-18	55	21.7	17.3	18.7	6.4	22.0	14609.75	24.0
Da Lat	2024-07-19	61	21.2	17.5	19.1	4.3	18.0	4300.26	22.4
Da Lat	2024-07-20	63	20.2	17.8	18.6	20.0	21.0	1017.35	24.4
Da Lat	2024-07-21	51	22.7	18.0	19.6	2.0	14.0	27038.25	26.2
Da Lat	2024-07-22	55	22.4	18.2	19.3	4.3	17.0	21115.86	26.1
Da Lat	2024-07-23	63	22.8	17.9	19.2	5.8	14.0	37458.18	28.4
Da Lat	2024-07-24	53	22.4	17.6	19.2	3.8	21.0	34956.53	34.7
Da Lat	2024-07-25	53	22.2	17.3	19.0	6.8	20.0	34749.52	31.7
Da Lat	2024-07-26	63	20.4	17.3	18.5	19.6	24.0	12888.52	30.2
Da Lat	2024-07-27	51	22.9	17.9	19.4	3.1	19.0	32400.0	28.6
Da Lat	2024-07-28	53	21.7	17.7	18.9	3.0	9.0	15258.67	22.2
Da Lat	2024-07-29	53	22.6	17.2	19.1	2.0	10.0	30495.2	25.3
Da Lat	2024-07-30	55	22.7	15.8	18.9	4.0	9.0	31056.44	19.3
Da Lat	2024-07-31	53	23.7	16.7	19.6	0.8	2.0	32428.89	17.1
Da Lat	2024-08-01	61	24.9	17.2	20.2	4.6	9.0	43200.0	12.7
Da Lat	2024-08-02	63	25.2	15.9	19.5	9.4	5.0	37290.51	8.1
Da Lat	2024-08-03	63	25.0	15.8	19.5	6.8	6.0	39041.3	9.5
Da Lat	2024-08-04	65	24.1	15.6	19.2	11.5	10.0	42900.72	9.8
Da Lat	2024-08-05	65	24.4	15.7	18.8	40.3	13.0	42421.05	7.2
Da Lat	2024-08-06	65	24.1	15.4	19.0	17.0	9.0	37005.12	8.7
Da Lat	2024-08-07	61	23.4	16.3	19.4	6.8	12.0	43261.56	10.1
Da Lat	2024-08-08	53	24.6	16.7	19.9	1.3	5.0	43200.0	14.4
Da Lat	2024-08-09	51	25.3	16.5	20.3	0.2	2.0	43200.0	14.0
Da Lat	2024-08-10	61	24.3	18.0	20.4	2.7	6.0	43017.71	17.4
Da Lat	2024-08-11	63	24.7	17.3	20.3	6.1	4.0	43200.0	15.6
Da Lat	2024-08-12	61	23.7	17.6	19.7	3.6	8.0	38916.29	19.6
Da Lat	2024-08-13	63	24.7	16.8	20.3	6.2	5.0	43275.71	15.1
Da Lat	2024-08-14	53	25.2	17.7	20.8	1.4	4.0	43200.0	10.1
Da Lat	2024-08-15	55	25.2	17.1	20.2	3.6	10.0	43279.19	7.6
Da Lat	2024-08-16	61	24.7	16.8	20.1	2.1	5.0	43280.69	9.8
Da Lat	2024-08-17	61	24.2	15.4	19.5	4.7	6.0	43282.08	10.4
Da Lat	2024-08-18	55	24.6	15.9	19.9	2.8	6.0	43200.0	10.1
Da Lat	2024-08-19	53	24.9	16.2	19.9	1.3	4.0	43284.44	10.0
Da Lat	2024-08-20	53	23.9	15.3	19.2	3.0	6.0	43273.8	8.7
Da Lat	2024-08-21	61	24.9	16.1	19.4	3.9	8.0	43121.19	7.6
Da Lat	2024-08-22	53	24.7	15.4	19.7	1.2	6.0	43123.92	11.4
Da Lat	2024-08-23	51	24.4	15.5	19.9	0.9	7.0	43090.39	9.1
Da Lat	2024-08-24	61	24.2	15.9	19.6	3.4	6.0	43056.08	9.2
Da Lat	2024-08-25	61	24.8	15.9	19.6	3.7	9.0	42422.04	8.3
Da Lat	2024-08-26	65	24.1	15.9	18.9	17.9	10.0	29661.63	8.3
Da Lat	2024-08-27	65	23.3	16.4	19.3	22.6	11.0	33373.06	11.3
Da Lat	2024-08-28	63	22.8	16.8	19.1	10.9	9.0	28161.62	18.1
Da Lat	2024-08-29	51	22.8	17.1	19.4	0.6	4.0	31805.16	24.4
Da Lat	2024-08-30	61	23.9	17.5	19.8	4.4	7.0	27011.59	21.5
Da Lat	2024-08-31	63	22.7	16.7	19.3	12.0	13.0	23866.6	15.0
Da Lat	2024-09-01	63	23.1	16.9	19.1	19.2	17.0	33372.2	8.0
Da Lat	2024-09-02	55	23.3	16.6	19.2	4.6	9.0	35697.24	13.6
Da Lat	2024-09-03	63	21.5	17.0	18.6	11.6	15.0	36134.22	22.0
Da Lat	2024-09-04	61	22.3	17.4	18.9	9.4	17.0	34964.16	32.1
Da Lat	2024-09-05	63	23.2	17.9	19.6	14.1	19.0	30728.4	25.9
Da Lat	2024-09-06	61	22.8	17.7	19.5	5.3	18.0	29991.48	27.5
Da Lat	2024-09-07	53	23.2	17.5	19.7	5.7	19.0	35327.51	28.9
Da Lat	2024-09-08	53	24.9	18.3	20.3	2.8	12.0	38236.44	20.4
Da Lat	2024-09-09	65	25.5	17.8	20.0	12.5	8.0	33410.75	10.4
Da Lat	2024-09-10	65	25.5	16.5	19.7	15.7	10.0	33005.1	9.4
Da Lat	2024-09-11	63	25.4	16.4	19.6	11.4	9.0	29876.08	7.3
Da Lat	2024-09-12	63	24.7	16.8	20.0	19.7	9.0	42091.19	9.9
Da Lat	2024-09-13	65	23.7	16.3	19.3	14.1	11.0	33642.81	17.2
Da Lat	2024-09-14	51	21.9	17.8	19.3	2.5	14.0	16939.17	23.4
Da Lat	2024-09-15	63	23.0	17.6	19.2	16.2	20.0	11119.12	21.7
Da Lat	2024-09-16	65	23.7	17.4	19.4	16.1	13.0	20845.44	16.8
Da Lat	2024-09-17	65	22.1	17.7	19.1	26.5	20.0	4746.52	7.6
Da Lat	2024-09-18	55	21.5	17.5	19.0	7.9	17.0	0.0	18.8
Da Lat	2024-09-19	55	21.9	17.7	19.1	6.0	17.0	31809.24	22.0
Da Lat	2024-09-20	63	21.5	17.9	18.8	18.3	24.0	17299.18	30.1
Da Lat	2024-09-21	63	21.3	17.7	18.6	33.4	24.0	17516.41	25.2
Da Lat	2024-09-22	61	19.6	17.3	18.0	9.2	18.0	0.0	19.9
Da Lat	2024-09-23	51	22.2	16.4	18.8	0.6	5.0	25957.53	10.5
Da Lat	2024-09-24	53	24.2	16.0	19.1	1.3	4.0	25178.06	10.1
Da Lat	2024-09-25	61	23.5	14.2	18.4	2.5	6.0	41556.56	11.3
Da Lat	2024-09-26	63	23.2	15.4	18.5	21.2	10.0	34185.19	12.8
Da Lat	2024-09-27	53	23.2	15.8	18.6	2.3	8.0	40892.58	12.1
Da Lat	2024-09-28	55	25.1	14.6	19.4	1.9	5.0	41440.58	10.0
Da Lat	2024-09-29	65	24.2	16.1	19.0	26.0	10.0	33334.36	7.9
Da Lat	2024-09-30	65	24.1	15.8	19.1	14.7	8.0	40776.29	11.8
Da Lat	2024-10-01	55	23.9	15.3	19.3	3.1	8.0	40031.28	9.2
Da Lat	2024-10-02	65	24.0	15.8	19.0	18.7	9.0	40346.81	9.4
Da Lat	2024-10-03	63	24.1	15.0	18.8	9.0	7.0	27609.63	13.4
Da Lat	2024-10-04	61	23.2	16.7	19.2	4.4	6.0	40090.67	16.9
Da Lat	2024-10-05	63	23.4	15.5	18.7	9.2	9.0	34986.75	14.1
Da Lat	2024-10-06	65	23.4	16.6	18.8	12.3	8.0	29881.91	12.1
Da Lat	2024-10-07	65	24.0	15.6	18.5	20.6	8.0	25870.6	12.7
Da Lat	2024-10-08	65	23.5	15.4	18.6	17.8	10.0	28760.74	13.2
Da Lat	2024-10-09	63	23.3	16.0	18.9	8.7	7.0	39010.54	15.6
Da Lat	2024-10-10	51	24.0	15.5	19.3	0.2	2.0	39600.0	16.8
Da Lat	2024-10-11	63	22.8	16.0	18.9	10.7	9.0	33858.35	12.0
Da Lat	2024-10-12	63	21.9	16.8	18.9	13.8	9.0	21876.42	13.7
Da Lat	2024-10-13	53	24.4	17.3	19.8	2.0	5.0	38766.85	19.9
Da Lat	2024-10-14	65	25.2	15.8	19.3	17.1	7.0	36082.61	11.1
Da Lat	2024-10-15	65	23.6	16.1	18.7	20.7	14.0	19222.09	9.6
Da Lat	2024-10-16	63	23.3	16.4	18.8	12.6	13.0	31778.63	9.1
Da Lat	2024-10-17	65	22.4	16.2	18.4	15.6	13.0	18060.13	9.1
Da Lat	2024-10-18	53	22.2	15.9	18.4	2.0	7.0	35556.78	10.0
Da Lat	2024-10-19	63	22.1	15.0	18.1	9.9	7.0	36000.0	15.7
Da Lat	2024-10-20	63	23.5	14.6	18.8	8.6	12.0	36135.37	7.8
Da Lat	2024-10-21	63	24.0	16.4	19.1	7.0	9.0	33681.26	8.5
Da Lat	2024-10-22	55	21.5	16.0	18.5	4.8	12.0	679.75	20.2
Da Lat	2024-10-23	51	22.9	15.8	18.9	1.0	5.0	33172.07	22.3
Da Lat	2024-10-24	51	24.7	15.4	19.2	0.2	2.0	38913.96	15.7
Da Lat	2024-10-25	3	24.5	15.9	19.4	0.0	0.0	39368.85	13.9
Da Lat	2024-10-26	3	20.6	14.9	17.1	0.0	0.0	23996.59	22.4
Da Lat	2024-10-27	63	18.3	15.0	16.8	18.1	21.0	0.0	29.0
Da Lat	2024-10-28	61	19.8	16.7	17.4	10.3	19.0	14932.77	24.4
Da Lat	2024-10-29	53	20.4	16.4	17.7	3.2	15.0	17467.49	23.9
Da Lat	2024-10-30	53	22.7	16.1	18.5	1.3	5.0	35457.26	20.7
Da Lat	2024-10-31	51	24.2	16.1	19.2	0.4	3.0	36849.4	15.8
Da Lat	2024-11-01	65	22.8	16.0	18.4	50.0	13.0	17172.0	9.1
Da Lat	2024-11-02	65	22.1	14.8	18.0	38.8	18.0	28977.12	14.9
Da Lat	2024-11-03	63	23.6	15.8	18.5	6.8	14.0	37278.53	10.8
Da Lat	2024-11-04	51	22.0	15.7	18.2	0.9	6.0	39600.0	20.2
Da Lat	2024-11-05	61	22.5	15.5	18.4	4.9	6.0	36905.58	15.2
Da Lat	2024-11-06	53	23.1	16.6	18.9	2.1	8.0	39600.0	19.4
Da Lat	2024-11-07	53	21.8	17.1	18.5	0.5	1.0	32400.0	28.4
Da Lat	2024-11-08	53	21.5	16.8	18.7	1.2	4.0	20392.42	27.1
Da Lat	2024-11-09	3	23.0	15.9	18.7	0.0	0.0	39600.0	15.2
Da Lat	2024-11-10	53	23.8	15.3	18.7	1.5	4.0	39600.0	8.7
Da Lat	2024-11-11	51	24.4	13.4	18.1	1.3	6.0	39600.0	11.1
Da Lat	2024-11-12	53	23.6	14.2	18.3	4.5	7.0	39600.0	12.0
Da Lat	2024-11-13	51	23.5	16.4	19.0	0.7	6.0	39600.0	11.2
Da Lat	2024-11-14	51	25.1	14.1	19.1	0.5	3.0	39600.0	9.5
Da Lat	2024-11-15	51	25.8	13.2	18.6	0.7	4.0	39600.0	10.1
Da Lat	2024-11-16	53	25.4	13.5	18.7	1.4	4.0	39600.0	10.7
Da Lat	2024-11-17	3	26.1	14.6	18.8	0.0	0.0	39600.0	14.5
Da Lat	2024-11-18	3	24.5	14.7	18.7	0.0	0.0	39600.0	19.1
Da Lat	2024-11-19	53	24.2	16.2	19.2	0.7	2.0	39600.0	20.2
Da Lat	2024-11-20	3	24.6	16.3	19.7	0.0	0.0	39600.0	20.1
Da Lat	2024-11-21	51	23.9	17.3	19.6	0.1	1.0	38491.0	22.9
Da Lat	2024-11-22	3	24.1	16.9	19.4	0.0	0.0	37255.01	24.6
Da Lat	2024-11-23	3	23.9	16.7	19.2	0.0	0.0	39600.0	26.1
Da Lat	2024-11-24	53	24.3	16.6	19.6	0.6	2.0	36945.2	24.7
Da Lat	2024-11-25	3	23.6	15.9	18.9	0.0	0.0	39600.0	20.1
Da Lat	2024-11-26	3	23.5	16.8	19.1	0.0	0.0	39600.0	26.7
Da Lat	2024-11-27	51	22.5	17.0	19.0	0.2	2.0	39600.0	36.1
Da Lat	2024-11-28	3	21.7	15.5	18.2	0.0	0.0	37930.85	31.7
Da Lat	2024-11-29	3	22.1	14.8	17.2	0.0	0.0	35015.99	32.5
Da Lat	2024-11-30	51	24.0	15.0	18.4	1.4	7.0	28800.0	19.0
Da Lat	2024-12-01	53	23.9	16.5	19.1	2.2	6.0	21090.72	17.0
Da Lat	2024-12-02	3	23.0	15.7	18.8	0.0	0.0	18143.71	16.8
Da Lat	2024-12-03	61	23.5	16.9	18.8	3.7	5.0	19298.02	19.6
Da Lat	2024-12-04	53	22.6	17.3	19.3	0.7	2.0	32321.55	22.1
Da Lat	2024-12-05	3	22.7	17.7	19.4	0.0	0.0	26893.69	24.2
Da Lat	2024-12-06	53	23.7	17.6	19.7	1.9	5.0	38442.36	23.0
Da Lat	2024-12-07	51	22.5	17.2	19.1	0.1	1.0	20055.19	23.8
Da Lat	2024-12-08	3	23.3	16.5	18.9	0.0	0.0	35483.17	26.3
Da Lat	2024-12-09	3	22.0	17.0	18.6	0.0	0.0	25203.5	32.0
Da Lat	2024-12-10	63	19.9	16.7	17.8	12.3	14.0	0.0	23.6
Da Lat	2024-12-11	63	21.5	17.2	18.6	10.9	19.0	3483.62	26.0
Da Lat	2024-12-12	53	19.6	17.8	18.5	4.2	12.0	0.0	26.0
Da Lat	2024-12-13	61	21.2	17.6	18.7	11.4	23.0	20130.34	26.0
Da Lat	2024-12-14	63	21.2	17.0	18.3	10.5	15.0	32129.23	33.1
Da Lat	2024-12-15	63	18.4	15.6	17.0	32.2	24.0	0.0	28.9
Da Lat	2024-12-16	3	19.6	15.2	16.8	0.0	0.0	3049.89	29.2
Da Lat	2024-12-17	3	23.7	15.1	18.3	0.0	0.0	39415.06	21.3
Da Lat	2024-12-18	3	23.3	15.5	18.1	0.0	0.0	39385.72	23.6
Da Lat	2024-12-19	3	23.2	14.4	17.7	0.0	0.0	38214.76	25.3
Da Lat	2024-12-20	3	23.7	12.6	16.8	0.0	0.0	39327.51	16.5
Da Lat	2024-12-21	3	23.3	11.3	16.2	0.0	0.0	37206.43	17.2
Da Lat	2024-12-22	51	21.5	11.6	15.8	0.4	4.0	12138.7	18.8
Da Lat	2024-12-23	3	20.0	15.2	17.0	0.0	0.0	31838.69	25.1
Da Lat	2024-12-24	53	17.5	15.4	16.2	2.3	9.0	0.0	31.2
Da Lat	2024-12-25	63	21.8	15.7	18.5	12.2	5.0	26819.04	29.2
Da Lat	2024-12-26	53	22.5	17.2	19.0	1.5	5.0	26932.04	27.9
Da Lat	2024-12-27	61	21.1	16.9	18.1	3.8	7.0	10576.61	26.8
Da Lat	2024-12-28	3	22.3	15.6	18.2	0.0	0.0	39098.1	33.5
Da Lat	2024-12-29	3	22.0	14.1	17.1	0.0	0.0	37310.04	27.9
Da Lat	2024-12-30	51	24.8	13.5	18.1	0.1	1.0	39045.07	15.9
Da Lat	2024-12-31	51	20.1	15.0	16.9	0.1	1.0	2048.44	19.9
Da Lat	2025-01-01	53	23.8	15.4	18.3	2.3	8.0	30221.01	17.3
Da Lat	2025-01-02	53	23.7	15.1	18.7	1.4	4.0	33680.32	24.6
Da Lat	2025-01-03	3	18.4	15.0	16.8	0.0	0.0	2164.32	25.9
Da Lat	2025-01-04	3	23.9	14.3	17.7	0.0	0.0	40034.02	22.5
Da Lat	2025-01-05	3	24.0	12.4	16.9	0.0	0.0	40779.48	14.8
Da Lat	2025-01-06	3	23.7	11.0	16.3	0.0	0.0	40742.28	13.2
Da Lat	2025-01-07	51	23.4	12.2	16.9	0.4	3.0	39939.69	10.3
Da Lat	2025-01-08	3	22.9	11.6	16.8	0.0	0.0	40838.83	14.2
Da Lat	2025-01-09	3	24.6	13.2	17.6	0.0	0.0	40637.17	17.9
Da Lat	2025-01-10	3	20.6	13.1	15.7	0.0	0.0	38419.22	27.1
Da Lat	2025-01-11	3	18.6	12.6	14.9	0.0	0.0	36616.55	32.3
Da Lat	2025-01-12	3	21.9	11.6	15.0	0.0	0.0	36898.88	29.6
Da Lat	2025-01-13	3	23.5	11.9	16.9	0.0	0.0	40929.4	14.9
Da Lat	2025-01-14	51	23.1	15.3	18.4	0.8	6.0	27656.37	26.4
Da Lat	2025-01-15	3	20.6	16.8	18.2	0.0	0.0	19584.64	26.3
Da Lat	2025-01-16	3	21.1	14.1	17.2	0.0	0.0	37306.7	31.2
Da Lat	2025-01-17	3	22.5	13.2	16.4	0.0	0.0	40452.06	27.1
Da Lat	2025-01-18	3	23.2	13.2	17.2	0.0	0.0	40966.41	14.4
Da Lat	2025-01-19	3	23.3	11.7	16.9	0.0	0.0	41063.76	12.0
Da Lat	2025-01-20	3	23.2	10.9	16.4	0.0	0.0	41088.39	11.9
Da Lat	2025-01-21	3	23.9	10.5	16.6	0.0	0.0	41113.56	13.3
Da Lat	2025-01-22	3	24.6	12.5	17.7	0.0	0.0	41139.24	10.4
Da Lat	2025-01-23	3	24.8	12.4	17.7	0.0	0.0	41165.41	12.0
Da Lat	2025-01-24	3	25.3	12.5	18.0	0.0	0.0	41192.01	13.0
Da Lat	2025-01-25	3	24.7	13.3	18.5	0.0	0.0	38948.02	11.3
Da Lat	2025-01-26	3	24.6	13.2	17.9	0.0	0.0	41246.44	20.2
Da Lat	2025-01-27	3	21.9	12.5	15.8	0.0	0.0	39957.17	22.5
Da Lat	2025-01-28	3	23.2	10.9	15.7	0.0	0.0	41302.75	16.8
Da Lat	2025-01-29	3	21.4	10.7	14.8	0.0	0.0	39995.35	19.6
Da Lat	2025-01-30	3	23.0	11.3	15.7	0.0	0.0	37382.66	16.3
Da Lat	2025-01-31	3	24.0	10.3	16.6	0.0	0.0	38726.72	11.2
Da Lat	2025-02-01	3	25.9	11.7	17.8	0.0	0.0	41423.8	11.2
Da Lat	2025-02-02	3	25.2	12.1	18.2	0.0	0.0	40101.98	12.1
Da Lat	2025-02-03	2	26.1	14.1	18.8	0.0	0.0	41487.92	19.1
Da Lat	2025-02-04	3	22.6	13.2	16.5	0.0	0.0	41520.74	25.7
Da Lat	2025-02-05	3	24.3	10.7	16.5	0.0	0.0	41554.01	15.1
Da Lat	2025-02-06	3	24.0	10.3	16.6	0.0	0.0	41587.68	11.4
Da Lat	2025-02-07	3	24.6	13.0	17.6	0.0	0.0	40085.1	16.4
Da Lat	2025-02-08	3	22.7	12.6	16.3	0.0	0.0	36780.34	22.9
Da Lat	2025-02-09	3	19.0	12.1	14.8	0.0	0.0	30804.07	26.1
Da Lat	2025-02-10	3	23.0	13.7	17.5	0.0	0.0	26323.5	21.5
Da Lat	2025-02-11	65	24.2	15.3	18.2	13.8	10.0	30021.24	14.1
Da Lat	2025-02-12	63	24.4	13.6	18.2	6.8	8.0	39506.08	11.5
Da Lat	2025-02-13	53	23.6	14.0	18.5	3.4	10.0	41831.8	8.9
Da Lat	2025-02-14	61	26.3	13.9	18.7	4.5	5.0	41867.43	12.8
Da Lat	2025-02-15	61	24.3	15.2	18.7	4.5	10.0	38939.86	15.2
Da Lat	2025-02-16	51	23.4	14.1	18.1	1.2	6.0	41938.89	14.7
Da Lat	2025-02-17	51	24.9	14.8	18.6	0.6	3.0	41974.84	15.9
Da Lat	2025-02-18	61	23.6	14.3	18.3	2.7	8.0	42011.26	14.3
Da Lat	2025-02-19	53	22.7	15.5	17.9	2.4	7.0	38029.86	20.1
Da Lat	2025-02-20	55	23.9	14.5	18.2	2.5	5.0	41141.08	16.5
Da Lat	2025-02-21	51	23.7	15.9	18.6	0.1	1.0	32676.08	22.0
Da Lat	2025-02-22	51	21.9	15.9	18.3	0.2	2.0	30560.98	27.3
Da Lat	2025-02-23	61	19.8	16.5	17.5	6.5	15.0	617.56	26.0
Da Lat	2025-02-24	55	21.0	16.1	17.8	3.2	13.0	34144.36	32.7
Da Lat	2025-02-25	51	22.8	15.9	18.2	0.1	1.0	35050.91	29.0
Da Lat	2025-02-26	61	23.0	15.1	18.1	2.0	4.0	37501.29	21.0
Da Lat	2025-02-27	51	24.9	15.1	19.0	0.3	2.0	42354.28	17.6
Da Lat	2025-02-28	51	25.4	14.3	18.9	0.9	5.0	42393.46	11.6
Da Lat	2025-03-01	53	26.7	15.4	19.7	1.4	4.0	42432.75	10.6
Da Lat	2025-03-02	3	24.1	12.7	18.1	0.0	0.0	42472.1	13.5
Da Lat	2025-03-03	51	26.6	14.4	19.9	0.3	2.0	42511.48	11.0
Da Lat	2025-03-04	53	25.7	14.6	19.6	3.5	9.0	41869.56	9.2
Da Lat	2025-03-05	63	26.4	13.6	19.5	5.7	8.0	42590.23	8.4
Da Lat	2025-03-06	3	24.8	15.3	19.2	0.0	0.0	42629.53	17.2
Da Lat	2025-03-07	53	24.7	15.9	19.3	1.2	5.0	42668.74	25.8
Da Lat	2025-03-08	3	26.0	16.0	19.6	0.0	0.0	41896.1	22.2
Da Lat	2025-03-09	61	20.7	16.7	18.1	4.4	12.0	1508.07	31.8
Da Lat	2025-03-10	51	24.0	16.5	19.4	0.3	3.0	42558.4	27.6
Da Lat	2025-03-11	3	24.5	16.0	19.3	0.0	0.0	37540.86	23.3
Da Lat	2025-03-12	53	24.9	15.2	19.2	3.1	6.0	42786.4	14.3
Da Lat	2025-03-13	3	25.0	14.5	19.0	0.0	0.0	42720.04	14.8
Da Lat	2025-03-14	3	26.0	14.0	19.4	0.0	0.0	42793.17	15.9
Da Lat	2025-03-15	51	27.3	14.6	20.4	0.3	2.0	42796.03	15.1
Da Lat	2025-03-16	53	26.2	15.6	20.0	1.1	4.0	42798.6	15.1
Da Lat	2025-03-17	55	24.4	15.3	19.1	2.7	6.0	40589.15	18.8
Da Lat	2025-03-18	3	25.0	15.8	19.2	0.0	0.0	42803.03	24.0
Da Lat	2025-03-19	3	23.6	14.9	17.8	0.0	0.0	38894.81	35.8
Da Lat	2025-03-20	3	22.5	13.9	17.2	0.0	0.0	34893.17	22.9
Da Lat	2025-03-21	3	26.6	14.2	18.8	0.0	0.0	42808.66	20.5
Da Lat	2025-03-22	3	26.6	13.5	18.8	0.0	0.0	40752.75	16.9
Da Lat	2025-03-23	51	26.0	13.2	18.7	0.2	2.0	42812.27	12.7
Da Lat	2025-03-24	51	27.6	12.8	19.8	0.2	2.0	42814.17	12.4
Da Lat	2025-03-25	3	26.8	13.3	19.7	0.0	0.0	42816.19	11.9
Da Lat	2025-03-26	2	27.1	12.9	19.6	0.0	0.0	42818.39	14.2
Da Lat	2025-03-27	3	27.4	15.4	20.7	0.0	0.0	42820.8	14.1
Da Lat	2025-03-28	51	26.8	15.7	20.5	0.5	3.0	42823.42	11.2
Da Lat	2025-03-29	51	26.6	14.7	19.9	0.7	5.0	42825.89	14.0
Da Lat	2025-03-30	51	26.1	15.8	19.9	1.6	8.0	34227.65	18.3
Da Lat	2025-03-31	63	24.3	17.5	19.9	8.8	9.0	30499.99	23.0
Da Lat	2025-04-01	51	24.0	17.5	19.7	0.7	3.0	31045.13	26.2
Da Lat	2025-04-02	51	22.9	16.7	18.9	0.3	2.0	25695.39	28.7
Da Lat	2025-04-03	51	26.1	15.5	19.7	0.1	1.0	42836.01	19.7
Da Lat	2025-04-04	3	25.6	14.9	19.7	0.0	0.0	42837.87	15.6
Da Lat	2025-04-05	53	27.1	13.9	20.2	3.1	6.0	42839.76	10.3
Da Lat	2025-04-06	51	26.5	15.1	20.1	0.2	2.0	42841.73	16.6
Da Lat	2025-04-07	3	26.4	14.6	20.0	0.0	0.0	42843.81	17.3
Da Lat	2025-04-08	51	25.9	16.0	20.1	0.5	2.0	42846.04	14.6
Da Lat	2025-04-09	53	27.2	15.9	20.3	1.4	5.0	42848.46	11.6
Da Lat	2025-04-10	53	27.5	15.1	20.2	1.0	3.0	36350.69	9.7
Da Lat	2025-04-11	63	26.7	15.6	20.2	7.3	4.0	41772.52	10.5
Da Lat	2025-04-12	53	26.8	14.5	20.4	1.7	8.0	42857.22	10.6
Da Lat	2025-04-13	63	25.4	16.8	20.2	13.5	5.0	42860.77	16.7
Da Lat	2025-04-14	63	26.0	15.8	19.8	11.1	6.0	40411.68	11.2
Da Lat	2025-04-15	51	26.2	15.9	20.1	0.6	4.0	42869.03	14.9
Da Lat	2025-04-16	53	26.1	15.5	20.1	2.3	11.0	42905.2	7.3
Da Lat	2025-04-17	55	25.4	16.3	20.2	2.8	9.0	39838.5	8.2
Da Lat	2025-04-18	51	27.3	16.0	20.9	0.2	2.0	42884.52	9.5
Da Lat	2025-04-19	51	27.1	16.0	20.6	0.2	2.0	42890.2	11.8
Da Lat	2025-04-20	3	27.3	14.7	20.2	0.0	0.0	43347.46	14.0
Da Lat	2025-04-21	53	26.0	14.6	19.6	1.3	5.0	43340.08	14.5
Da Lat	2025-04-22	51	26.5	15.3	20.0	0.5	2.0	43572.91	13.2
Da Lat	2025-04-23	61	26.8	14.6	19.8	3.3	7.0	43566.8	8.9
Da Lat	2025-04-24	61	27.1	15.8	20.2	2.6	6.0	43561.23	10.3
Da Lat	2025-04-25	65	25.3	16.4	19.6	18.2	7.0	42383.63	10.6
Da Lat	2025-04-26	63	25.3	16.2	19.6	6.7	6.0	43792.77	10.8
Da Lat	2025-04-27	3	25.6	14.0	19.3	0.0	0.0	44030.62	13.2
Da Lat	2025-04-28	3	26.2	14.2	19.7	0.0	0.0	44028.1	14.1
Da Lat	2025-04-29	3	26.2	13.5	19.4	0.0	0.0	44268.33	12.0
Da Lat	2025-04-30	53	26.1	14.7	20.0	1.2	3.0	44267.51	14.4
Da Lat	2025-05-01	65	24.0	16.3	19.4	15.4	7.0	39092.77	14.4
Da Lat	2025-05-02	63	24.4	15.9	19.1	8.8	7.0	44025.13	14.9
Da Lat	2025-05-03	63	24.0	15.6	19.5	10.3	8.0	43618.17	11.7
Da Lat	2025-05-04	53	25.2	15.4	19.2	2.3	6.0	43540.6	14.0
Da Lat	2025-05-05	53	25.3	14.9	19.2	1.6	5.0	44030.94	10.6
Da Lat	2025-05-06	61	25.4	15.3	20.0	3.3	7.0	43301.03	9.4
Da Lat	2025-05-07	55	25.4	17.0	20.4	2.3	5.0	32480.06	12.7
Da Lat	2025-05-08	63	25.7	15.5	20.3	5.3	6.0	43554.01	9.0
Da Lat	2025-05-09	63	26.7	16.7	20.6	12.5	4.0	42173.03	8.4
Da Lat	2025-05-10	63	25.9	16.3	20.1	12.6	7.0	37712.46	7.8
Da Lat	2025-05-11	53	25.9	16.7	20.1	3.2	11.0	37995.76	10.8
Da Lat	2025-05-12	65	25.1	15.6	19.1	18.5	10.0	29580.19	10.4
Da Lat	2025-05-13	63	25.2	16.5	19.7	6.8	8.0	34969.99	10.9
Da Lat	2025-05-14	61	25.5	16.2	19.9	4.4	6.0	35048.35	12.1
Da Lat	2025-05-15	51	24.8	15.8	19.8	1.1	5.0	43680.3	13.6
Da Lat	2025-05-16	63	24.7	16.0	19.6	6.3	6.0	43619.93	14.7
Da Lat	2025-05-17	63	23.5	15.9	19.2	9.7	6.0	34634.99	13.9
Da Lat	2025-05-18	61	24.9	15.8	20.1	3.4	8.0	44389.46	12.6
Da Lat	2025-05-19	61	24.0	16.3	19.8	4.5	10.0	39277.83	12.4
Da Lat	2025-05-20	61	25.3	15.6	19.7	5.4	7.0	40047.42	9.5
Da Lat	2025-05-21	65	25.1	15.9	19.6	12.7	12.0	34781.61	9.2
Da Lat	2025-05-22	65	23.5	16.6	19.3	21.1	12.0	29269.28	9.0
Da Lat	2025-05-23	61	23.7	15.7	19.0	8.6	11.0	40565.21	9.8
Da Lat	2025-05-24	53	23.3	16.4	19.2	2.7	10.0	42814.44	13.8
Da Lat	2025-05-25	61	23.5	16.2	19.0	5.2	8.0	41224.92	12.8
Da Lat	2025-05-26	53	24.8	15.3	19.7	2.9	9.0	43755.58	10.3
Da Lat	2025-05-27	63	25.9	15.9	19.7	18.2	9.0	39025.72	11.1
Da Lat	2025-05-28	65	25.9	16.7	19.5	27.6	16.0	21787.55	8.9
Da Lat	2025-05-29	61	24.3	17.6	19.7	9.7	15.0	32719.11	12.6
Da Lat	2025-05-30	53	24.2	16.6	20.1	2.2	9.0	39428.69	18.5
Da Lat	2025-05-31	55	24.2	16.6	19.6	1.6	5.0	35245.6	22.1
Da Lat	2025-06-01	51	24.8	17.4	20.1	0.1	1.0	43124.48	24.9
Da Lat	2025-06-02	51	23.3	18.0	19.9	1.1	10.0	31490.67	26.4
Da Lat	2025-06-03	61	23.8	18.1	20.4	1.8	4.0	43200.0	24.6
Da Lat	2025-06-04	63	25.7	17.2	20.4	9.2	7.0	40306.41	13.5
Da Lat	2025-06-05	63	25.8	15.4	19.9	9.2	7.0	42286.71	11.8
Da Lat	2025-06-06	63	24.6	17.2	19.7	12.7	12.0	32785.11	12.7
Da Lat	2025-06-07	65	25.6	16.3	19.4	23.1	9.0	38237.14	10.6
Da Lat	2025-06-08	63	23.5	16.4	19.4	8.6	7.0	22659.35	16.2
Da Lat	2025-06-09	65	23.5	16.2	19.3	18.3	11.0	35951.82	16.1
Da Lat	2025-06-10	61	23.2	17.3	19.6	4.8	11.0	29408.05	19.0
Da Lat	2025-06-11	61	20.9	17.2	18.4	11.6	20.0	200.29	29.8
Da Lat	2025-06-12	51	20.4	16.1	18.0	4.6	22.0	1242.25	35.9
Da Lat	2025-06-13	53	22.4	17.1	18.7	7.1	22.0	30966.04	34.9
Da Lat	2025-06-14	51	24.0	16.9	19.8	0.8	6.0	43200.0	25.2
Da Lat	2025-06-15	63	26.1	17.5	20.8	7.7	6.0	39202.77	9.2
Da Lat	2025-06-16	63	26.6	16.9	20.5	5.3	5.0	43707.18	9.7
Da Lat	2025-06-17	53	26.0	15.3	20.4	2.9	7.0	43967.99	8.2
Da Lat	2025-06-18	65	25.1	16.1	19.3	29.3	9.0	35499.74	11.0
Da Lat	2025-06-19	53	24.7	15.5	19.6	1.8	8.0	36039.18	10.1
Da Lat	2025-06-20	65	24.5	15.6	19.3	25.0	9.0	42287.39	7.5
Da Lat	2025-06-21	65	24.9	14.8	18.7	20.6	11.0	36717.2	8.0
Da Lat	2025-06-22	53	23.3	16.4	18.7	2.9	9.0	29990.64	16.8
Da Lat	2025-06-23	51	24.4	16.0	19.5	0.4	3.0	40022.9	18.7
Da Lat	2025-06-24	55	25.5	16.9	20.3	3.0	8.0	36580.93	13.6
Da Lat	2025-06-25	65	24.2	16.6	19.4	18.1	8.0	29364.71	13.9
Da Lat	2025-06-26	61	24.3	16.4	19.3	3.4	8.0	36794.64	14.2
Da Lat	2025-06-27	53	23.2	16.5	19.3	2.4	7.0	37609.21	19.5
Da Lat	2025-06-28	51	22.9	16.7	19.2	1.4	8.0	43200.0	21.4
Da Lat	2025-06-29	3	24.3	16.6	19.5	0.0	0.0	37706.81	22.9
Da Lat	2025-06-30	63	23.9	16.9	19.8	7.6	6.0	40142.82	20.6
Da Lat	2025-07-01	65	24.6	16.2	19.6	20.2	10.0	35261.89	8.8
Da Lat	2025-07-02	63	24.7	16.8	19.4	12.1	10.0	32619.89	11.4
Da Lat	2025-07-03	53	23.8	17.0	19.6	1.0	2.0	27426.37	20.5
Da Lat	2025-07-04	55	23.6	16.6	19.7	1.3	3.0	42722.03	19.3
Da Lat	2025-07-05	53	24.3	17.3	20.1	1.5	5.0	43200.0	19.9
Da Lat	2025-07-06	53	23.7	17.7	20.0	1.1	4.0	30883.0	18.8
Da Lat	2025-07-07	61	24.6	17.2	19.8	5.7	10.0	38638.2	17.9
Da Lat	2025-07-08	61	23.0	17.5	19.8	3.8	9.0	39571.8	19.3
Da Lat	2025-07-09	63	23.3	17.9	19.9	3.9	6.0	40144.2	22.0
Da Lat	2025-07-10	51	23.3	17.6	19.8	2.0	10.0	39778.88	30.4
Da Lat	2025-07-11	51	24.0	17.7	19.8	2.2	15.0	37081.22	25.6
Da Lat	2025-07-12	63	24.5	17.2	19.8	13.4	10.0	37588.34	16.2
Da Lat	2025-07-13	65	25.0	17.0	19.6	14.4	9.0	39958.05	9.9
Da Lat	2025-07-14	63	26.2	17.0	19.9	11.9	8.0	37770.13	14.0
Da Lat	2025-07-15	63	23.4	17.7	19.7	8.5	13.0	43200.0	18.2
Da Lat	2025-07-16	55	23.2	17.4	19.6	2.8	8.0	41198.65	22.5
Da Lat	2025-07-17	55	23.7	16.8	19.3	3.3	7.0	39436.43	22.7
Da Lat	2025-07-18	51	22.8	17.3	19.3	0.8	8.0	17609.68	27.5
Da Lat	2025-07-19	51	21.9	17.4	19.2	1.3	7.0	31623.51	36.4
Da Lat	2025-07-20	55	21.4	17.4	18.6	4.3	15.0	36519.88	38.4
Da Lat	2025-07-21	61	20.4	17.2	18.2	11.8	24.0	17766.51	39.3
Da Lat	2025-07-22	53	21.9	17.0	18.6	7.7	24.0	35525.7	38.3
Da Lat	2025-07-23	55	22.8	17.7	19.4	7.6	22.0	38119.24	29.6
Da Lat	2025-07-24	61	22.5	17.8	19.4	6.0	21.0	26726.84	31.2
Da Lat	2025-07-25	55	22.5	17.5	19.7	3.8	8.0	7200.0	32.1
Da Lat	2025-07-26	63	22.8	17.8	19.4	11.3	18.0	30016.71	29.0
Da Lat	2025-07-27	53	23.3	17.5	19.5	1.9	12.0	32677.09	27.7
Da Lat	2025-07-28	53	23.8	17.7	19.3	5.5	19.0	33074.78	24.6
Da Lat	2025-07-29	61	22.6	17.8	19.3	11.3	24.0	34118.54	24.3
Da Lat	2025-07-30	51	24.0	18.3	20.3	1.5	12.0	39163.21	32.2
Da Lat	2025-07-31	53	24.3	17.8	20.1	2.7	16.0	39600.0	30.1
Da Lat	2025-08-01	51	25.6	18.2	21.0	0.8	7.0	40864.9	23.3
Da Lat	2025-08-02	51	24.6	18.3	21.0	0.8	6.0	40870.27	16.7
Da Lat	2025-08-03	3	25.9	18.3	21.1	0.0	0.0	39600.0	18.9
Da Lat	2025-08-04	53	25.5	17.1	20.8	1.3	5.0	43200.0	14.6
Da Lat	2025-08-05	61	24.8	17.5	20.1	4.3	7.0	39604.26	11.2
Da Lat	2025-08-06	61	25.1	16.6	20.0	5.7	12.0	43200.0	11.5
Da Lat	2025-08-07	63	24.6	16.5	19.7	11.3	10.0	39600.0	9.2
Da Lat	2025-08-08	65	25.4	15.3	19.3	18.3	8.0	43507.98	6.7
Da Lat	2025-08-09	61	25.1	16.6	19.4	4.4	7.0	30991.92	12.2
Da Lat	2025-08-10	51	25.2	15.7	19.7	1.9	9.0	42457.55	10.3
Da Lat	2025-08-11	53	25.7	16.4	19.8	3.7	8.0	43200.0	12.2
Da Lat	2025-08-12	65	25.3	15.8	19.5	18.5	11.0	42195.23	8.6
Da Lat	2025-08-13	63	25.1	16.0	19.1	14.7	13.0	30088.17	12.9
Da Lat	2025-08-14	65	25.4	16.0	19.1	27.3	11.0	40447.1	8.8
Da Lat	2025-08-15	63	24.5	15.2	19.1	6.5	10.0	35148.82	10.0
Da Lat	2025-08-16	63	22.6	15.8	18.5	17.6	14.0	27676.14	12.6
Da Lat	2025-08-17	65	22.7	17.1	18.8	24.6	18.0	29679.15	22.7
Da Lat	2025-08-18	53	24.0	16.6	19.5	1.7	6.0	42588.14	20.4
Da Lat	2025-08-19	61	24.5	16.2	19.5	5.3	14.0	41341.06	9.8
Da Lat	2025-08-20	63	24.3	15.2	19.1	7.8	6.0	41875.72	11.4
Da Lat	2025-08-21	61	19.8	16.2	17.5	11.8	12.0	11063.34	8.1
Da Lat	2025-08-22	51	22.6	15.5	18.5	0.7	7.0	35741.33	20.5
Da Lat	2025-08-23	63	22.6	15.9	18.7	8.2	8.0	35142.0	18.9
Da Lat	2025-08-24	53	22.6	17.2	18.8	2.7	12.0	25601.37	22.4
Da Lat	2025-08-25	53	20.9	16.7	18.0	6.5	18.0	23399.25	26.3
Da Lat	2025-08-26	53	22.2	15.5	18.3	3.0	14.0	33024.68	29.2
Da Lat	2025-08-27	51	21.8	16.9	18.6	0.7	6.0	20714.7	22.1
Da Lat	2025-08-28	51	23.3	17.0	19.1	0.6	3.0	20902.55	21.5
Da Lat	2025-08-29	61	23.4	17.1	19.2	4.2	13.0	22107.2	21.2
Da Lat	2025-08-30	63	21.5	17.0	18.9	17.3	18.0	28425.91	18.6
Da Lat	2025-08-31	63	24.9	15.1	19.0	17.1	13.0	34280.2	12.0
Da Lat	2025-09-01	65	23.9	15.7	18.9	35.1	16.0	36104.01	9.2
Da Lat	2025-09-02	63	23.4	16.6	18.8	21.3	18.0	22284.76	9.5
Da Lat	2025-09-03	63	23.8	16.5	19.1	15.3	11.0	25801.43	8.8
Da Lat	2025-09-04	65	24.2	15.7	19.1	17.5	10.0	32928.45	10.2
Da Lat	2025-09-05	63	25.4	16.6	19.6	7.7	8.0	35384.08	11.3
Da Lat	2025-09-06	61	24.6	17.4	19.8	4.5	16.0	25435.35	14.3
Da Lat	2025-09-07	61	21.1	16.9	18.2	11.4	22.0	1321.17	18.6
Da Lat	2025-09-08	51	23.1	16.6	19.1	1.7	9.0	36838.14	17.7
Da Lat	2025-09-09	51	23.3	16.1	18.8	0.8	6.0	22293.67	12.8
Da Lat	2025-09-10	65	25.9	15.6	19.0	22.2	6.0	36772.03	8.8
Da Lat	2025-09-11	61	24.4	15.4	18.7	3.5	8.0	39845.95	11.9
Da Lat	2025-09-12	61	23.7	14.6	18.3	3.7	8.0	25633.6	12.6
Da Lat	2025-09-13	51	22.7	15.4	18.5	1.5	6.0	41544.85	13.6
Da Lat	2025-09-14	63	24.9	15.1	18.6	5.1	11.0	32930.18	10.9
Da Lat	2025-09-15	65	24.1	15.6	18.5	21.7	11.0	30828.48	9.8
Da Lat	2025-09-16	63	23.2	15.6	18.8	12.5	11.0	38305.88	13.4
Da Lat	2025-09-17	63	23.8	15.4	18.7	14.5	14.0	33387.51	9.6
Da Lat	2025-09-18	65	23.7	17.2	19.3	33.7	15.0	29888.12	11.6
Da Lat	2025-09-19	61	22.2	17.3	18.9	6.7	14.0	15795.04	15.7
Da Lat	2025-09-20	61	24.2	16.5	19.8	2.4	5.0	39214.96	17.3
Da Lat	2025-09-21	65	24.0	17.2	19.7	22.3	13.0	31726.47	14.0
Da Lat	2025-09-22	63	22.5	17.6	18.9	22.3	16.0	12930.45	19.0
Da Lat	2025-09-23	63	22.5	17.1	18.8	13.3	12.0	18701.25	25.0
Da Lat	2025-09-24	51	22.1	17.3	19.0	1.5	14.0	29225.37	28.7
Da Lat	2025-09-25	51	22.3	17.5	19.1	1.9	15.0	24907.85	25.5
Da Lat	2025-09-26	65	23.0	17.3	19.3	37.2	15.0	24480.45	14.4
Da Lat	2025-09-27	63	22.7	16.9	18.9	12.0	13.0	0.0	13.6
Da Lat	2025-09-28	61	20.0	17.4	18.2	8.5	17.0	4949.63	21.3
Da Lat	2025-09-29	61	21.4	16.8	18.3	5.3	16.0	30217.5	20.0
Da Lat	2025-09-30	63	23.0	15.7	18.2	10.2	9.0	37039.02	10.2
Da Lat	2025-10-01	55	24.3	14.4	18.2	3.2	10.0	40792.19	8.3
Da Lat	2025-10-02	53	24.5	13.6	18.5	2.0	9.0	40107.32	7.6
Da Lat	2025-10-03	51	24.3	15.0	19.1	2.1	10.0	39661.65	8.9
Da Lat	2025-10-04	61	23.7	16.0	18.7	4.8	9.0	39611.48	13.8
Da Lat	2025-10-05	53	21.7	16.2	19.0	1.9	8.0	20046.45	19.7
Da Lat	2025-10-06	51	24.1	14.9	18.9	0.4	2.0	39891.18	19.8
Da Lat	2025-10-07	63	24.0	14.8	18.2	6.8	10.0	36611.9	8.5
Da Lat	2025-10-08	53	23.4	14.0	18.3	3.3	8.0	40638.44	9.2
Da Lat	2025-10-09	63	24.0	14.8	18.2	10.6	13.0	30287.84	10.4
Da Lat	2025-10-10	63	22.9	14.8	18.1	8.0	9.0	33986.93	13.3
Da Lat	2025-10-11	63	23.1	15.2	18.3	7.3	10.0	25658.79	9.3
Da Lat	2025-10-12	63	21.9	15.2	17.9	11.9	9.0	31083.28	7.8
Da Lat	2025-10-13	61	22.9	14.8	17.8	4.1	8.0	28185.95	11.2
Da Lat	2025-10-14	51	24.1	15.2	18.6	0.8	4.0	39047.12	11.9
Da Lat	2025-10-15	55	23.8	15.6	19.0	2.4	4.0	39686.61	18.9
Da Lat	2025-10-16	51	22.4	17.6	19.4	1.3	6.0	32060.94	23.6
Da Lat	2025-10-17	61	24.9	17.0	19.8	2.4	3.0	39612.58	21.5
Da Lat	2025-10-18	53	23.2	16.0	19.0	2.4	6.0	39628.54	18.4
Da Lat	2025-10-19	61	25.0	16.2	19.7	3.7	7.0	37123.71	16.1
Da Lat	2025-10-20	63	23.9	17.2	19.7	6.7	7.0	27923.81	16.8
Da Lat	2025-10-21	63	22.4	16.9	19.1	13.2	8.0	5965.97	12.3
Da Lat	2025-10-22	61	25.2	16.4	19.5	3.6	8.0	35984.25	13.9
Da Lat	2025-10-23	53	24.3	15.3	18.7	2.7	8.0	39131.42	14.1
Da Lat	2025-10-24	61	23.1	16.5	19.2	3.9	5.0	27059.49	23.3
Da Lat	2025-10-25	63	20.0	17.6	18.2	23.1	15.0	0.0	28.4
Da Lat	2025-10-26	61	20.8	16.7	18.1	15.3	21.0	7200.0	10.1
Da Lat	2025-10-27	65	23.4	16.0	18.7	57.0	17.0	23672.85	8.7
Da Lat	2025-10-28	63	23.5	16.7	19.1	15.7	17.0	36000.0	12.4
Da Lat	2025-10-29	63	23.0	16.2	18.6	14.0	13.0	16300.14	10.3
Da Lat	2025-10-30	63	21.3	16.5	18.3	7.4	17.0	17853.14	15.1
Da Lat	2025-10-31	63	23.4	14.9	18.5	15.1	7.0	30088.33	8.7
Da Lat	2025-11-01	65	23.9	15.0	18.3	28.8	16.0	25460.79	8.9
Da Lat	2025-11-02	65	22.6	15.4	18.3	14.1	10.0	20428.51	7.9
Da Lat	2025-11-03	63	22.7	16.0	18.6	8.8	10.0	34300.63	10.0
Da Lat	2025-11-04	63	22.5	16.4	18.6	8.6	9.0	35648.11	11.9
Da Lat	2025-11-05	55	23.4	16.7	19.1	3.2	10.0	33528.06	13.0
Da Lat	2025-11-06	63	17.3	16.0	16.8	66.8	17.0	0.0	33.9
Da Lat	2025-11-07	63	22.5	16.6	18.6	9.3	17.0	35925.81	25.7
Da Lat	2025-11-08	61	25.4	14.7	18.9	4.2	4.0	38984.26	13.1
Da Lat	2025-11-09	51	24.8	14.9	18.8	1.0	6.0	39600.0	11.0
Da Lat	2025-11-10	53	25.7	15.1	19.1	2.0	7.0	39600.0	11.5
Da Lat	2025-11-11	51	25.0	16.3	19.2	2.0	10.0	36214.65	5.3
Da Lat	2025-11-12	51	23.9	15.6	19.1	1.3	8.0	39600.0	7.6
Da Lat	2025-11-13	53	25.1	15.7	19.0	1.5	3.0	39600.0	16.4
Da Lat	2025-11-14	3	23.8	12.8	17.3	0.0	0.0	39600.0	16.8
Da Lat	2025-11-15	51	23.5	13.2	18.0	0.3	2.0	39600.0	20.5
Da Lat	2025-11-16	63	18.4	17.0	17.5	26.6	19.0	0.0	30.2
Da Lat	2025-11-17	63	21.8	16.5	17.8	13.7	20.0	15442.64	25.3
Da Lat	2025-11-18	61	21.1	16.6	18.2	8.2	15.0	21554.18	27.5
Da Lat	2025-11-19	63	20.3	16.6	17.5	44.1	23.0	14351.12	27.6
Da Lat	2025-11-20	63	19.0	16.2	17.4	29.2	23.0	0.0	34.0
Da Lat	2025-11-21	63	21.0	16.5	17.9	14.9	16.0	21600.0	29.8
Da Lat	2025-11-22	61	20.5	16.2	18.0	6.1	12.0	18641.73	31.0
Da Lat	2025-11-23	51	22.2	17.1	18.7	0.8	5.0	27559.05	28.3
Da Lat	2025-11-24	3	23.5	17.0	19.3	0.0	0.0	39600.0	27.2
Da Lat	2025-11-25	3	21.8	14.7	17.5	0.0	0.0	32400.0	29.6
Da Lat	2025-11-26	3	23.6	14.2	17.3	0.0	0.0	38812.64	25.4
Da Lat	2025-11-27	3	20.5	13.4	15.7	0.0	0.0	27367.97	28.0
Da Lat	2025-11-28	55	20.9	13.3	16.5	1.8	4.0	7978.89	23.0
Da Lat	2025-11-29	61	22.4	14.5	17.8	7.7	12.0	24298.89	12.7
Da Lat	2025-11-30	61	22.6	15.0	18.1	5.4	11.0	32664.01	8.3
Da Lat	2025-12-01	65	23.5	15.8	18.4	13.9	5.0	36834.29	7.4
Da Lat	2025-12-02	63	23.5	15.9	18.4	18.0	10.0	32400.0	6.4
Da Lat	2025-12-03	61	21.9	14.7	18.1	8.4	15.0	28200.85	11.9
Da Lat	2025-12-04	55	22.4	15.6	18.3	3.1	6.0	36000.0	23.9
Da Lat	2025-12-05	3	23.0	14.7	17.7	0.0	0.0	39600.0	24.0
Da Lat	2025-12-06	3	22.2	12.8	17.0	0.0	0.0	39600.0	23.9
Da Lat	2025-12-07	3	23.5	11.9	16.3	0.0	0.0	39600.0	21.4
Da Lat	2025-12-08	3	21.3	13.6	16.5	0.0	0.0	39600.0	27.4
Da Lat	2025-12-09	51	21.1	14.6	17.1	0.7	6.0	24717.54	27.4
Da Lat	2025-12-10	55	21.0	16.6	18.0	4.5	12.0	22447.88	23.3
Da Lat	2025-12-11	3	22.7	15.8	18.2	0.0	0.0	39600.0	23.8
Da Lat	2025-12-12	3	22.5	14.4	18.0	0.0	0.0	39776.49	22.9
Da Lat	2025-12-13	3	23.1	14.9	18.1	0.0	0.0	39552.24	25.3
Da Lat	2025-12-14	3	21.9	14.9	17.5	0.0	0.0	39521.9	29.3
Da Lat	2025-12-15	3	22.4	15.2	17.8	0.0	0.0	39491.19	29.2
Da Lat	2025-12-16	3	23.9	14.6	18.1	0.0	0.0	39460.18	19.0
Da Lat	2025-12-17	53	23.1	15.1	18.2	0.9	4.0	39428.96	25.4
Da Lat	2025-12-18	3	22.8	14.8	17.9	0.0	0.0	39517.58	25.8
Da Lat	2025-12-19	53	24.1	15.1	18.3	1.5	6.0	39247.69	21.4
Da Lat	2025-12-20	53	24.3	14.3	18.4	2.5	7.0	39335.08	16.7
Da Lat	2025-12-21	51	22.9	16.3	18.7	0.2	2.0	39637.23	22.6
Da Lat	2025-12-22	51	23.2	16.2	18.6	0.1	1.0	39333.63	26.2
Da Lat	2025-12-23	51	23.7	15.6	18.8	0.1	1.0	39544.87	22.2
Da Lat	2025-12-24	51	23.3	16.7	19.3	0.2	2.0	37534.11	23.2
Da Lat	2025-12-25	51	22.3	15.9	18.6	0.7	4.0	33967.94	25.3
Da Lat	2025-12-26	3	21.0	14.5	17.3	0.0	0.0	26938.01	28.3
Da Lat	2025-12-27	51	23.8	13.5	17.3	1.1	4.0	37220.84	15.2
Da Lat	2025-12-28	51	24.4	13.1	17.6	0.5	2.0	39099.42	13.4
Da Lat	2025-12-29	3	23.6	10.3	16.6	0.0	0.0	39791.26	10.7
Da Lat	2025-12-30	3	22.1	10.6	16.0	0.0	0.0	40006.24	12.4
Da Lat	2025-12-31	3	23.3	9.6	15.9	0.0	0.0	40222.15	11.4
Can Tho	2021-01-01	53	28.1	21.8	24.3	1.4	2.0	36999.46	13.8
Can Tho	2021-01-02	3	26.0	21.5	23.6	0.0	0.0	30122.4	13.4
Can Tho	2021-01-03	3	29.6	21.4	24.5	0.0	0.0	25057.65	13.2
Can Tho	2021-01-04	53	30.2	22.3	26.1	2.1	8.0	39781.47	9.8
Can Tho	2021-01-05	63	28.5	24.0	25.7	7.2	12.0	33884.88	17.8
Can Tho	2021-01-06	51	29.5	22.9	25.8	0.7	3.0	21113.88	14.5
Can Tho	2021-01-07	51	30.7	23.9	26.4	0.2	2.0	40897.81	15.9
Can Tho	2021-01-08	3	30.3	22.7	25.8	0.0	0.0	35441.33	11.0
Can Tho	2021-01-09	3	28.6	22.1	25.1	0.0	0.0	32501.45	13.4
Can Tho	2021-01-10	3	28.3	22.2	24.7	0.0	0.0	37592.44	9.2
Can Tho	2021-01-11	3	28.6	21.5	24.7	0.0	0.0	40785.49	9.7
Can Tho	2021-01-12	3	28.6	21.6	24.1	0.0	0.0	34170.18	15.2
Can Tho	2021-01-13	3	26.7	20.4	22.8	0.0	0.0	39377.7	10.3
Can Tho	2021-01-14	3	28.7	19.6	23.4	0.0	0.0	41138.95	12.3
Can Tho	2021-01-15	3	28.0	19.5	23.7	0.0	0.0	41171.22	13.3
Can Tho	2021-01-16	3	29.2	20.9	24.4	0.0	0.0	40098.24	15.1
Can Tho	2021-01-17	51	29.8	21.6	25.0	0.1	1.0	37214.5	14.3
Can Tho	2021-01-18	3	28.4	20.6	23.8	0.0	0.0	41263.5	12.5
Can Tho	2021-01-19	3	27.5	20.1	23.8	0.0	0.0	37301.28	10.5
Can Tho	2021-01-20	3	29.6	20.5	25.0	0.0	0.0	39821.9	11.1
Can Tho	2021-01-21	3	30.1	21.8	25.6	0.0	0.0	36495.6	10.9
Can Tho	2021-01-22	55	28.8	22.8	25.1	3.6	11.0	34924.5	11.6
Can Tho	2021-01-23	53	30.1	22.3	25.6	3.1	10.0	39767.05	8.9
Can Tho	2021-01-24	51	30.4	23.2	25.9	0.1	1.0	31130.33	15.6
Can Tho	2021-01-25	53	29.5	22.6	25.5	2.3	8.0	39441.21	12.8
Can Tho	2021-01-26	51	30.4	21.9	26.0	1.1	6.0	40475.25	14.3
Can Tho	2021-01-27	51	31.3	22.2	26.5	0.5	5.0	40249.24	20.0
Can Tho	2021-01-28	51	31.0	22.9	26.3	0.4	3.0	40515.95	14.8
Can Tho	2021-01-29	51	30.1	22.3	25.6	0.1	1.0	40041.78	12.9
Can Tho	2021-01-30	51	30.4	20.7	24.9	0.1	1.0	32836.36	16.4
Can Tho	2021-01-31	3	30.6	21.9	25.8	0.0	0.0	40813.27	13.0
Can Tho	2021-02-01	51	30.8	22.4	26.2	0.3	3.0	41073.02	15.0
Can Tho	2021-02-02	3	30.2	22.4	25.8	0.0	0.0	40841.38	15.1
Can Tho	2021-02-03	3	31.2	21.1	25.5	0.0	0.0	41098.13	16.1
Can Tho	2021-02-04	3	31.1	21.6	26.0	0.0	0.0	40133.36	12.0
Can Tho	2021-02-05	51	30.2	22.3	26.3	1.9	8.0	39437.81	11.0
Can Tho	2021-02-06	53	30.2	22.1	26.2	1.2	5.0	40878.83	13.3
Can Tho	2021-02-07	51	30.4	22.8	26.3	0.4	2.0	21459.33	15.0
Can Tho	2021-02-08	51	31.5	23.4	27.0	0.1	1.0	40395.64	16.6
Can Tho	2021-02-09	3	32.0	23.2	27.2	0.0	0.0	41112.34	15.8
Can Tho	2021-02-10	61	30.6	23.1	26.6	5.1	13.0	39681.34	10.8
Can Tho	2021-02-11	63	29.6	23.7	25.8	22.4	14.0	28771.27	11.2
Can Tho	2021-02-12	51	30.3	22.4	25.7	0.7	5.0	40838.1	13.0
Can Tho	2021-02-13	51	28.8	21.8	24.9	0.4	3.0	40826.74	14.0
Can Tho	2021-02-14	3	30.2	20.6	25.1	0.0	0.0	41775.96	15.8
Can Tho	2021-02-15	3	29.4	20.2	24.7	0.0	0.0	41282.94	13.9
Can Tho	2021-02-16	51	29.0	20.7	24.6	0.1	1.0	41509.7	16.6
Can Tho	2021-02-17	3	30.5	21.8	25.1	0.0	0.0	41974.84	20.0
Can Tho	2021-02-18	53	30.0	21.4	25.2	0.7	3.0	41960.54	16.9
Can Tho	2021-02-19	3	30.8	19.9	25.3	0.0	0.0	37913.63	17.2
Can Tho	2021-02-20	3	30.6	21.2	25.3	0.0	0.0	42088.25	17.8
Can Tho	2021-02-21	3	30.5	20.8	25.1	0.0	0.0	36607.68	14.6
Can Tho	2021-02-22	3	31.0	20.6	25.2	0.0	0.0	42134.17	16.8
Can Tho	2021-02-23	3	31.3	20.7	25.5	0.0	0.0	39782.26	14.5
Can Tho	2021-02-24	3	30.2	22.0	26.1	0.0	0.0	39481.98	13.8
Can Tho	2021-02-25	3	31.4	21.7	26.3	0.0	0.0	32585.7	10.2
Can Tho	2021-02-26	51	32.3	22.6	27.2	0.3	2.0	40885.32	10.7
Can Tho	2021-02-27	51	32.9	22.9	27.4	0.2	2.0	42263.44	14.8
Can Tho	2021-02-28	61	31.5	23.0	26.7	3.1	9.0	38042.43	16.2
Can Tho	2021-03-01	51	32.2	24.2	27.6	0.9	7.0	40600.0	15.9
Can Tho	2021-03-02	3	33.2	25.0	28.1	0.0	0.0	39640.44	18.4
Can Tho	2021-03-03	3	32.4	24.5	27.7	0.0	0.0	42377.54	25.0
Can Tho	2021-03-04	1	33.5	24.4	27.9	0.0	0.0	42407.02	22.0
Can Tho	2021-03-05	1	32.8	23.0	27.0	0.0	0.0	42436.76	20.5
Can Tho	2021-03-06	3	33.9	22.6	27.4	0.0	0.0	42466.69	15.4
Can Tho	2021-03-07	3	33.0	23.7	27.4	0.0	0.0	40735.35	20.6
Can Tho	2021-03-08	3	33.4	23.4	27.6	0.0	0.0	42526.89	19.8
Can Tho	2021-03-09	51	32.9	23.7	27.8	0.1	1.0	42557.02	18.9
Can Tho	2021-03-10	51	33.5	23.6	27.9	0.1	1.0	42587.55	18.1
Can Tho	2021-03-11	3	33.3	24.8	28.2	0.0	0.0	42618.86	19.2
Can Tho	2021-03-12	3	33.5	24.3	28.2	0.0	0.0	42650.89	20.6
Can Tho	2021-03-13	51	34.1	24.0	28.4	0.1	1.0	42683.55	16.7
Can Tho	2021-03-14	51	33.2	22.8	27.5	0.2	2.0	42716.78	17.2
Can Tho	2021-03-15	51	32.1	22.7	27.1	0.3	2.0	42750.51	19.4
Can Tho	2021-03-16	51	33.1	23.5	27.4	0.1	1.0	42784.67	15.3
Can Tho	2021-03-17	3	32.9	22.2	27.1	0.0	0.0	42815.66	14.3
Can Tho	2021-03-18	3	33.2	23.0	27.3	0.0	0.0	37801.58	16.7
Can Tho	2021-03-19	3	34.1	23.0	28.1	0.0	0.0	41933.24	16.8
Can Tho	2021-03-20	3	34.0	24.7	28.6	0.0	0.0	41913.85	17.0
Can Tho	2021-03-21	53	34.3	24.9	29.0	1.3	6.0	42959.41	18.3
Can Tho	2021-03-22	51	34.9	25.0	29.1	1.0	4.0	42994.66	21.0
Can Tho	2021-03-23	3	35.2	24.4	29.5	0.0	0.0	43029.84	17.6
Can Tho	2021-03-24	51	34.4	26.1	29.3	0.1	1.0	40908.97	24.5
Can Tho	2021-03-25	51	34.1	25.9	29.0	1.0	6.0	41280.79	22.4
Can Tho	2021-03-26	53	33.9	25.3	28.8	1.4	5.0	43134.31	23.2
Can Tho	2021-03-27	51	34.4	25.7	29.0	0.1	1.0	43168.53	21.9
Can Tho	2021-03-28	51	34.5	25.6	29.3	0.3	3.0	42942.12	16.8
Can Tho	2021-03-29	51	34.6	24.7	29.0	0.2	2.0	43200.0	15.3
Can Tho	2021-03-30	3	34.6	25.2	29.3	0.0	0.0	42766.66	8.7
Can Tho	2021-03-31	3	35.8	24.7	29.8	0.0	0.0	43200.0	9.5
Can Tho	2021-04-01	3	35.2	24.7	29.8	0.0	0.0	43200.0	13.3
Can Tho	2021-04-02	55	35.2	26.0	29.4	1.5	4.0	37749.35	12.7
Can Tho	2021-04-03	63	31.9	24.9	28.3	10.0	10.0	25089.6	16.4
Can Tho	2021-04-04	63	31.3	25.8	27.7	7.6	12.0	38730.56	19.6
Can Tho	2021-04-05	51	32.7	24.8	28.3	0.2	2.0	43200.0	22.1
Can Tho	2021-04-06	3	33.1	25.8	28.6	0.0	0.0	43200.0	22.8
Can Tho	2021-04-07	51	33.1	24.8	28.6	0.1	1.0	43200.0	16.9
Can Tho	2021-04-08	51	31.4	25.0	28.1	0.4	2.0	43200.0	11.7
Can Tho	2021-04-09	63	31.2	24.8	26.6	16.8	16.0	29983.06	10.8
Can Tho	2021-04-10	51	32.3	24.5	28.1	1.3	7.0	43200.0	16.7
Can Tho	2021-04-11	51	31.9	24.9	28.2	0.1	1.0	43200.0	19.0
Can Tho	2021-04-12	53	32.0	25.7	28.5	1.6	5.0	43200.0	18.0
Can Tho	2021-04-13	61	32.5	25.0	28.1	2.7	6.0	43200.0	12.9
Can Tho	2021-04-14	53	32.8	25.2	28.2	3.6	13.0	42490.39	10.0
Can Tho	2021-04-15	61	32.0	24.7	27.8	3.2	7.0	43200.0	9.7
Can Tho	2021-04-16	63	32.1	24.2	27.2	12.2	16.0	36108.18	17.0
Can Tho	2021-04-17	61	32.3	24.4	27.5	4.2	7.0	39600.0	10.5
Can Tho	2021-04-18	65	30.8	24.3	26.1	28.0	12.0	30085.35	11.1
Can Tho	2021-04-19	65	30.5	23.7	26.3	14.2	7.0	27720.76	13.3
Can Tho	2021-04-20	61	31.9	24.3	27.4	3.4	5.0	40469.95	10.5
Can Tho	2021-04-21	61	31.6	24.7	27.4	4.2	6.0	29211.16	10.2
Can Tho	2021-04-22	63	30.5	25.2	26.9	13.4	11.0	26185.31	11.6
Can Tho	2021-04-23	65	30.8	24.6	26.5	16.6	12.0	23813.26	17.0
Can Tho	2021-04-24	63	31.8	24.8	27.1	18.6	7.0	36413.17	14.4
Can Tho	2021-04-25	61	30.7	24.4	27.2	6.4	9.0	36000.0	13.5
Can Tho	2021-04-26	61	32.4	24.6	27.6	3.6	9.0	37443.93	10.7
Can Tho	2021-04-27	63	30.3	24.6	26.9	6.8	11.0	34702.1	10.9
Can Tho	2021-04-28	63	29.9	24.4	26.7	8.3	10.0	38605.23	12.2
Can Tho	2021-04-29	63	30.9	24.6	27.3	8.1	9.0	42511.54	15.5
Can Tho	2021-04-30	61	30.6	24.6	27.4	3.3	9.0	43200.0	15.5
Can Tho	2021-05-01	61	30.4	25.1	27.2	5.0	9.0	30566.91	14.8
Can Tho	2021-05-02	51	31.7	25.1	28.2	1.4	5.0	43200.0	14.8
Can Tho	2021-05-03	51	32.7	25.1	28.4	0.2	2.0	43200.0	17.4
Can Tho	2021-05-04	51	32.8	25.1	28.7	0.1	1.0	43200.0	15.9
Can Tho	2021-05-05	51	33.3	25.9	29.4	0.2	2.0	43200.0	17.2
Can Tho	2021-05-06	63	30.4	25.7	27.6	9.3	12.0	39531.19	19.4
Can Tho	2021-05-07	51	30.9	24.8	27.5	0.8	6.0	18085.56	14.8
Can Tho	2021-05-08	53	30.9	25.3	28.0	1.3	6.0	36148.56	20.5
Can Tho	2021-05-09	61	32.0	25.0	27.9	3.5	7.0	41196.18	10.0
Can Tho	2021-05-10	51	31.9	25.9	28.5	1.3	6.0	43200.0	10.1
Can Tho	2021-05-11	51	32.3	24.9	28.5	0.7	6.0	43200.0	9.3
Can Tho	2021-05-12	51	33.0	25.3	28.8	0.7	5.0	43200.0	8.5
Can Tho	2021-05-13	51	32.8	25.8	29.1	0.7	4.0	43200.0	11.0
Can Tho	2021-05-14	61	32.4	26.0	28.3	4.4	11.0	39100.79	10.5
Can Tho	2021-05-15	61	31.4	25.8	27.9	7.4	11.0	34788.11	13.3
Can Tho	2021-05-16	55	32.5	25.3	28.3	2.9	6.0	43200.0	13.6
Can Tho	2021-05-17	63	31.7	25.7	28.1	8.2	13.0	32281.42	12.8
Can Tho	2021-05-18	63	32.0	24.9	27.4	6.4	14.0	32375.3	10.6
Can Tho	2021-05-19	61	32.0	25.0	27.7	4.6	8.0	38805.66	8.4
Can Tho	2021-05-20	63	31.8	24.4	27.6	4.9	7.0	41105.54	16.6
Can Tho	2021-05-21	63	30.1	25.4	27.5	16.2	12.0	19278.37	16.6
Can Tho	2021-05-22	63	28.5	25.3	26.5	12.4	12.0	7829.93	21.3
Can Tho	2021-05-23	63	28.8	25.4	26.9	17.6	10.0	17326.81	20.2
Can Tho	2021-05-24	53	28.3	26.0	26.8	3.8	12.0	262.13	17.0
Can Tho	2021-05-25	63	29.1	25.1	26.8	17.6	18.0	15194.1	15.8
Can Tho	2021-05-26	61	27.8	24.8	25.8	12.4	19.0	1788.57	17.3
Can Tho	2021-05-27	53	28.2	25.1	26.2	7.7	13.0	10610.7	12.2
Can Tho	2021-05-28	63	31.7	24.5	27.0	8.0	7.0	38429.14	11.2
Can Tho	2021-05-29	63	31.9	24.6	27.5	6.7	6.0	36927.58	11.1
Can Tho	2021-05-30	61	32.5	24.8	28.1	2.3	4.0	42986.71	10.1
Can Tho	2021-05-31	55	32.3	25.5	28.5	2.7	9.0	43200.0	12.6
Can Tho	2021-06-01	61	32.5	25.8	28.6	2.7	6.0	43200.0	11.7
Can Tho	2021-06-02	63	31.0	25.8	28.0	12.1	9.0	43200.0	10.9
Can Tho	2021-06-03	61	32.7	25.6	28.1	3.4	6.0	43200.0	16.2
Can Tho	2021-06-04	51	32.9	25.2	28.8	0.5	3.0	43200.0	14.6
Can Tho	2021-06-05	63	30.8	25.6	27.8	12.8	6.0	42456.61	21.2
Can Tho	2021-06-06	61	30.2	25.3	27.3	6.3	9.0	31834.01	20.0
Can Tho	2021-06-07	63	30.1	25.4	27.2	9.4	12.0	29503.42	19.0
Can Tho	2021-06-08	63	28.3	24.9	26.3	8.0	14.0	14240.38	15.6
Can Tho	2021-06-09	63	30.9	25.2	26.9	8.3	8.0	32473.59	17.7
Can Tho	2021-06-10	63	28.7	25.1	26.4	8.7	17.0	22947.53	22.0
Can Tho	2021-06-11	61	29.7	24.5	26.7	9.6	19.0	30829.93	21.9
Can Tho	2021-06-12	61	29.3	24.7	26.8	5.2	12.0	16948.61	18.4
Can Tho	2021-06-13	53	28.9	25.0	26.6	3.0	11.0	20632.67	16.8
Can Tho	2021-06-14	55	31.2	24.7	27.3	2.0	4.0	43200.0	19.5
Can Tho	2021-06-15	63	30.0	25.0	27.1	9.0	6.0	39795.19	14.7
Can Tho	2021-06-16	63	29.9	24.8	27.0	7.9	7.0	28756.71	16.1
Can Tho	2021-06-17	51	32.2	24.8	27.8	0.5	4.0	43008.33	16.9
Can Tho	2021-06-18	61	31.3	24.7	27.6	3.4	7.0	42119.78	17.0
Can Tho	2021-06-19	53	31.2	25.1	27.7	2.2	6.0	42839.05	17.2
Can Tho	2021-06-20	63	31.6	25.1	27.3	10.0	8.0	40357.0	17.7
Can Tho	2021-06-21	61	30.6	24.7	26.9	7.2	12.0	43200.0	22.3
Can Tho	2021-06-22	65	30.6	24.4	26.6	19.3	14.0	40365.29	18.4
Can Tho	2021-06-23	63	29.8	24.4	26.8	10.5	10.0	43200.0	20.6
Can Tho	2021-06-24	63	31.0	24.7	27.6	7.2	8.0	43200.0	17.5
Can Tho	2021-06-25	53	31.1	25.2	27.7	1.8	6.0	37543.9	15.9
Can Tho	2021-06-26	61	31.7	24.7	27.5	2.1	3.0	35383.74	11.9
Can Tho	2021-06-27	61	31.9	24.3	27.6	2.2	3.0	43200.0	11.6
Can Tho	2021-06-28	63	31.9	24.8	27.7	5.1	6.0	43200.0	15.8
Can Tho	2021-06-29	63	32.3	25.2	28.1	3.0	4.0	43200.0	14.0
Can Tho	2021-06-30	63	31.4	25.3	27.4	6.0	5.0	40622.7	15.3
Can Tho	2021-07-01	61	32.3	24.7	27.8	2.7	7.0	43200.0	12.0
Can Tho	2021-07-02	61	32.1	24.1	27.9	2.4	4.0	43200.0	14.7
Can Tho	2021-07-03	63	32.3	24.7	28.3	4.0	5.0	43200.0	14.4
Can Tho	2021-07-04	63	31.9	25.9	28.5	5.6	5.0	42247.16	14.2
Can Tho	2021-07-05	63	30.0	25.5	26.9	16.0	14.0	14829.71	20.8
Can Tho	2021-07-06	63	28.2	25.3	26.1	8.8	9.0	10800.0	15.8
Can Tho	2021-07-07	61	28.6	24.4	25.7	11.9	18.0	15764.22	17.3
Can Tho	2021-07-08	63	28.0	24.1	25.7	21.1	24.0	16408.66	16.4
Can Tho	2021-07-09	61	27.1	24.2	25.3	19.0	21.0	335.28	12.6
Can Tho	2021-07-10	63	30.4	23.8	26.2	8.5	9.0	29070.36	9.4
Can Tho	2021-07-11	63	30.3	24.0	26.9	5.0	7.0	37054.59	8.6
Can Tho	2021-07-12	63	29.5	23.9	26.5	8.5	11.0	29691.79	9.2
Can Tho	2021-07-13	63	29.3	24.5	26.5	10.1	16.0	32452.11	10.5
Can Tho	2021-07-14	65	30.5	24.1	26.2	59.2	18.0	34307.97	7.9
Can Tho	2021-07-15	65	27.6	24.4	25.7	40.2	20.0	11590.19	14.4
Can Tho	2021-07-16	51	31.1	24.4	27.3	0.6	6.0	38822.83	12.6
Can Tho	2021-07-17	51	32.0	24.4	27.8	0.6	2.0	43200.0	17.8
Can Tho	2021-07-18	65	29.7	25.8	27.1	11.9	8.0	18550.17	20.9
Can Tho	2021-07-19	63	29.1	25.2	26.7	6.9	12.0	16501.65	16.6
Can Tho	2021-07-20	53	29.7	25.3	27.1	1.2	5.0	30731.11	18.2
Can Tho	2021-07-21	61	28.7	25.2	26.8	6.0	9.0	36435.61	22.0
Can Tho	2021-07-22	61	30.9	25.5	27.7	2.5	5.0	35906.93	19.5
Can Tho	2021-07-23	61	29.8	25.4	27.6	6.1	8.0	19389.38	18.8
Can Tho	2021-07-24	51	31.1	26.4	28.2	1.0	8.0	32410.63	20.5
Can Tho	2021-07-25	61	29.5	24.8	27.1	6.2	15.0	31625.91	26.6
Can Tho	2021-07-26	61	30.8	25.5	27.5	3.8	8.0	43200.0	23.1
Can Tho	2021-07-27	63	30.0	25.5	27.6	6.6	9.0	43200.0	22.5
Can Tho	2021-07-28	63	28.5	25.7	26.9	16.4	12.0	33068.06	21.3
Can Tho	2021-07-29	63	28.3	24.6	26.0	34.8	21.0	12705.79	19.3
Can Tho	2021-07-30	61	28.1	25.0	26.1	6.9	15.0	5986.48	21.4
Can Tho	2021-07-31	63	31.0	25.0	27.4	7.2	10.0	30787.73	21.6
Can Tho	2021-08-01	63	30.2	25.1	27.3	6.1	7.0	39511.17	21.0
Can Tho	2021-08-02	61	30.1	25.4	27.5	3.1	6.0	39600.0	24.3
Can Tho	2021-08-03	61	30.1	26.2	27.7	3.3	12.0	38375.28	26.3
Can Tho	2021-08-04	63	30.8	26.0	27.7	4.4	8.0	37811.35	21.7
Can Tho	2021-08-05	61	29.6	25.2	27.4	5.9	11.0	35332.65	22.2
Can Tho	2021-08-06	63	31.3	25.4	27.8	4.2	9.0	37865.85	21.0
Can Tho	2021-08-07	53	31.6	25.4	28.0	1.2	5.0	42124.71	21.9
Can Tho	2021-08-08	55	31.0	25.8	28.2	1.8	6.0	43200.0	22.2
Can Tho	2021-08-09	53	31.5	26.1	28.4	1.4	5.0	39732.8	20.8
Can Tho	2021-08-10	63	30.1	25.7	27.4	11.5	10.0	37853.38	17.3
Can Tho	2021-08-11	63	30.9	25.1	27.0	12.4	10.0	38358.37	17.8
Can Tho	2021-08-12	63	29.6	24.7	26.8	10.5	8.0	24540.34	16.8
Can Tho	2021-08-13	65	29.9	25.1	26.5	16.7	9.0	11520.18	15.2
Can Tho	2021-08-14	63	29.4	24.9	26.9	6.8	3.0	16337.13	14.2
Can Tho	2021-08-15	61	29.5	24.3	26.6	2.9	5.0	7930.79	7.6
Can Tho	2021-08-16	61	31.7	23.9	27.7	5.8	9.0	43200.0	6.9
Can Tho	2021-08-17	63	31.7	24.5	27.1	10.7	10.0	29780.11	10.7
Can Tho	2021-08-18	63	31.4	24.6	27.1	5.7	9.0	31423.65	8.7
Can Tho	2021-08-19	63	30.7	24.2	26.7	5.7	10.0	36626.21	10.8
Can Tho	2021-08-20	63	31.3	24.2	26.5	12.9	12.0	33257.62	10.5
Can Tho	2021-08-21	61	31.7	23.2	26.8	3.7	4.0	43200.0	14.2
Can Tho	2021-08-22	63	30.7	24.2	27.1	6.8	9.0	39600.0	17.5
Can Tho	2021-08-23	63	29.6	24.6	26.4	10.9	9.0	24962.42	16.5
Can Tho	2021-08-24	63	30.2	24.7	26.1	18.3	17.0	27178.06	18.6
Can Tho	2021-08-25	63	25.9	24.1	24.9	26.1	24.0	4158.51	14.9
Can Tho	2021-08-26	65	28.5	23.7	25.2	19.0	23.0	9042.89	15.8
Can Tho	2021-08-27	63	29.9	23.9	26.2	7.0	7.0	21534.49	11.8
Can Tho	2021-08-28	63	29.6	23.6	26.0	16.7	15.0	24327.01	9.3
Can Tho	2021-08-29	63	30.3	24.4	26.5	14.5	22.0	23115.62	8.5
Can Tho	2021-08-30	65	30.6	24.4	26.2	30.6	17.0	28800.0	7.4
Can Tho	2021-08-31	65	30.2	24.2	26.2	17.9	11.0	28800.0	12.9
Can Tho	2021-09-01	63	30.3	23.9	26.4	8.4	11.0	36444.51	11.3
Can Tho	2021-09-02	63	30.2	24.2	26.3	15.9	18.0	30030.4	11.6
Can Tho	2021-09-03	61	29.2	23.8	26.5	7.1	11.0	37593.33	22.0
Can Tho	2021-09-04	55	28.8	24.6	26.3	4.3	11.0	6454.63	20.7
Can Tho	2021-09-05	63	29.1	24.2	26.0	16.4	11.0	17586.23	14.2
Can Tho	2021-09-06	63	29.6	23.9	26.4	6.1	9.0	29895.32	14.3
Can Tho	2021-09-07	63	29.2	24.8	26.3	9.9	14.0	30924.26	18.6
Can Tho	2021-09-08	63	29.6	24.3	26.3	10.3	9.0	35140.21	19.3
Can Tho	2021-09-09	63	29.6	24.1	26.2	11.7	16.0	23192.51	24.4
Can Tho	2021-09-10	53	30.0	24.3	26.6	3.7	13.0	28287.6	21.0
Can Tho	2021-09-11	53	30.4	25.1	27.0	1.8	10.0	18037.1	28.3
Can Tho	2021-09-12	51	31.0	25.7	28.1	0.5	4.0	42038.83	29.9
Can Tho	2021-09-13	63	29.6	25.3	26.9	12.4	15.0	19044.06	21.1
Can Tho	2021-09-14	63	28.5	24.6	25.7	19.8	19.0	17459.36	17.1
Can Tho	2021-09-15	63	30.0	23.7	26.0	17.5	19.0	21915.88	17.7
Can Tho	2021-09-16	3	31.3	23.0	27.0	0.0	0.0	32637.22	6.2
Can Tho	2021-09-17	63	31.7	24.7	27.2	3.4	3.0	38644.52	8.9
Can Tho	2021-09-18	65	31.1	24.3	26.8	11.8	7.0	34659.97	11.7
Can Tho	2021-09-19	65	27.9	24.1	25.3	34.9	24.0	2654.36	11.5
Can Tho	2021-09-20	63	30.0	23.7	25.6	11.0	15.0	18426.09	19.1
Can Tho	2021-09-21	63	29.6	23.2	26.1	7.4	11.0	36931.22	16.1
Can Tho	2021-09-22	63	29.7	23.7	26.2	10.0	10.0	30094.92	19.1
Can Tho	2021-09-23	63	30.3	24.7	26.7	5.9	9.0	18160.07	14.8
Can Tho	2021-09-24	63	29.4	24.4	26.1	19.0	12.0	22506.16	15.9
Can Tho	2021-09-25	53	28.8	24.2	26.3	4.4	9.0	27595.84	17.4
Can Tho	2021-09-26	63	30.8	24.2	26.4	9.4	14.0	27026.79	9.2
Can Tho	2021-09-27	61	30.3	24.3	26.7	6.5	12.0	33163.66	15.5
Can Tho	2021-09-28	61	30.7	24.7	27.2	7.8	15.0	41025.01	9.6
Can Tho	2021-09-29	61	31.2	25.0	27.4	5.4	11.0	41511.65	10.0
Can Tho	2021-09-30	65	30.8	24.5	26.9	10.8	13.0	29968.78	8.4
Can Tho	2021-10-01	63	31.3	24.7	26.9	12.1	8.0	32143.51	16.2
Can Tho	2021-10-02	63	29.4	24.1	25.8	10.7	13.0	16392.47	15.9
Can Tho	2021-10-03	61	28.3	23.7	25.8	2.8	10.0	6581.36	6.5
Can Tho	2021-10-04	53	30.5	24.3	26.7	4.1	12.0	25976.58	10.2
Can Tho	2021-10-05	65	30.9	24.3	26.3	48.3	20.0	22364.91	7.6
Can Tho	2021-10-06	63	27.8	24.0	25.6	15.6	21.0	2266.98	14.4
Can Tho	2021-10-07	63	27.6	24.4	25.8	13.9	18.0	10279.09	18.1
Can Tho	2021-10-08	63	29.0	24.7	26.3	11.6	21.0	20423.98	25.5
Can Tho	2021-10-09	63	30.9	24.8	27.1	8.8	15.0	32549.2	22.2
Can Tho	2021-10-10	53	31.8	25.5	28.1	1.2	6.0	36000.0	24.1
Can Tho	2021-10-11	63	29.4	25.6	26.6	14.1	19.0	14400.0	17.3
Can Tho	2021-10-12	63	29.6	24.2	26.4	26.0	17.0	25105.23	24.5
Can Tho	2021-10-13	63	30.2	25.0	27.0	8.2	10.0	18432.97	23.4
Can Tho	2021-10-14	61	30.7	24.9	27.6	2.3	6.0	37085.86	20.6
Can Tho	2021-10-15	65	31.4	24.4	26.8	16.3	13.0	21600.0	16.1
Can Tho	2021-10-16	61	29.1	24.5	26.2	6.9	16.0	2793.23	10.0
Can Tho	2021-10-17	63	29.5	24.5	25.9	9.6	11.0	17544.61	10.7
Can Tho	2021-10-18	53	31.7	23.3	26.5	1.4	5.0	28571.46	10.0
Can Tho	2021-10-19	61	31.4	24.0	27.1	3.5	5.0	40220.73	15.2
Can Tho	2021-10-20	65	27.6	24.0	25.4	23.7	16.0	10069.99	12.8
Can Tho	2021-10-21	63	30.7	23.9	26.1	9.9	16.0	29904.84	12.2
Can Tho	2021-10-22	63	29.7	23.1	26.1	5.1	10.0	31859.62	11.9
Can Tho	2021-10-23	63	30.7	24.0	26.1	9.2	12.0	26215.54	10.2
Can Tho	2021-10-24	61	30.9	23.4	26.3	3.6	9.0	35041.9	9.5
Can Tho	2021-10-25	63	30.9	23.8	26.7	9.2	5.0	35699.64	13.2
Can Tho	2021-10-26	51	31.2	24.2	27.5	0.1	1.0	22679.9	11.5
Can Tho	2021-10-27	3	30.2	24.9	27.4	0.0	0.0	20819.04	10.1
Can Tho	2021-10-28	53	30.8	23.7	27.0	0.6	1.0	39865.79	11.7
Can Tho	2021-10-29	55	30.6	24.3	26.9	3.0	7.0	34585.78	17.2
Can Tho	2021-10-30	63	31.0	24.3	26.5	6.8	11.0	32198.82	16.9
Can Tho	2021-10-31	63	29.2	23.0	26.1	14.7	13.0	27938.99	15.9
Can Tho	2021-11-01	61	31.2	24.3	27.2	2.6	5.0	39667.1	17.3
Can Tho	2021-11-02	3	31.4	23.6	27.1	0.0	0.0	40401.88	15.6
Can Tho	2021-11-03	51	31.2	23.8	27.5	0.7	3.0	39600.0	14.1
Can Tho	2021-11-04	63	29.8	25.1	27.0	9.3	8.0	33869.33	18.8
Can Tho	2021-11-05	63	31.3	24.4	27.0	5.3	3.0	36000.0	18.2
Can Tho	2021-11-06	63	30.0	24.3	26.5	7.8	8.0	36288.49	16.9
Can Tho	2021-11-07	53	30.7	24.4	27.3	1.3	5.0	39713.04	15.2
Can Tho	2021-11-08	63	29.9	24.6	26.7	12.9	10.0	32802.14	15.9
Can Tho	2021-11-09	63	30.8	24.2	26.5	18.2	10.0	26755.18	18.0
Can Tho	2021-11-10	63	30.6	24.3	26.2	15.2	14.0	18000.0	17.6
Can Tho	2021-11-11	63	27.0	23.8	24.9	26.4	20.0	2184.04	11.8
Can Tho	2021-11-12	55	29.3	23.6	25.9	3.4	12.0	22075.13	20.2
Can Tho	2021-11-13	63	30.2	23.5	26.0	11.4	14.0	28024.26	21.3
Can Tho	2021-11-14	63	28.7	23.1	25.0	21.0	20.0	4951.68	13.2
Can Tho	2021-11-15	63	28.7	23.6	25.1	13.9	15.0	11394.79	15.0
Can Tho	2021-11-16	63	27.9	23.3	24.9	32.6	19.0	9872.94	18.5
Can Tho	2021-11-17	63	29.6	24.1	25.8	12.3	16.0	28544.85	18.9
Can Tho	2021-11-18	63	29.7	23.9	26.0	7.9	7.0	29254.32	15.1
Can Tho	2021-11-19	61	30.2	23.8	26.5	3.2	9.0	35189.44	11.9
Can Tho	2021-11-20	63	30.1	24.0	25.9	10.0	6.0	20181.53	8.6
Can Tho	2021-11-21	63	30.9	24.3	26.9	13.2	9.0	36000.0	15.9
Can Tho	2021-11-22	63	28.7	24.3	25.7	24.0	16.0	26306.09	20.1
Can Tho	2021-11-23	63	30.5	24.3	26.4	10.8	10.0	39600.0	12.2
Can Tho	2021-11-24	65	30.2	23.8	26.4	17.3	9.0	29999.01	12.2
Can Tho	2021-11-25	61	30.0	23.6	26.3	3.3	6.0	36000.0	15.5
Can Tho	2021-11-26	63	30.4	24.2	26.6	5.9	6.0	35176.1	14.4
Can Tho	2021-11-27	55	28.3	23.6	25.3	2.6	5.0	21599.58	18.6
Can Tho	2021-11-28	63	28.9	23.1	25.3	17.4	11.0	27466.62	19.1
Can Tho	2021-11-29	63	27.5	23.4	24.7	36.3	24.0	7823.02	17.2
Can Tho	2021-11-30	63	27.1	23.2	24.6	37.0	18.0	9064.94	14.7
Can Tho	2021-12-01	51	28.5	23.6	25.7	0.4	2.0	28932.42	12.3
Can Tho	2021-12-02	3	29.4	22.4	25.4	0.0	0.0	35845.79	8.6
Can Tho	2021-12-03	3	28.8	22.4	24.9	0.0	0.0	36101.86	11.9
Can Tho	2021-12-04	3	27.2	21.4	23.9	0.0	0.0	32693.5	12.4
Can Tho	2021-12-05	3	27.9	18.8	23.5	0.0	0.0	37900.88	11.3
Can Tho	2021-12-06	3	29.3	21.4	25.0	0.0	0.0	39520.0	13.4
Can Tho	2021-12-07	51	29.4	21.6	24.9	0.3	3.0	38255.39	8.1
Can Tho	2021-12-08	3	29.5	21.0	25.1	0.0	0.0	35916.85	7.9
Can Tho	2021-12-09	65	29.6	23.0	25.4	22.6	8.0	34729.19	11.8
Can Tho	2021-12-10	51	29.5	22.5	25.9	0.9	3.0	40249.46	12.2
Can Tho	2021-12-11	51	28.4	21.8	25.2	0.2	2.0	33031.74	7.6
Can Tho	2021-12-12	3	29.9	21.4	25.7	0.0	0.0	39657.47	9.7
Can Tho	2021-12-13	3	29.8	22.7	26.0	0.0	0.0	39361.2	14.4
Can Tho	2021-12-14	51	29.3	23.1	26.1	0.1	1.0	30189.76	9.5
Can Tho	2021-12-15	53	30.1	23.1	26.0	0.9	3.0	34924.05	16.7
Can Tho	2021-12-16	3	30.5	24.1	26.7	0.0	0.0	29795.45	14.3
Can Tho	2021-12-17	51	30.1	24.2	26.7	0.6	3.0	37846.01	13.4
Can Tho	2021-12-18	3	30.6	22.8	26.6	0.0	0.0	35199.35	15.5
Can Tho	2021-12-19	3	28.3	23.3	25.3	0.0	0.0	32246.38	17.9
Can Tho	2021-12-20	3	28.2	22.6	25.0	0.0	0.0	22901.9	11.3
Can Tho	2021-12-21	3	30.2	21.4	25.8	0.0	0.0	37031.42	10.6
Can Tho	2021-12-22	51	28.5	23.9	26.0	0.2	2.0	19650.27	16.9
Can Tho	2021-12-23	53	29.6	23.9	26.2	0.6	2.0	34012.0	21.6
Can Tho	2021-12-24	3	29.9	23.3	26.0	0.0	0.0	36620.73	16.6
Can Tho	2021-12-25	51	30.7	23.1	26.4	0.1	1.0	38567.19	18.5
Can Tho	2021-12-26	51	31.2	23.0	26.7	0.3	2.0	40576.33	9.3
Can Tho	2021-12-27	61	30.4	22.9	25.7	4.2	9.0	37721.63	15.8
Can Tho	2021-12-28	55	30.3	23.0	26.1	2.9	11.0	39326.56	17.2
Can Tho	2021-12-29	51	30.4	23.5	26.5	0.4	4.0	37273.7	27.8
Can Tho	2021-12-30	3	31.2	23.3	26.7	0.0	0.0	40562.89	17.2
Can Tho	2021-12-31	3	30.7	22.9	26.2	0.0	0.0	41141.56	12.8
Can Tho	2022-01-01	3	29.9	22.0	25.5	0.0	0.0	39110.81	12.9
Can Tho	2022-01-02	3	31.2	22.6	26.4	0.0	0.0	37489.48	13.8
Can Tho	2022-01-03	55	30.6	23.7	26.4	1.6	2.0	33663.74	14.3
Can Tho	2022-01-04	51	31.9	23.1	26.7	0.3	3.0	39744.18	14.0
Can Tho	2022-01-05	53	30.8	23.4	26.4	1.4	6.0	35228.77	9.4
Can Tho	2022-01-06	51	30.8	23.2	26.4	1.2	7.0	31048.46	10.5
Can Tho	2022-01-07	51	31.9	23.7	27.1	0.3	2.0	40624.43	16.0
Can Tho	2022-01-08	51	31.8	23.1	27.0	0.3	2.0	40662.52	16.3
Can Tho	2022-01-09	2	31.4	22.5	26.8	0.0	0.0	40700.21	14.2
Can Tho	2022-01-10	51	31.6	24.0	26.9	0.2	2.0	39977.59	20.6
Can Tho	2022-01-11	51	30.6	22.8	26.3	1.0	5.0	40774.22	18.8
Can Tho	2022-01-12	3	30.8	22.7	26.0	0.0	0.0	41063.01	18.7
Can Tho	2022-01-13	3	29.9	22.4	25.6	0.0	0.0	38977.92	17.1
Can Tho	2022-01-14	3	31.3	21.1	25.7	0.0	0.0	37380.06	14.8
Can Tho	2022-01-15	3	31.7	21.2	25.9	0.0	0.0	40914.06	16.3
Can Tho	2022-01-16	3	32.4	21.7	26.2	0.0	0.0	40192.89	22.5
Can Tho	2022-01-17	51	31.2	23.3	26.8	0.1	1.0	40727.63	14.4
Can Tho	2022-01-18	51	31.3	22.9	26.6	0.4	3.0	41009.18	14.8
Can Tho	2022-01-19	51	30.6	22.4	26.0	0.8	6.0	37723.65	12.7
Can Tho	2022-01-20	51	31.1	21.6	26.2	0.5	4.0	40566.91	16.5
Can Tho	2022-01-21	51	31.6	22.1	26.5	0.1	1.0	40594.36	16.1
Can Tho	2022-01-22	3	31.5	22.5	26.4	0.0	0.0	39785.79	15.1
Can Tho	2022-01-23	51	31.4	22.5	26.5	0.7	4.0	40147.3	11.6
Can Tho	2022-01-24	51	31.8	22.1	26.7	0.3	3.0	40668.2	13.4
Can Tho	2022-01-25	51	31.6	22.8	26.6	0.6	3.0	40133.87	14.6
Can Tho	2022-01-26	53	32.1	22.9	26.8	2.1	4.0	40711.93	14.8
Can Tho	2022-01-27	3	32.6	22.8	27.2	0.0	0.0	39743.47	13.8
Can Tho	2022-01-28	3	32.3	22.6	27.2	0.0	0.0	39511.59	11.6
Can Tho	2022-01-29	3	32.7	22.1	27.2	0.0	0.0	40523.65	9.9
Can Tho	2022-01-30	51	32.1	23.2	27.1	0.5	2.0	40049.37	14.3
Can Tho	2022-01-31	3	32.1	23.6	27.1	0.0	0.0	40803.77	19.4
Can Tho	2022-02-01	51	32.3	23.7	27.3	0.3	2.0	40573.92	20.5
Can Tho	2022-02-02	3	32.6	24.0	27.6	0.0	0.0	41078.29	20.7
Can Tho	2022-02-03	3	33.3	23.7	27.7	0.0	0.0	41091.24	21.6
Can Tho	2022-02-04	51	33.4	24.3	28.1	0.2	2.0	40859.18	22.0
Can Tho	2022-02-05	3	33.1	23.7	27.7	0.0	0.0	41114.16	19.4
Can Tho	2022-02-06	3	33.2	23.6	27.9	0.0	0.0	40394.4	24.1
Can Tho	2022-02-07	51	33.2	25.0	28.2	0.6	4.0	35351.63	19.8
Can Tho	2022-02-08	51	33.5	24.6	28.0	0.5	2.0	35399.84	17.3
Can Tho	2022-02-09	3	32.9	24.3	27.9	0.0	0.0	40388.58	22.5
Can Tho	2022-02-10	3	33.6	25.0	28.4	0.0	0.0	39895.97	22.5
Can Tho	2022-02-11	51	33.4	24.8	28.1	0.1	1.0	39887.2	22.7
Can Tho	2022-02-12	51	32.5	25.2	27.8	0.2	2.0	30764.55	19.1
Can Tho	2022-02-13	55	31.2	24.9	27.4	1.7	4.0	41071.82	22.7
Can Tho	2022-02-14	51	33.2	24.8	28.2	0.1	1.0	41059.93	24.4
Can Tho	2022-02-15	55	32.5	25.4	28.1	1.7	5.0	40567.58	26.1
Can Tho	2022-02-16	61	31.6	24.5	27.2	2.4	5.0	40315.7	20.0
Can Tho	2022-02-17	53	33.1	24.5	27.9	1.6	7.0	40058.73	16.1
Can Tho	2022-02-18	3	33.2	24.2	28.0	0.0	0.0	41007.59	19.3
Can Tho	2022-02-19	3	33.7	23.0	28.1	0.0	0.0	41232.17	10.9
Can Tho	2022-02-20	53	32.8	23.9	27.8	1.6	5.0	39407.38	13.2
Can Tho	2022-02-21	53	32.8	23.6	27.6	1.7	5.0	37326.27	18.6
Can Tho	2022-02-22	53	33.4	23.6	27.3	1.0	5.0	36075.26	12.1
Can Tho	2022-02-23	61	31.7	23.9	27.5	3.1	10.0	39041.09	12.6
Can Tho	2022-02-24	53	32.5	23.8	27.2	0.7	2.0	32568.56	15.3
Can Tho	2022-02-25	51	30.9	23.4	26.9	0.2	2.0	12012.72	20.0
Can Tho	2022-02-26	3	33.6	23.7	28.2	0.0	0.0	41360.59	25.3
Can Tho	2022-02-27	51	33.2	24.2	28.1	0.1	1.0	42260.12	27.6
Can Tho	2022-02-28	3	33.6	24.4	28.1	0.0	0.0	42286.96	22.7
Can Tho	2022-03-01	3	34.4	24.9	28.7	0.0	0.0	42314.11	18.4
Can Tho	2022-03-02	53	32.8	25.9	28.2	0.7	2.0	26751.03	20.4
Can Tho	2022-03-03	53	33.5	24.9	28.5	1.5	5.0	39629.13	18.0
Can Tho	2022-03-04	3	34.7	24.8	28.9	0.0	0.0	41968.42	16.5
Can Tho	2022-03-05	51	33.6	24.4	28.3	0.6	5.0	38557.93	19.8
Can Tho	2022-03-06	51	33.0	24.6	28.2	0.1	1.0	40662.4	19.9
Can Tho	2022-03-07	51	34.1	24.9	28.6	0.3	3.0	39600.0	19.2
Can Tho	2022-03-08	3	33.9	24.6	28.3	0.0	0.0	42515.55	23.0
Can Tho	2022-03-09	51	33.3	24.4	28.4	0.5	3.0	42547.08	16.3
Can Tho	2022-03-10	51	31.7	23.9	27.4	0.1	1.0	31094.28	15.3
Can Tho	2022-03-11	3	33.7	23.2	28.1	0.0	0.0	42611.92	15.5
Can Tho	2022-03-12	3	32.5	23.8	28.1	0.0	0.0	22366.02	20.2
Can Tho	2022-03-13	51	33.2	25.9	28.8	0.3	3.0	39992.63	24.2
Can Tho	2022-03-14	51	34.2	25.7	29.0	0.3	3.0	40853.22	17.9
Can Tho	2022-03-15	3	34.4	25.0	29.1	0.0	0.0	41771.53	15.8
Can Tho	2022-03-16	53	32.3	25.1	28.2	1.9	5.0	42781.07	14.7
Can Tho	2022-03-17	51	33.7	24.5	28.7	0.4	3.0	41598.1	12.1
Can Tho	2022-03-18	63	33.2	25.3	27.7	5.8	11.0	33475.94	16.1
Can Tho	2022-03-19	51	34.2	23.7	28.2	0.1	1.0	42884.57	18.3
Can Tho	2022-03-20	51	33.2	24.6	28.3	0.4	2.0	40980.97	18.1
Can Tho	2022-03-21	63	31.8	25.2	27.2	12.9	11.0	31293.98	12.8
Can Tho	2022-03-22	63	30.3	24.5	26.3	13.2	12.0	28800.0	21.0
Can Tho	2022-03-23	61	32.3	23.8	27.0	2.4	4.0	39420.96	12.9
Can Tho	2022-03-24	51	32.0	24.4	28.0	0.6	6.0	43054.29	12.7
Can Tho	2022-03-25	53	32.8	25.4	28.5	1.2	4.0	43087.64	12.6
Can Tho	2022-03-26	51	33.8	24.2	28.9	0.2	2.0	43121.41	11.3
Can Tho	2022-03-27	53	32.9	25.3	27.9	2.0	9.0	40886.85	17.1
Can Tho	2022-03-28	61	33.6	23.8	27.6	4.2	6.0	41686.18	13.0
Can Tho	2022-03-29	61	33.5	24.0	27.5	3.8	6.0	39507.2	13.1
Can Tho	2022-03-30	53	32.7	24.4	27.6	1.6	7.0	34805.34	10.9
Can Tho	2022-03-31	65	31.9	23.9	26.6	24.7	17.0	21934.65	11.5
Can Tho	2022-04-01	65	29.5	23.6	25.4	37.8	18.0	9564.18	18.3
Can Tho	2022-04-02	63	31.1	23.5	26.3	14.6	17.0	38125.82	13.2
Can Tho	2022-04-03	63	31.2	23.0	26.2	9.5	14.0	41596.04	17.2
Can Tho	2022-04-04	65	30.5	22.9	25.6	14.8	7.0	33578.1	16.7
Can Tho	2022-04-05	65	30.5	23.1	25.9	17.5	14.0	33790.38	19.4
Can Tho	2022-04-06	63	31.4	23.3	26.3	15.5	6.0	37315.14	8.3
Can Tho	2022-04-07	53	30.7	23.8	26.4	1.2	4.0	30840.48	9.8
Can Tho	2022-04-08	63	30.6	23.4	25.9	7.3	7.0	34437.18	10.2
Can Tho	2022-04-09	51	31.0	23.3	26.3	0.8	5.0	41341.67	13.4
Can Tho	2022-04-10	51	31.8	23.6	27.1	0.8	6.0	40654.83	11.7
Can Tho	2022-04-11	61	30.7	23.6	25.8	8.7	15.0	37205.49	14.5
Can Tho	2022-04-12	53	31.7	23.1	26.8	1.0	3.0	43200.0	14.3
Can Tho	2022-04-13	61	32.5	23.6	27.7	1.7	2.0	41503.17	16.6
Can Tho	2022-04-14	53	33.2	24.8	28.1	1.2	5.0	41296.94	13.2
Can Tho	2022-04-15	65	32.9	25.0	27.6	12.5	9.0	30723.07	9.7
Can Tho	2022-04-16	65	31.9	23.9	26.8	27.4	7.0	30318.53	8.7
Can Tho	2022-04-17	51	32.4	24.6	28.1	0.4	2.0	43200.0	14.2
Can Tho	2022-04-18	63	30.9	25.5	27.5	6.7	8.0	33413.97	16.7
Can Tho	2022-04-19	65	31.9	24.4	27.6	17.2	5.0	43200.0	12.6
Can Tho	2022-04-20	53	31.7	25.4	27.8	1.8	4.0	43200.0	15.0
Can Tho	2022-04-21	63	31.4	25.2	27.8	5.8	8.0	37346.49	16.3
Can Tho	2022-04-22	51	32.1	25.1	28.4	0.5	3.0	43200.0	15.3
Can Tho	2022-04-23	53	32.7	25.7	28.3	2.3	8.0	40046.95	13.3
Can Tho	2022-04-24	63	33.0	24.8	27.7	5.9	9.0	37918.25	9.2
Can Tho	2022-04-25	53	32.9	24.9	28.1	1.0	3.0	42390.21	11.6
Can Tho	2022-04-26	61	33.0	24.4	28.1	1.9	3.0	39084.68	10.9
Can Tho	2022-04-27	3	33.7	24.5	29.4	0.0	0.0	43200.0	12.2
Can Tho	2022-04-28	63	32.6	26.0	28.4	8.1	10.0	37521.77	14.5
Can Tho	2022-04-29	63	27.6	24.4	25.8	27.3	17.0	5580.05	9.8
Can Tho	2022-04-30	55	31.0	24.4	27.0	6.2	11.0	35447.08	14.8
Can Tho	2022-05-01	63	32.0	24.8	27.2	8.6	9.0	33491.57	11.9
Can Tho	2022-05-02	63	31.8	24.7	26.6	22.1	12.0	26171.71	16.1
Can Tho	2022-05-03	63	29.4	23.9	25.7	11.7	17.0	14339.42	13.3
Can Tho	2022-05-04	65	30.8	24.2	25.9	21.6	16.0	21596.43	14.5
Can Tho	2022-05-05	63	30.5	23.6	26.6	5.8	13.0	33869.67	15.4
Can Tho	2022-05-06	61	29.4	24.8	27.0	4.3	10.0	32587.2	18.2
Can Tho	2022-05-07	61	30.8	25.1	27.2	5.3	8.0	29531.98	22.7
Can Tho	2022-05-08	63	28.2	25.2	26.5	11.5	10.0	19806.05	18.4
Can Tho	2022-05-09	63	29.8	25.1	27.0	7.4	11.0	25076.15	16.9
Can Tho	2022-05-10	63	30.8	25.1	27.2	12.2	11.0	28658.97	14.2
Can Tho	2022-05-11	51	32.4	24.9	27.8	0.8	5.0	43200.0	17.1
Can Tho	2022-05-12	65	31.6	24.4	27.3	17.1	11.0	36864.31	8.0
Can Tho	2022-05-13	63	32.2	25.3	28.0	7.0	6.0	41805.77	11.3
Can Tho	2022-05-14	61	31.8	25.7	28.2	4.8	8.0	32994.79	11.8
Can Tho	2022-05-15	55	32.4	25.4	28.5	1.7	7.0	43200.0	16.4
Can Tho	2022-05-16	65	30.3	24.4	26.7	22.1	10.0	17034.08	13.2
Can Tho	2022-05-17	65	31.0	24.1	26.5	18.7	15.0	24600.32	9.8
Can Tho	2022-05-18	65	30.2	24.3	26.4	22.2	18.0	20134.54	8.9
Can Tho	2022-05-19	65	29.6	24.6	26.6	21.3	17.0	13116.74	12.6
Can Tho	2022-05-20	65	29.5	24.7	26.8	15.6	6.0	25516.0	12.2
Can Tho	2022-05-21	63	31.2	25.4	27.4	13.7	9.0	31453.58	18.0
Can Tho	2022-05-22	65	30.4	24.3	26.2	28.7	14.0	16718.16	17.4
Can Tho	2022-05-23	53	28.1	24.4	26.0	4.4	13.0	237.2	17.2
Can Tho	2022-05-24	53	31.4	24.6	27.6	1.4	5.0	40218.45	13.0
Can Tho	2022-05-25	61	31.3	25.2	28.1	1.8	4.0	35734.9	21.1
Can Tho	2022-05-26	63	31.3	26.0	28.3	5.6	9.0	32515.44	18.6
Can Tho	2022-05-27	63	30.0	23.8	26.4	13.9	16.0	15125.25	22.0
Can Tho	2022-05-28	63	30.7	23.9	26.4	14.1	15.0	18294.66	22.4
Can Tho	2022-05-29	61	28.6	24.0	26.3	3.8	12.0	19933.67	19.1
Can Tho	2022-05-30	65	29.1	24.7	26.4	18.0	8.0	18331.21	14.6
Can Tho	2022-05-31	63	31.4	24.7	27.3	5.9	12.0	36000.0	12.6
Can Tho	2022-06-01	65	31.3	24.7	27.1	10.8	8.0	25414.59	15.8
Can Tho	2022-06-02	63	30.8	24.4	26.4	8.6	7.0	26313.65	21.2
Can Tho	2022-06-03	63	30.0	23.7	26.3	8.0	9.0	29434.94	14.5
Can Tho	2022-06-04	65	30.2	24.2	26.0	19.6	11.0	25843.84	16.3
Can Tho	2022-06-05	61	31.7	23.2	27.2	1.8	1.0	41053.81	16.9
Can Tho	2022-06-06	61	31.4	24.8	27.6	3.4	10.0	40114.45	18.8
Can Tho	2022-06-07	63	31.6	25.2	27.0	6.7	7.0	32400.0	18.3
Can Tho	2022-06-08	61	32.1	24.6	27.9	4.5	6.0	43200.0	11.8
Can Tho	2022-06-09	51	33.1	24.6	28.6	0.3	1.0	43200.0	11.3
Can Tho	2022-06-10	63	31.4	25.3	27.4	8.9	8.0	32910.02	13.2
Can Tho	2022-06-11	63	32.5	23.5	27.8	7.2	6.0	40227.65	11.7
Can Tho	2022-06-12	65	31.5	23.7	26.6	19.7	10.0	32400.0	13.3
Can Tho	2022-06-13	63	30.9	24.3	27.0	5.0	7.0	43200.0	12.6
Can Tho	2022-06-14	61	31.8	24.0	27.4	3.0	2.0	43200.0	9.0
Can Tho	2022-06-15	63	31.5	24.5	27.1	9.0	6.0	38023.38	12.5
Can Tho	2022-06-16	63	31.3	24.4	27.3	8.7	8.0	33805.26	7.9
Can Tho	2022-06-17	65	31.9	24.1	27.2	16.8	3.0	34405.85	13.7
Can Tho	2022-06-18	63	31.8	24.1	27.3	13.4	6.0	33628.98	11.9
Can Tho	2022-06-19	63	31.9	24.8	26.9	5.2	8.0	33768.27	13.5
Can Tho	2022-06-20	63	31.5	24.4	26.9	7.6	8.0	32754.18	10.7
Can Tho	2022-06-21	63	31.6	23.6	26.3	11.3	9.0	28800.0	18.7
Can Tho	2022-06-22	65	30.8	23.2	26.6	8.4	7.0	32400.0	11.7
Can Tho	2022-06-23	65	31.0	24.2	26.5	11.9	7.0	31742.2	12.3
Can Tho	2022-06-24	65	29.9	23.3	25.8	15.6	11.0	27896.11	12.7
Can Tho	2022-06-25	63	30.3	23.2	25.9	11.9	10.0	30247.53	12.6
Can Tho	2022-06-26	63	31.4	23.5	26.6	7.3	8.0	30712.48	16.7
Can Tho	2022-06-27	55	32.0	24.4	27.7	2.0	3.0	43200.0	11.7
Can Tho	2022-06-28	51	30.8	25.0	27.9	1.6	9.0	38413.42	15.1
Can Tho	2022-06-29	65	30.6	25.8	27.7	15.8	7.0	22954.95	16.8
Can Tho	2022-06-30	65	29.2	25.6	26.6	16.3	8.0	21368.87	20.6
Can Tho	2022-07-01	63	29.6	24.8	26.7	7.5	9.0	6328.87	17.5
Can Tho	2022-07-02	63	29.5	24.6	26.7	10.2	10.0	14400.0	21.9
Can Tho	2022-07-03	65	29.7	24.8	26.9	21.8	10.0	31199.85	15.0
Can Tho	2022-07-04	63	30.4	25.0	26.9	8.4	8.0	39397.79	15.3
Can Tho	2022-07-05	63	30.6	24.4	26.7	11.1	8.0	31767.55	22.3
Can Tho	2022-07-06	63	29.2	25.3	26.8	16.6	10.0	31723.63	17.1
Can Tho	2022-07-07	65	30.6	24.2	26.9	10.7	9.0	32583.34	17.6
Can Tho	2022-07-08	63	28.3	24.8	26.3	15.3	17.0	15753.53	18.9
Can Tho	2022-07-09	63	30.2	24.3	26.6	11.4	17.0	12222.26	20.8
Can Tho	2022-07-10	63	30.9	24.2	26.4	9.1	15.0	28467.34	23.9
Can Tho	2022-07-11	53	28.7	23.9	25.9	3.7	13.0	2840.1	23.1
Can Tho	2022-07-12	65	26.3	23.3	24.9	30.8	17.0	5058.94	27.5
Can Tho	2022-07-13	63	26.0	22.6	24.6	28.4	20.0	0.0	25.2
Can Tho	2022-07-14	51	29.8	24.8	26.7	1.2	6.0	33522.33	23.4
Can Tho	2022-07-15	63	29.4	24.0	26.1	14.2	10.0	30847.35	18.7
Can Tho	2022-07-16	63	29.9	24.3	26.4	9.8	10.0	33985.42	14.4
Can Tho	2022-07-17	65	30.2	24.5	26.4	17.1	10.0	31715.22	14.2
Can Tho	2022-07-18	55	31.3	24.6	27.4	2.6	5.0	39301.48	15.5
Can Tho	2022-07-19	63	31.4	24.8	26.8	11.0	6.0	27732.87	21.6
Can Tho	2022-07-20	65	29.6	24.8	25.8	32.6	23.0	12422.85	15.1
Can Tho	2022-07-21	63	28.8	24.2	25.6	8.6	12.0	4187.83	16.5
Can Tho	2022-07-22	51	31.7	23.1	27.2	0.4	3.0	40136.28	8.0
Can Tho	2022-07-23	63	31.0	24.5	27.1	12.2	10.0	32988.33	8.4
Can Tho	2022-07-24	65	31.0	24.3	27.1	14.2	9.0	36036.9	7.6
Can Tho	2022-07-25	63	30.6	24.9	27.3	6.5	10.0	39903.05	10.4
Can Tho	2022-07-26	63	31.0	24.4	27.0	9.5	10.0	40346.71	12.3
Can Tho	2022-07-27	65	31.0	24.3	26.3	10.8	10.0	32833.68	14.7
Can Tho	2022-07-28	63	31.2	23.8	26.9	5.0	4.0	43200.0	12.0
Can Tho	2022-07-29	53	32.0	23.5	27.2	1.4	4.0	40132.18	17.4
Can Tho	2022-07-30	63	32.0	24.5	27.3	9.1	7.0	37228.85	14.8
Can Tho	2022-07-31	61	31.1	24.5	27.0	6.5	8.0	42865.27	17.3
Can Tho	2022-08-01	61	29.6	24.5	26.5	7.7	17.0	31876.05	17.1
Can Tho	2022-08-02	63	31.5	24.3	27.0	6.9	10.0	38270.99	12.8
Can Tho	2022-08-03	63	30.0	24.5	26.4	8.9	8.0	36428.61	13.0
Can Tho	2022-08-04	65	31.0	23.6	26.1	27.7	9.0	31726.35	18.3
Can Tho	2022-08-05	63	30.3	24.2	26.9	8.1	5.0	28054.52	16.6
Can Tho	2022-08-06	61	27.9	24.7	25.9	4.8	11.0	6629.19	16.9
Can Tho	2022-08-07	53	29.8	23.8	26.3	2.3	8.0	14338.93	21.3
Can Tho	2022-08-08	61	29.2	24.8	26.3	6.6	8.0	12362.29	13.9
Can Tho	2022-08-09	53	29.9	23.9	26.2	3.2	18.0	23465.86	20.3
Can Tho	2022-08-10	63	29.1	24.4	26.1	8.4	9.0	30641.5	17.0
Can Tho	2022-08-11	65	28.3	24.3	25.7	17.3	10.0	17009.0	18.7
Can Tho	2022-08-12	63	31.4	23.7	26.6	12.3	6.0	36000.0	20.1
Can Tho	2022-08-13	51	31.6	22.8	27.3	0.1	1.0	43200.0	11.6
Can Tho	2022-08-14	53	31.8	23.6	27.6	0.8	4.0	43200.0	12.7
Can Tho	2022-08-15	63	29.7	25.5	26.9	11.0	8.0	16875.76	16.6
Can Tho	2022-08-16	63	29.7	24.4	26.3	6.5	7.0	33759.83	21.4
Can Tho	2022-08-17	63	31.2	24.0	26.7	6.1	9.0	43200.0	16.4
Can Tho	2022-08-18	65	31.1	24.7	27.2	14.6	5.0	40538.57	15.4
Can Tho	2022-08-19	53	30.8	24.8	27.3	1.3	6.0	36109.56	19.5
Can Tho	2022-08-20	63	29.3	24.8	26.7	9.7	8.0	27528.74	21.2
Can Tho	2022-08-21	65	30.4	24.5	26.5	13.9	7.0	18405.69	13.8
Can Tho	2022-08-22	55	30.3	24.1	26.6	3.1	10.0	32952.22	15.4
Can Tho	2022-08-23	65	29.6	23.9	26.2	15.9	8.0	24564.76	16.4
Can Tho	2022-08-24	65	31.4	24.7	26.8	18.3	10.0	27691.87	14.3
Can Tho	2022-08-25	65	30.5	24.4	26.0	21.8	12.0	20496.37	20.3
Can Tho	2022-08-26	65	30.9	23.8	25.8	14.9	12.0	14658.24	16.0
Can Tho	2022-08-27	65	31.3	23.7	26.5	30.6	13.0	26144.93	14.8
Can Tho	2022-08-28	65	31.1	23.2	26.2	17.0	9.0	36080.03	10.3
Can Tho	2022-08-29	63	29.9	23.9	26.2	6.7	11.0	26917.5	16.8
Can Tho	2022-08-30	61	30.2	23.9	26.8	4.7	9.0	41519.18	10.5
Can Tho	2022-08-31	63	31.2	23.3	26.6	11.9	15.0	33714.09	12.5
Can Tho	2022-09-01	61	31.7	24.4	27.3	3.7	6.0	43200.0	14.2
Can Tho	2022-09-02	63	32.3	24.1	27.3	11.2	10.0	39993.28	13.2
Can Tho	2022-09-03	65	32.2	24.1	26.6	12.8	8.0	37310.47	14.5
Can Tho	2022-09-04	63	30.0	23.9	25.9	18.4	13.0	29913.1	19.0
Can Tho	2022-09-05	63	29.5	24.3	26.2	11.0	15.0	16280.81	17.4
Can Tho	2022-09-06	65	28.9	23.7	25.9	14.6	12.0	24119.0	20.2
Can Tho	2022-09-07	61	27.4	23.7	25.3	17.5	21.0	6235.98	19.1
Can Tho	2022-09-08	53	29.5	23.6	26.0	2.1	12.0	39662.4	20.2
Can Tho	2022-09-09	65	30.4	23.9	26.2	14.0	10.0	30806.86	15.3
Can Tho	2022-09-10	63	30.0	23.5	25.7	14.5	16.0	27741.52	8.2
Can Tho	2022-09-11	63	30.2	23.0	25.3	14.2	12.0	28800.0	14.8
Can Tho	2022-09-12	63	29.9	23.4	25.6	11.9	15.0	20075.09	12.9
Can Tho	2022-09-13	63	30.1	24.1	26.5	10.4	10.0	34039.17	12.0
Can Tho	2022-09-14	63	30.9	24.0	26.1	11.2	8.0	30834.48	17.9
Can Tho	2022-09-15	55	29.3	23.8	26.4	1.9	7.0	29751.85	21.7
Can Tho	2022-09-16	63	30.2	24.4	26.8	9.3	7.0	31724.49	20.3
Can Tho	2022-09-17	61	30.3	24.6	26.8	4.1	6.0	24480.88	14.6
Can Tho	2022-09-18	63	29.7	24.7	26.6	9.0	8.0	36465.86	19.8
Can Tho	2022-09-19	63	28.8	24.5	26.6	5.5	6.0	33670.01	19.6
Can Tho	2022-09-20	63	29.5	25.0	26.4	14.6	9.0	19383.91	21.5
Can Tho	2022-09-21	65	29.4	23.7	26.1	11.1	10.0	27113.74	16.8
Can Tho	2022-09-22	63	30.0	23.7	25.9	19.7	11.0	20659.57	19.7
Can Tho	2022-09-23	53	31.2	23.5	26.7	1.7	3.0	35238.13	15.7
Can Tho	2022-09-24	63	30.7	24.0	26.6	14.4	10.0	38013.74	16.5
Can Tho	2022-09-25	61	30.9	24.2	26.7	6.1	12.0	32400.0	20.0
Can Tho	2022-09-26	65	30.5	24.0	26.2	21.1	13.0	21697.39	22.9
Can Tho	2022-09-27	63	28.2	24.6	25.5	10.4	14.0	7274.6	22.3
Can Tho	2022-09-28	63	27.2	24.3	25.5	13.3	17.0	3046.59	26.8
Can Tho	2022-09-29	63	29.3	23.5	25.5	12.9	19.0	12842.3	18.4
Can Tho	2022-09-30	65	30.3	23.5	25.8	18.2	12.0	12403.11	14.9
Can Tho	2022-10-01	65	29.2	23.8	25.8	21.2	18.0	22623.23	17.1
Can Tho	2022-10-02	63	29.3	24.2	25.7	32.3	21.0	18234.87	7.4
Can Tho	2022-10-03	63	29.8	23.3	25.5	13.5	13.0	23832.77	20.8
Can Tho	2022-10-04	63	30.8	23.0	26.3	6.7	8.0	35370.31	16.6
Can Tho	2022-10-05	63	28.5	24.1	25.9	13.9	13.0	25951.68	19.7
Can Tho	2022-10-06	63	29.3	23.4	25.3	9.2	13.0	8939.48	15.2
Can Tho	2022-10-07	61	30.7	22.9	26.7	5.2	8.0	39589.12	14.0
Can Tho	2022-10-08	63	25.3	23.9	24.4	55.1	21.0	0.0	8.2
Can Tho	2022-10-09	63	28.3	23.5	25.3	14.9	18.0	17320.35	14.0
Can Tho	2022-10-10	63	29.1	23.5	25.4	5.4	5.0	11909.99	10.2
Can Tho	2022-10-11	61	31.2	23.6	26.4	6.8	7.0	37593.29	10.0
Can Tho	2022-10-12	65	30.4	23.8	25.8	19.6	15.0	21912.34	16.6
Can Tho	2022-10-13	63	30.8	23.0	26.3	6.1	7.0	34678.66	14.9
Can Tho	2022-10-14	51	30.0	23.8	26.4	0.6	4.0	35392.72	14.8
Can Tho	2022-10-15	3	30.7	22.9	26.2	0.0	0.0	38248.12	12.7
Can Tho	2022-10-16	51	30.8	21.8	25.9	0.5	3.0	40879.64	9.9
Can Tho	2022-10-17	63	31.4	22.7	26.8	3.9	6.0	40422.94	9.7
Can Tho	2022-10-18	63	30.8	22.9	26.2	12.2	11.0	30358.7	10.2
Can Tho	2022-10-19	63	28.7	23.5	25.5	10.5	18.0	18529.96	13.5
Can Tho	2022-10-20	63	29.0	23.8	25.6	11.0	11.0	14990.64	12.0
Can Tho	2022-10-21	63	29.6	23.6	25.8	7.3	11.0	27313.73	13.8
Can Tho	2022-10-22	63	30.0	23.6	26.2	12.2	12.0	33768.47	9.1
Can Tho	2022-10-23	63	30.6	24.0	26.5	12.4	17.0	33987.4	11.3
Can Tho	2022-10-24	63	30.3	23.8	26.0	12.8	12.0	18290.49	10.6
Can Tho	2022-10-25	63	29.8	23.7	26.5	15.3	18.0	33097.2	9.2
Can Tho	2022-10-26	63	30.2	24.0	26.2	16.1	18.0	30730.66	12.2
Can Tho	2022-10-27	63	28.9	23.0	25.3	8.7	8.0	27260.05	15.9
Can Tho	2022-10-28	63	30.7	24.0	26.3	5.7	7.0	31505.08	8.2
Can Tho	2022-10-29	55	31.4	23.6	27.0	1.1	2.0	39600.0	10.0
Can Tho	2022-10-30	51	31.6	24.8	27.5	0.2	2.0	37108.21	13.7
Can Tho	2022-10-31	3	31.3	23.1	27.3	0.0	0.0	40135.79	11.6
Can Tho	2022-11-01	3	31.0	22.9	26.9	0.0	0.0	39600.0	9.9
Can Tho	2022-11-02	51	29.9	23.4	26.0	2.2	13.0	36000.0	14.5
Can Tho	2022-11-03	63	28.9	23.5	25.1	22.2	11.0	21093.84	15.2
Can Tho	2022-11-04	63	27.4	23.4	24.6	15.9	13.0	7935.98	16.3
Can Tho	2022-11-05	63	28.2	23.4	25.3	7.9	10.0	25873.14	18.5
Can Tho	2022-11-06	53	30.5	23.2	26.3	0.8	2.0	36592.54	12.9
Can Tho	2022-11-07	63	30.6	23.3	26.3	4.9	6.0	32400.0	8.6
Can Tho	2022-11-08	53	30.6	23.3	26.5	1.0	4.0	39717.1	10.5
Can Tho	2022-11-09	51	31.1	23.3	27.0	0.5	4.0	39723.11	11.2
Can Tho	2022-11-10	63	31.0	24.5	27.2	7.0	5.0	31197.99	12.6
Can Tho	2022-11-11	61	30.0	24.6	26.6	4.4	5.0	19962.25	12.4
Can Tho	2022-11-12	63	30.0	23.8	25.9	15.2	11.0	32400.0	10.1
Can Tho	2022-11-13	63	30.2	23.8	26.3	7.6	10.0	36471.03	18.6
Can Tho	2022-11-14	63	29.5	24.5	26.3	12.0	8.0	30394.35	20.4
Can Tho	2022-11-15	53	30.5	23.8	26.9	1.2	4.0	39600.0	16.7
Can Tho	2022-11-16	3	31.4	24.2	27.4	0.0	0.0	36398.4	17.8
Can Tho	2022-11-17	63	30.6	25.0	27.0	4.9	5.0	39600.0	16.0
Can Tho	2022-11-18	65	30.9	23.6	26.1	26.7	13.0	23070.2	11.2
Can Tho	2022-11-19	53	28.1	23.9	25.8	2.9	9.0	3492.19	15.0
Can Tho	2022-11-20	63	25.5	24.0	24.8	39.5	23.0	0.0	13.5
Can Tho	2022-11-21	63	29.2	23.5	25.7	15.8	12.0	19479.2	11.9
Can Tho	2022-11-22	65	28.4	23.3	25.2	18.8	9.0	10308.45	11.3
Can Tho	2022-11-23	65	29.3	23.1	25.3	17.4	10.0	22284.29	19.1
Can Tho	2022-11-24	61	28.1	24.1	25.7	9.3	14.0	22276.25	20.4
Can Tho	2022-11-25	61	30.0	23.2	26.0	4.0	6.0	36000.0	14.6
Can Tho	2022-11-26	61	30.0	23.7	25.9	3.2	8.0	36599.17	15.8
Can Tho	2022-11-27	63	30.0	23.8	26.1	5.2	9.0	37502.51	13.7
Can Tho	2022-11-28	63	30.1	23.8	26.3	6.5	7.0	32643.0	13.0
Can Tho	2022-11-29	51	30.5	23.7	26.8	0.7	4.0	40172.07	13.4
Can Tho	2022-11-30	51	31.3	23.5	27.2	0.1	1.0	39510.13	15.5
Can Tho	2022-12-01	51	30.9	24.5	27.4	0.6	4.0	36000.0	12.4
Can Tho	2022-12-02	51	29.7	24.4	27.1	0.3	2.0	35468.71	22.2
Can Tho	2022-12-03	63	27.3	23.9	25.3	12.9	12.0	8316.31	18.2
Can Tho	2022-12-04	51	29.8	23.9	26.4	1.2	8.0	29362.13	24.9
Can Tho	2022-12-05	51	30.3	24.7	27.2	0.8	3.0	39953.06	21.0
Can Tho	2022-12-06	55	31.0	23.8	26.9	2.0	5.0	40168.88	12.1
Can Tho	2022-12-07	63	29.6	23.8	25.6	17.0	11.0	30836.85	15.8
Can Tho	2022-12-08	3	30.5	23.4	26.6	0.0	0.0	40092.69	18.6
Can Tho	2022-12-09	51	29.8	23.7	26.1	1.3	6.0	32962.65	13.2
Can Tho	2022-12-10	55	29.7	23.6	25.9	1.3	3.0	32997.62	13.7
Can Tho	2022-12-11	51	29.5	24.4	26.3	0.9	7.0	39464.99	16.9
Can Tho	2022-12-12	3	29.7	23.8	26.1	0.0	0.0	39933.15	17.0
Can Tho	2022-12-13	3	28.9	22.1	25.0	0.0	0.0	40086.87	11.7
Can Tho	2022-12-14	51	29.0	20.8	25.1	0.1	1.0	40102.26	11.6
Can Tho	2022-12-15	51	29.3	21.9	25.4	0.3	2.0	40313.56	9.8
Can Tho	2022-12-16	3	30.6	22.1	26.3	0.0	0.0	33568.73	10.0
Can Tho	2022-12-17	53	28.0	24.1	25.8	2.3	6.0	2403.69	12.3
Can Tho	2022-12-18	55	29.4	23.3	26.1	1.3	3.0	32400.0	26.2
Can Tho	2022-12-19	3	28.8	21.3	24.6	0.0	0.0	40132.03	17.6
Can Tho	2022-12-20	3	30.0	21.5	25.0	0.0	0.0	37417.17	12.1
Can Tho	2022-12-21	3	30.3	21.8	25.8	0.0	0.0	39345.04	12.0
Can Tho	2022-12-22	51	30.0	21.9	25.7	0.7	6.0	34379.16	9.0
Can Tho	2022-12-23	51	29.1	21.5	24.9	0.4	3.0	37918.17	14.0
Can Tho	2022-12-24	3	28.0	20.2	24.2	0.0	0.0	34467.09	7.8
Can Tho	2022-12-25	3	28.9	19.6	24.1	0.0	0.0	39347.49	9.2
Can Tho	2022-12-26	3	29.0	19.5	24.0	0.0	0.0	33339.81	9.7
Can Tho	2022-12-27	51	27.2	21.1	24.0	0.8	5.0	38051.56	11.3
Can Tho	2022-12-28	3	29.7	19.6	24.7	0.0	0.0	41011.04	10.1
Can Tho	2022-12-29	3	29.9	20.7	24.7	0.0	0.0	37699.71	8.6
Can Tho	2022-12-30	51	27.2	20.5	23.8	0.8	4.0	12338.55	6.6
Can Tho	2022-12-31	3	28.7	21.4	24.9	0.0	0.0	28803.01	11.5
Can Tho	2023-01-01	3	28.2	21.1	24.4	0.0	0.0	17832.6	11.6
Can Tho	2023-01-02	51	29.9	22.6	25.9	0.3	2.0	36587.61	10.0
Can Tho	2023-01-03	61	31.2	22.7	25.6	3.1	5.0	31604.25	15.5
Can Tho	2023-01-04	51	30.1	22.8	26.1	0.4	1.0	26249.26	16.6
Can Tho	2023-01-05	51	27.9	23.3	25.3	1.8	7.0	11623.32	23.3
Can Tho	2023-01-06	63	26.0	20.7	23.3	19.5	12.0	10361.09	19.2
Can Tho	2023-01-07	61	25.3	21.4	23.6	3.1	5.0	3831.15	20.9
Can Tho	2023-01-08	51	26.6	21.0	23.6	0.7	6.0	16685.92	12.7
Can Tho	2023-01-09	63	27.5	21.8	24.2	14.1	11.0	29089.25	11.7
Can Tho	2023-01-10	63	26.9	22.6	24.1	20.5	20.0	9036.25	14.9
Can Tho	2023-01-11	63	27.5	23.2	24.7	10.8	15.0	32550.1	18.7
Can Tho	2023-01-12	61	28.2	22.8	24.8	3.6	8.0	33808.9	14.0
Can Tho	2023-01-13	63	29.5	22.3	25.3	3.9	7.0	36859.03	11.9
Can Tho	2023-01-14	63	29.4	22.1	25.3	5.0	7.0	30167.87	6.8
Can Tho	2023-01-15	51	30.6	22.2	26.2	0.1	1.0	40910.42	11.2
Can Tho	2023-01-16	53	29.3	22.5	25.4	1.3	3.0	29526.2	9.2
Can Tho	2023-01-17	61	29.1	22.1	25.0	2.9	8.0	36873.95	12.7
Can Tho	2023-01-18	51	28.5	22.3	24.8	0.6	5.0	35272.11	13.4
Can Tho	2023-01-19	3	28.5	22.8	25.3	0.0	0.0	34850.71	12.2
Can Tho	2023-01-20	51	28.8	22.0	25.5	0.4	3.0	38298.19	14.1
Can Tho	2023-01-21	51	30.0	21.9	26.2	0.4	1.0	40082.85	9.0
Can Tho	2023-01-22	51	30.3	23.3	26.6	0.5	5.0	39361.76	14.0
Can Tho	2023-01-23	51	30.1	23.3	26.5	0.9	6.0	36784.22	12.8
Can Tho	2023-01-24	63	30.2	23.0	26.3	4.5	4.0	37480.26	17.5
Can Tho	2023-01-25	63	27.9	22.0	24.3	3.1	2.0	17775.35	15.2
Can Tho	2023-01-26	3	28.5	21.9	24.6	0.0	0.0	26135.61	9.0
Can Tho	2023-01-27	63	29.0	21.5	24.8	8.7	6.0	31611.74	10.0
Can Tho	2023-01-28	3	29.1	22.5	25.4	0.0	0.0	31242.76	14.5
Can Tho	2023-01-29	3	28.2	20.7	24.1	0.0	0.0	36328.56	11.4
Can Tho	2023-01-30	3	28.4	20.9	23.8	0.0	0.0	31750.75	11.6
Can Tho	2023-01-31	3	29.3	19.5	24.6	0.0	0.0	41045.38	9.4
Can Tho	2023-02-01	61	29.9	21.7	25.8	2.1	3.0	31336.33	11.0
Can Tho	2023-02-02	63	30.0	24.0	26.5	3.9	4.0	36777.33	19.2
Can Tho	2023-02-03	3	31.0	24.6	27.1	0.0	0.0	39622.84	22.7
Can Tho	2023-02-04	3	31.6	23.5	27.0	0.0	0.0	39881.86	20.7
Can Tho	2023-02-05	3	31.0	23.5	26.5	0.0	0.0	40870.08	18.8
Can Tho	2023-02-06	51	31.4	22.3	26.3	0.2	2.0	41124.05	15.5
Can Tho	2023-02-07	51	31.0	23.2	26.4	0.5	5.0	40404.25	16.5
Can Tho	2023-02-08	51	31.3	23.1	26.7	0.7	7.0	40400.95	17.7
Can Tho	2023-02-09	51	31.3	24.0	27.0	0.4	3.0	40634.36	21.7
Can Tho	2023-02-10	3	31.7	22.8	26.7	0.0	0.0	41592.01	20.5
Can Tho	2023-02-11	3	32.2	22.9	26.7	0.0	0.0	40855.87	16.5
Can Tho	2023-02-12	51	31.7	22.3	26.8	0.4	3.0	41327.01	12.8
Can Tho	2023-02-13	51	31.9	21.9	26.6	0.2	2.0	36863.86	15.6
Can Tho	2023-02-14	3	31.6	22.3	26.6	0.0	0.0	29651.56	13.7
Can Tho	2023-02-15	3	31.6	23.9	27.0	0.0	0.0	41048.9	20.9
Can Tho	2023-02-16	3	31.7	21.2	26.5	0.0	0.0	40086.11	16.5
Can Tho	2023-02-17	51	32.2	22.1	26.7	0.2	2.0	41740.59	19.0
Can Tho	2023-02-18	51	31.1	22.9	26.8	0.1	1.0	35687.51	11.4
Can Tho	2023-02-19	61	31.2	23.3	26.0	5.9	13.0	38130.35	17.2
Can Tho	2023-02-20	51	29.8	22.8	25.8	0.4	3.0	36856.45	11.3
Can Tho	2023-02-21	51	31.1	22.6	26.4	0.3	3.0	41442.36	16.4
Can Tho	2023-02-22	51	31.0	22.9	26.4	0.3	3.0	40951.48	11.6
Can Tho	2023-02-23	51	31.3	22.4	26.4	0.4	3.0	41649.43	11.9
Can Tho	2023-02-24	51	31.4	21.7	26.4	0.2	2.0	41871.04	16.5
Can Tho	2023-02-25	3	30.7	22.6	26.1	0.0	0.0	39600.69	15.7
Can Tho	2023-02-26	3	31.7	21.5	26.2	0.0	0.0	41128.58	14.7
Can Tho	2023-02-27	3	31.9	22.0	26.4	0.0	0.0	36975.69	15.5
Can Tho	2023-02-28	3	31.9	23.1	26.9	0.0	0.0	34854.42	15.3
Can Tho	2023-03-01	51	32.8	23.2	27.2	0.1	1.0	41417.89	17.4
Can Tho	2023-03-02	3	32.7	23.9	27.4	0.0	0.0	39600.0	16.7
Can Tho	2023-03-03	3	31.6	22.1	26.5	0.0	0.0	40755.21	15.2
Can Tho	2023-03-04	3	32.1	22.5	26.1	0.0	0.0	39600.0	17.1
Can Tho	2023-03-05	3	30.5	21.6	25.4	0.0	0.0	41014.7	15.2
Can Tho	2023-03-06	3	31.3	21.2	25.7	0.0	0.0	39600.0	14.8
Can Tho	2023-03-07	3	32.3	22.1	26.3	0.0	0.0	37177.08	19.3
Can Tho	2023-03-08	3	32.4	21.9	26.6	0.0	0.0	42511.22	18.5
Can Tho	2023-03-09	0	31.1	22.4	25.9	0.0	0.0	42543.33	19.1
Can Tho	2023-03-10	2	32.2	21.7	26.2	0.0	0.0	42575.83	18.7
Can Tho	2023-03-11	3	32.1	22.2	26.5	0.0	0.0	39008.63	20.6
Can Tho	2023-03-12	3	31.0	22.2	26.0	0.0	0.0	42641.67	19.7
Can Tho	2023-03-13	3	32.2	22.3	26.5	0.0	0.0	40011.49	19.1
Can Tho	2023-03-14	3	31.9	22.0	26.2	0.0	0.0	42708.19	19.8
Can Tho	2023-03-15	3	32.3	22.8	26.7	0.0	0.0	42741.52	17.9
Can Tho	2023-03-16	3	33.3	23.0	27.2	0.0	0.0	42774.81	17.5
Can Tho	2023-03-17	3	32.7	23.3	27.4	0.0	0.0	42808.0	18.3
Can Tho	2023-03-18	3	32.0	23.7	27.3	0.0	0.0	42841.01	18.9
Can Tho	2023-03-19	2	33.9	23.5	27.8	0.0	0.0	42873.78	19.8
Can Tho	2023-03-20	51	33.4	23.7	27.9	0.7	4.0	39306.69	13.8
Can Tho	2023-03-21	3	33.7	23.9	28.3	0.0	0.0	42940.16	12.7
Can Tho	2023-03-22	3	34.1	24.2	28.3	0.0	0.0	39600.0	18.6
Can Tho	2023-03-23	3	34.1	23.7	28.3	0.0	0.0	39600.0	13.9
Can Tho	2023-03-24	3	33.9	23.8	28.2	0.0	0.0	40451.65	16.5
Can Tho	2023-03-25	3	33.8	23.9	28.2	0.0	0.0	43008.31	16.0
Can Tho	2023-03-26	3	34.7	22.6	28.4	0.0	0.0	43113.4	13.0
Can Tho	2023-03-27	51	34.3	24.0	28.8	0.1	1.0	43148.74	15.1
Can Tho	2023-03-28	51	34.2	25.2	29.0	0.2	2.0	43184.17	19.2
Can Tho	2023-03-29	51	34.4	25.2	29.0	0.1	1.0	43200.0	16.3
Can Tho	2023-03-30	51	34.3	24.1	28.9	0.3	2.0	43200.0	13.4
Can Tho	2023-03-31	51	33.9	24.5	28.8	0.3	2.0	43200.0	13.2
Can Tho	2023-04-01	3	34.2	24.1	28.6	0.0	0.0	43200.0	17.8
Can Tho	2023-04-02	61	33.4	23.7	27.5	2.4	7.0	40987.25	17.7
Can Tho	2023-04-03	63	33.7	24.5	27.6	6.5	5.0	39273.71	12.5
Can Tho	2023-04-04	63	33.4	23.3	27.5	3.7	4.0	43200.0	14.1
Can Tho	2023-04-05	55	33.7	24.0	28.1	1.2	2.0	39886.99	14.0
Can Tho	2023-04-06	3	34.2	24.0	28.9	0.0	0.0	40708.59	14.7
Can Tho	2023-04-07	3	34.7	24.8	29.3	0.0	0.0	43200.0	16.3
Can Tho	2023-04-08	1	35.6	24.6	29.4	0.0	0.0	43200.0	18.0
Can Tho	2023-04-09	53	34.5	25.0	28.9	1.0	2.0	43003.64	18.3
Can Tho	2023-04-10	61	33.4	22.9	27.8	2.3	5.0	38293.03	14.7
Can Tho	2023-04-11	53	33.1	24.4	28.7	1.7	4.0	43200.0	10.2
Can Tho	2023-04-12	51	34.8	25.2	29.2	0.4	2.0	43200.0	11.3
Can Tho	2023-04-13	51	34.9	25.6	29.8	0.1	1.0	43200.0	14.6
Can Tho	2023-04-14	51	34.9	25.6	30.0	0.7	4.0	43200.0	12.7
Can Tho	2023-04-15	63	35.5	25.0	29.0	10.6	8.0	43022.74	16.5
Can Tho	2023-04-16	63	30.8	24.4	27.2	5.3	5.0	8312.16	11.1
Can Tho	2023-04-17	61	33.2	25.3	28.3	3.8	5.0	41143.42	18.4
Can Tho	2023-04-18	53	33.2	25.5	28.6	1.0	4.0	43200.0	10.9
Can Tho	2023-04-19	51	34.2	25.2	29.2	0.3	2.0	43200.0	14.4
Can Tho	2023-04-20	53	34.9	25.8	29.2	1.0	2.0	41147.99	19.4
Can Tho	2023-04-21	63	33.8	25.9	28.9	5.4	4.0	41436.88	17.7
Can Tho	2023-04-22	3	34.8	25.4	29.8	0.0	0.0	43200.0	11.0
Can Tho	2023-04-23	51	35.5	26.1	30.1	0.1	1.0	43200.0	15.9
Can Tho	2023-04-24	51	35.6	25.3	30.0	0.1	1.0	43200.0	13.9
Can Tho	2023-04-25	51	36.3	26.5	30.7	0.1	1.0	43200.0	18.3
Can Tho	2023-04-26	3	35.2	26.7	30.5	0.0	0.0	43200.0	17.2
Can Tho	2023-04-27	51	35.5	27.1	30.4	0.1	1.0	43200.0	21.8
Can Tho	2023-04-28	51	35.2	26.6	30.4	0.4	2.0	43200.0	16.3
Can Tho	2023-04-29	63	34.6	26.6	29.0	6.4	3.0	40072.55	14.2
Can Tho	2023-04-30	51	33.4	25.0	29.0	0.6	4.0	39412.54	15.5
Can Tho	2023-05-01	3	34.9	26.6	30.2	0.0	0.0	43200.0	20.9
Can Tho	2023-05-02	2	35.7	26.9	30.6	0.0	0.0	43200.0	21.0
Can Tho	2023-05-03	3	35.4	27.1	30.8	0.0	0.0	43200.0	16.1
Can Tho	2023-05-04	51	35.9	26.6	30.8	0.2	2.0	43200.0	12.2
Can Tho	2023-05-05	51	35.7	26.3	30.4	0.3	3.0	43200.0	15.5
Can Tho	2023-05-06	51	36.3	26.6	31.1	0.4	2.0	43126.94	13.8
Can Tho	2023-05-07	53	36.1	27.4	30.8	0.9	2.0	43200.0	18.5
Can Tho	2023-05-08	61	35.4	26.9	29.3	3.4	6.0	31603.66	15.3
Can Tho	2023-05-09	65	32.8	25.3	27.4	22.8	10.0	24234.62	12.3
Can Tho	2023-05-10	63	33.0	25.1	28.1	10.1	5.0	33749.36	15.8
Can Tho	2023-05-11	61	32.8	25.3	28.5	5.2	9.0	30658.41	10.9
Can Tho	2023-05-12	63	31.9	26.3	27.9	12.0	16.0	26478.93	8.4
Can Tho	2023-05-13	61	33.1	25.5	28.5	6.0	12.0	43200.0	13.0
Can Tho	2023-05-14	63	33.6	25.5	27.9	15.2	12.0	37741.04	15.8
Can Tho	2023-05-15	53	33.6	25.0	28.6	1.0	3.0	43200.0	15.0
Can Tho	2023-05-16	51	33.1	25.8	29.2	0.7	5.0	43200.0	14.8
Can Tho	2023-05-17	51	34.3	26.3	29.6	0.6	4.0	39600.0	16.0
Can Tho	2023-05-18	63	32.0	26.6	28.4	10.0	7.0	33672.85	25.6
Can Tho	2023-05-19	63	33.0	26.1	28.9	7.6	6.0	41436.02	18.8
Can Tho	2023-05-20	63	32.0	26.7	28.2	11.6	9.0	20521.74	16.2
Can Tho	2023-05-21	63	32.8	24.9	27.4	10.7	12.0	21600.0	16.7
Can Tho	2023-05-22	63	32.4	24.3	27.1	6.0	5.0	30999.96	16.8
Can Tho	2023-05-23	63	31.5	24.9	27.5	8.7	9.0	28313.97	15.9
Can Tho	2023-05-24	63	32.4	26.1	28.1	7.7	4.0	39600.0	18.7
Can Tho	2023-05-25	61	30.7	24.9	27.8	3.7	9.0	36314.09	17.3
Can Tho	2023-05-26	65	31.9	25.4	27.4	15.1	5.0	31355.05	14.0
Can Tho	2023-05-27	65	29.4	25.2	26.4	19.3	11.0	18819.77	15.0
Can Tho	2023-05-28	65	27.7	23.9	25.7	40.0	9.0	16297.57	16.6
Can Tho	2023-05-29	61	30.6	24.6	27.0	8.3	10.0	32304.18	18.1
Can Tho	2023-05-30	63	29.2	25.4	27.2	8.3	7.0	18220.3	14.8
Can Tho	2023-05-31	63	29.9	25.9	27.3	8.7	6.0	30689.88	19.2
Can Tho	2023-06-01	61	31.1	25.0	27.4	2.7	5.0	20032.39	18.0
Can Tho	2023-06-02	65	32.0	25.9	27.8	10.3	8.0	32422.99	16.8
Can Tho	2023-06-03	63	31.8	26.1	28.1	8.9	7.0	42556.22	17.8
Can Tho	2023-06-04	63	31.2	25.7	27.7	10.3	10.0	25219.52	19.9
Can Tho	2023-06-05	63	29.5	25.6	26.9	16.9	16.0	23571.34	16.9
Can Tho	2023-06-06	63	31.4	25.3	27.6	10.7	11.0	37948.85	21.5
Can Tho	2023-06-07	61	26.8	25.1	25.8	10.1	20.0	0.0	14.0
Can Tho	2023-06-08	51	30.9	25.1	27.5	2.1	14.0	29575.91	20.6
Can Tho	2023-06-09	53	28.9	25.5	26.9	5.0	15.0	2753.26	14.2
Can Tho	2023-06-10	65	31.6	25.5	27.2	11.3	9.0	28211.22	19.1
Can Tho	2023-06-11	51	30.9	25.5	27.7	0.4	2.0	28772.07	22.3
Can Tho	2023-06-12	63	31.0	25.4	26.8	15.4	15.0	19711.22	16.2
Can Tho	2023-06-13	61	30.5	25.1	27.3	5.9	10.0	27051.61	12.9
Can Tho	2023-06-14	63	31.6	25.6	27.8	8.3	5.0	36973.32	20.2
Can Tho	2023-06-15	55	32.4	25.0	28.2	1.2	2.0	39268.69	14.4
Can Tho	2023-06-16	63	31.8	25.2	27.9	8.7	8.0	37427.06	14.5
Can Tho	2023-06-17	65	31.6	25.2	27.3	28.3	12.0	24871.49	14.5
Can Tho	2023-06-18	63	29.9	24.5	26.1	23.4	16.0	30241.29	16.4
Can Tho	2023-06-19	63	31.6	24.4	26.9	6.6	6.0	30530.99	14.1
Can Tho	2023-06-20	63	31.6	25.0	27.5	4.7	6.0	35787.43	17.0
Can Tho	2023-06-21	51	31.8	24.9	28.0	0.5	4.0	38080.54	15.2
Can Tho	2023-06-22	51	32.2	25.5	28.4	1.7	7.0	39600.0	11.5
Can Tho	2023-06-23	51	32.9	26.0	28.8	1.0	5.0	36265.96	16.2
Can Tho	2023-06-24	53	31.6	25.8	28.1	2.1	6.0	42354.72	18.7
Can Tho	2023-06-25	65	31.7	25.4	27.2	15.1	9.0	24334.31	13.3
Can Tho	2023-06-26	63	31.8	25.0	27.1	10.0	12.0	39031.9	16.9
Can Tho	2023-06-27	65	30.9	24.4	26.9	13.8	10.0	30352.64	15.9
Can Tho	2023-06-28	63	30.0	24.3	26.6	12.8	12.0	30731.19	15.4
Can Tho	2023-06-29	63	31.5	24.8	27.3	10.0	11.0	38761.6	15.0
Can Tho	2023-06-30	63	30.0	24.5	26.8	14.7	11.0	29806.31	17.9
Can Tho	2023-07-01	65	31.3	25.0	26.8	26.8	15.0	26155.26	20.5
Can Tho	2023-07-02	63	29.8	24.8	26.7	11.0	17.0	31125.04	15.4
Can Tho	2023-07-03	65	30.7	25.0	26.6	18.3	15.0	22097.0	13.8
Can Tho	2023-07-04	65	32.0	24.1	27.2	10.0	1.0	36000.0	9.5
Can Tho	2023-07-05	51	32.0	24.1	27.1	1.0	7.0	32951.38	16.3
Can Tho	2023-07-06	63	31.3	24.6	26.9	30.9	17.0	33603.11	8.8
Can Tho	2023-07-07	61	31.4	24.7	27.3	3.2	12.0	41652.78	11.2
Can Tho	2023-07-08	65	30.8	24.5	26.5	12.9	13.0	36000.0	13.4
Can Tho	2023-07-09	65	30.5	24.3	26.2	15.2	13.0	27478.8	9.7
Can Tho	2023-07-10	63	32.0	23.7	26.9	5.2	4.0	39454.52	18.4
Can Tho	2023-07-11	63	31.7	24.1	27.4	5.3	9.0	43200.0	11.6
Can Tho	2023-07-12	63	31.1	24.7	27.4	8.4	7.0	33217.72	13.9
Can Tho	2023-07-13	63	30.5	26.0	27.4	17.3	12.0	24407.81	19.0
Can Tho	2023-07-14	63	30.0	25.7	27.3	26.6	15.0	27550.64	19.2
Can Tho	2023-07-15	51	29.8	25.9	27.7	1.2	4.0	6501.19	21.0
Can Tho	2023-07-16	53	29.7	25.8	27.5	2.5	9.0	26014.34	30.8
Can Tho	2023-07-17	63	27.9	24.0	25.7	13.8	19.0	10505.5	23.1
Can Tho	2023-07-18	65	28.3	24.5	25.8	27.1	23.0	12444.48	24.2
Can Tho	2023-07-19	63	27.6	24.5	25.8	28.2	17.0	26710.0	23.4
Can Tho	2023-07-20	63	27.4	24.5	25.6	16.5	15.0	0.0	20.0
Can Tho	2023-07-21	53	28.9	24.4	26.0	1.5	8.0	22141.19	22.6
Can Tho	2023-07-22	63	27.9	24.0	25.5	30.3	15.0	13901.69	15.1
Can Tho	2023-07-23	63	27.7	24.1	25.7	11.5	19.0	10152.3	18.3
Can Tho	2023-07-24	63	29.4	24.5	26.1	12.4	10.0	17455.65	18.7
Can Tho	2023-07-25	65	29.9	24.5	26.5	8.9	7.0	28330.08	18.9
Can Tho	2023-07-26	51	30.3	25.0	27.3	1.2	6.0	43200.0	25.0
Can Tho	2023-07-27	63	28.6	25.5	26.6	11.9	15.0	24877.08	25.7
Can Tho	2023-07-28	63	30.2	24.5	26.3	15.9	16.0	26172.87	24.4
Can Tho	2023-07-29	61	29.3	24.5	26.4	7.0	11.0	15919.33	21.1
Can Tho	2023-07-30	63	30.3	23.8	26.6	6.3	12.0	16163.25	20.1
Can Tho	2023-07-31	61	28.9	23.4	26.6	7.7	12.0	5456.8	18.7
Can Tho	2023-08-01	65	29.7	25.0	26.7	11.4	8.0	24783.79	18.9
Can Tho	2023-08-02	51	30.4	26.0	27.8	0.8	5.0	39853.4	23.9
Can Tho	2023-08-03	63	30.6	24.7	26.9	10.5	10.0	31047.64	21.3
Can Tho	2023-08-04	63	31.5	25.1	27.2	3.7	7.0	25475.54	19.4
Can Tho	2023-08-05	61	31.3	25.0	27.5	3.1	6.0	43200.0	20.1
Can Tho	2023-08-06	53	31.6	25.0	28.0	1.3	6.0	43200.0	21.5
Can Tho	2023-08-07	63	31.1	25.7	28.1	4.7	8.0	43200.0	19.4
Can Tho	2023-08-08	55	31.6	25.0	27.8	3.2	9.0	43200.0	19.8
Can Tho	2023-08-09	55	31.6	24.2	27.9	1.3	3.0	43200.0	18.5
Can Tho	2023-08-10	51	31.2	25.4	27.9	1.5	7.0	43200.0	20.7
Can Tho	2023-08-11	61	31.1	25.7	27.8	2.2	6.0	42130.48	18.8
Can Tho	2023-08-12	63	31.5	25.4	27.7	8.4	8.0	41784.12	18.7
Can Tho	2023-08-13	61	30.4	24.9	27.3	4.7	10.0	38827.77	18.5
Can Tho	2023-08-14	55	30.3	24.3	27.0	5.3	12.0	33344.8	20.5
Can Tho	2023-08-15	63	30.3	24.1	26.6	9.4	12.0	35225.88	18.8
Can Tho	2023-08-16	65	29.8	24.1	26.3	25.1	13.0	32171.4	18.6
Can Tho	2023-08-17	51	30.8	24.3	27.3	1.2	7.0	41149.43	20.7
Can Tho	2023-08-18	61	29.2	25.2	27.0	8.5	13.0	29464.73	20.7
Can Tho	2023-08-19	65	29.5	24.7	26.4	18.0	11.0	23378.93	16.8
Can Tho	2023-08-20	65	29.8	23.8	25.5	22.5	15.0	18671.99	17.6
Can Tho	2023-08-21	53	31.1	24.2	26.8	2.8	7.0	43200.0	16.4
Can Tho	2023-08-22	65	31.3	24.0	26.6	15.3	8.0	34879.92	12.3
Can Tho	2023-08-23	51	32.4	25.0	28.0	0.1	1.0	40743.05	17.7
Can Tho	2023-08-24	51	32.0	24.9	27.9	0.7	6.0	43200.0	16.3
Can Tho	2023-08-25	63	32.4	24.7	27.9	8.5	8.0	43200.0	14.7
Can Tho	2023-08-26	63	31.4	25.6	27.5	7.5	8.0	26343.99	17.2
Can Tho	2023-08-27	63	29.9	25.6	27.3	6.9	8.0	28159.14	19.7
Can Tho	2023-08-28	63	30.2	25.6	27.3	7.2	7.0	25547.02	17.9
Can Tho	2023-08-29	53	31.2	25.5	27.4	2.5	7.0	26414.22	19.3
Can Tho	2023-08-30	63	30.0	25.0	27.1	10.3	9.0	33605.67	19.1
Can Tho	2023-08-31	63	30.5	25.5	27.1	9.3	10.0	25200.0	18.8
Can Tho	2023-09-01	63	30.0	24.4	26.4	11.6	15.0	19236.19	22.3
Can Tho	2023-09-02	63	28.6	24.4	26.0	12.7	21.0	17685.88	24.9
Can Tho	2023-09-03	63	29.6	25.0	26.6	17.4	19.0	29173.46	20.4
Can Tho	2023-09-04	63	28.1	24.4	25.8	18.1	23.0	16316.73	17.8
Can Tho	2023-09-05	65	29.9	24.1	26.0	30.9	21.0	20223.22	19.3
Can Tho	2023-09-06	51	30.1	24.6	26.7	1.2	6.0	8833.18	16.7
Can Tho	2023-09-07	63	29.5	24.9	26.9	10.7	6.0	31825.72	14.9
Can Tho	2023-09-08	65	31.3	24.1	26.5	21.0	10.0	25265.63	24.7
Can Tho	2023-09-09	65	30.2	24.5	26.1	17.9	14.0	24861.7	17.3
Can Tho	2023-09-10	63	29.8	24.5	25.9	17.4	18.0	17966.11	21.5
Can Tho	2023-09-11	51	31.2	24.1	26.9	0.5	3.0	36365.07	18.1
Can Tho	2023-09-12	61	30.0	24.4	27.0	5.5	9.0	36570.99	17.0
Can Tho	2023-09-13	63	31.0	25.0	26.9	9.3	10.0	23815.89	12.3
Can Tho	2023-09-14	63	28.5	25.1	26.0	23.1	12.0	28030.48	19.0
Can Tho	2023-09-15	53	28.5	24.1	26.1	2.0	8.0	14662.7	18.1
Can Tho	2023-09-16	65	29.8	24.3	26.1	19.5	9.0	22613.49	15.8
Can Tho	2023-09-17	65	31.5	23.9	26.4	28.2	10.0	32690.82	12.6
Can Tho	2023-09-18	65	31.8	23.8	26.9	12.3	9.0	35078.02	11.0
Can Tho	2023-09-19	65	31.9	24.5	27.1	16.6	12.0	32400.0	12.7
Can Tho	2023-09-20	63	31.9	24.3	26.9	6.2	6.0	39600.0	9.4
Can Tho	2023-09-21	65	30.4	23.8	26.2	19.4	14.0	24503.29	16.3
Can Tho	2023-09-22	65	30.9	24.0	26.4	23.0	13.0	32400.0	14.4
Can Tho	2023-09-23	65	29.4	24.0	25.8	17.8	13.0	7844.6	10.1
Can Tho	2023-09-24	63	29.8	23.9	26.2	18.4	19.0	26550.08	14.1
Can Tho	2023-09-25	65	30.3	24.1	26.0	27.6	22.0	22542.75	20.3
Can Tho	2023-09-26	61	29.4	24.1	25.9	7.9	23.0	26199.57	22.3
Can Tho	2023-09-27	63	30.1	23.9	25.9	17.0	14.0	25656.84	19.0
Can Tho	2023-09-28	65	31.1	24.6	26.5	17.4	10.0	22115.77	12.0
Can Tho	2023-09-29	63	32.2	24.6	27.6	7.4	7.0	33986.02	15.0
Can Tho	2023-09-30	53	28.7	25.2	26.4	3.1	8.0	12459.92	13.3
Can Tho	2023-10-01	65	31.1	24.2	26.4	25.6	15.0	24611.09	16.1
Can Tho	2023-10-02	65	28.7	24.4	25.6	56.6	22.0	2227.47	11.1
Can Tho	2023-10-03	65	30.3	24.4	26.0	25.5	20.0	26250.94	18.3
Can Tho	2023-10-04	63	30.1	24.6	26.6	11.2	7.0	37137.49	14.7
Can Tho	2023-10-05	61	31.2	24.6	26.6	5.3	8.0	25720.4	16.1
Can Tho	2023-10-06	63	32.1	23.5	27.1	5.1	5.0	33537.31	14.3
Can Tho	2023-10-07	61	31.9	24.3	27.4	2.9	5.0	36622.42	12.9
Can Tho	2023-10-08	63	31.7	24.9	26.8	9.5	11.0	18434.66	14.9
Can Tho	2023-10-09	63	31.7	24.6	27.5	5.8	4.0	25680.18	11.7
Can Tho	2023-10-10	61	31.7	24.2	27.1	8.3	12.0	28800.0	13.5
Can Tho	2023-10-11	63	31.3	24.1	27.2	6.7	15.0	37233.57	12.7
Can Tho	2023-10-12	63	32.2	24.4	27.0	7.1	7.0	37442.65	15.8
Can Tho	2023-10-13	63	31.9	23.1	26.5	4.0	7.0	34563.03	10.9
Can Tho	2023-10-14	65	31.6	23.9	27.0	15.3	9.0	31108.13	11.8
Can Tho	2023-10-15	65	30.6	24.5	26.3	24.0	14.0	18096.39	8.4
Can Tho	2023-10-16	63	30.4	24.4	26.3	15.4	18.0	27924.31	17.5
Can Tho	2023-10-17	63	31.6	23.9	26.8	14.0	11.0	29606.4	12.7
Can Tho	2023-10-18	65	30.9	24.1	26.3	16.5	10.0	28219.43	20.7
Can Tho	2023-10-19	65	31.8	24.3	27.0	18.1	12.0	30484.92	10.1
Can Tho	2023-10-20	63	31.9	24.8	27.3	9.6	10.0	36393.88	10.9
Can Tho	2023-10-21	63	31.3	24.3	26.8	8.7	9.0	34170.69	14.5
Can Tho	2023-10-22	63	31.6	23.7	26.7	10.0	15.0	37689.52	14.6
Can Tho	2023-10-23	61	30.9	23.4	26.3	2.0	4.0	33582.36	10.2
Can Tho	2023-10-24	65	31.4	23.8	26.7	26.9	11.0	32610.88	12.3
Can Tho	2023-10-25	65	30.7	23.8	26.2	12.3	8.0	33666.87	11.5
Can Tho	2023-10-26	63	31.2	24.6	26.7	5.7	7.0	33264.7	13.3
Can Tho	2023-10-27	63	31.6	24.6	27.5	6.2	7.0	36000.0	8.3
Can Tho	2023-10-28	63	30.8	23.5	26.5	10.5	11.0	32400.0	8.9
Can Tho	2023-10-29	63	30.6	24.3	26.4	7.3	8.0	25321.89	18.8
Can Tho	2023-10-30	65	30.8	23.8	27.0	18.3	13.0	36280.63	16.3
Can Tho	2023-10-31	63	31.9	24.6	26.7	7.3	9.0	28902.88	13.8
Can Tho	2023-11-01	63	31.3	23.6	26.6	15.2	9.0	33170.49	15.5
Can Tho	2023-11-02	63	31.8	24.2	27.0	5.3	10.0	37089.84	12.2
Can Tho	2023-11-03	63	31.4	24.4	26.9	11.7	12.0	31496.85	17.9
Can Tho	2023-11-04	51	30.8	24.5	27.4	0.6	3.0	36087.05	16.0
Can Tho	2023-11-05	63	31.0	25.0	27.3	5.2	10.0	36000.0	14.8
Can Tho	2023-11-06	61	31.8	24.6	27.5	2.8	7.0	38570.99	12.4
Can Tho	2023-11-07	65	31.8	24.9	26.8	11.7	5.0	26109.35	14.7
Can Tho	2023-11-08	63	30.8	24.4	26.6	12.2	11.0	31648.28	15.2
Can Tho	2023-11-09	63	31.6	24.3	26.9	9.5	17.0	31171.52	13.8
Can Tho	2023-11-10	63	28.4	23.7	25.5	12.3	16.0	17871.73	18.0
Can Tho	2023-11-11	63	30.8	24.1	26.8	12.1	12.0	37057.21	19.3
Can Tho	2023-11-12	63	30.4	24.8	26.9	10.9	8.0	33014.71	19.4
Can Tho	2023-11-13	61	31.7	25.1	27.9	2.2	5.0	39988.19	22.5
Can Tho	2023-11-14	63	30.8	24.1	27.1	12.1	9.0	36000.0	18.3
Can Tho	2023-11-15	65	30.6	24.5	26.3	14.5	14.0	17866.13	20.2
Can Tho	2023-11-16	63	29.3	24.1	26.4	12.3	10.0	30579.11	23.4
Can Tho	2023-11-17	61	30.9	24.1	26.6	4.7	9.0	36046.6	16.9
Can Tho	2023-11-18	3	30.0	22.6	26.1	0.0	0.0	39385.74	15.1
Can Tho	2023-11-19	3	30.3	22.2	25.8	0.0	0.0	32400.0	13.8
Can Tho	2023-11-20	3	30.3	22.9	26.4	0.0	0.0	36000.0	13.0
Can Tho	2023-11-21	51	31.1	24.0	27.0	0.2	2.0	36000.0	8.3
Can Tho	2023-11-22	51	31.4	23.6	27.1	0.2	2.0	39751.5	10.5
Can Tho	2023-11-23	63	28.8	24.9	26.1	9.1	11.0	3115.75	8.9
Can Tho	2023-11-24	61	28.5	24.0	25.9	3.8	8.0	3600.0	10.1
Can Tho	2023-11-25	65	30.7	22.8	26.3	14.1	7.0	37977.6	16.9
Can Tho	2023-11-26	51	30.1	23.7	26.5	0.2	2.0	18827.03	16.8
Can Tho	2023-11-27	61	30.2	23.7	26.5	2.6	5.0	35698.71	11.4
Can Tho	2023-11-28	51	30.8	22.8	26.4	0.3	2.0	37430.72	13.7
Can Tho	2023-11-29	51	30.9	23.8	27.0	0.7	5.0	37424.2	21.3
Can Tho	2023-11-30	63	31.3	24.1	27.2	4.1	3.0	36578.45	15.5
Can Tho	2023-12-01	53	30.8	24.3	27.3	1.4	6.0	40111.54	14.8
Can Tho	2023-12-02	61	29.8	23.8	26.0	10.9	13.0	18695.71	18.6
Can Tho	2023-12-03	61	30.0	24.1	26.4	3.5	6.0	25823.77	23.8
Can Tho	2023-12-04	53	30.8	24.2	26.6	1.2	3.0	34456.1	12.5
Can Tho	2023-12-05	3	31.5	23.6	27.1	0.0	0.0	39717.35	16.0
Can Tho	2023-12-06	51	30.2	23.8	26.9	1.3	6.0	28879.34	12.8
Can Tho	2023-12-07	53	30.8	24.2	26.9	1.6	4.0	39894.0	11.8
Can Tho	2023-12-08	51	31.3	24.0	27.0	0.1	1.0	35679.12	14.1
Can Tho	2023-12-09	51	31.4	24.2	27.2	0.8	5.0	38370.31	10.5
Can Tho	2023-12-10	51	30.8	24.0	26.9	0.7	4.0	36812.06	10.2
Can Tho	2023-12-11	3	32.0	23.9	27.2	0.0	0.0	40236.42	15.9
Can Tho	2023-12-12	3	31.8	23.6	27.1	0.0	0.0	39937.9	17.4
Can Tho	2023-12-13	51	32.0	24.1	27.5	0.1	1.0	35517.52	16.5
Can Tho	2023-12-14	3	32.0	24.8	28.0	0.0	0.0	40359.74	19.8
Can Tho	2023-12-15	51	32.2	24.7	27.8	0.1	1.0	40570.58	14.9
Can Tho	2023-12-16	51	32.3	24.6	27.7	0.3	2.0	40525.85	17.0
Can Tho	2023-12-17	3	32.0	23.7	27.4	0.0	0.0	40225.31	21.3
Can Tho	2023-12-18	53	31.8	24.3	27.2	0.9	5.0	39924.64	17.4
Can Tho	2023-12-19	51	32.0	23.9	27.3	0.3	1.0	39623.99	11.7
Can Tho	2023-12-20	53	32.3	24.4	27.8	0.8	2.0	39835.56	10.7
Can Tho	2023-12-21	3	32.4	25.2	27.8	0.0	0.0	37611.05	14.5
Can Tho	2023-12-22	3	31.1	24.0	27.2	0.0	0.0	31634.95	21.3
Can Tho	2023-12-23	3	30.2	24.1	26.8	0.0	0.0	25336.49	20.6
Can Tho	2023-12-24	3	29.2	24.1	26.0	0.0	0.0	16321.99	16.3
Can Tho	2023-12-25	3	30.4	23.4	26.3	0.0	0.0	38758.12	16.8
Can Tho	2023-12-26	3	31.0	22.6	26.3	0.0	0.0	39836.23	13.7
Can Tho	2023-12-27	51	31.6	22.7	26.7	0.3	2.0	40049.46	14.6
Can Tho	2023-12-28	51	31.9	23.8	27.4	0.4	4.0	40354.03	17.7
Can Tho	2023-12-29	3	32.3	24.1	27.7	0.0	0.0	39323.8	15.5
Can Tho	2023-12-30	51	32.2	24.9	27.9	0.7	7.0	39830.18	12.3
Can Tho	2023-12-31	51	31.9	23.6	27.4	0.5	4.0	39056.31	12.0
Can Tho	2024-01-01	51	31.0	23.4	27.0	1.0	6.0	39048.94	12.4
Can Tho	2024-01-02	51	31.8	23.4	27.4	0.4	4.0	40828.68	11.7
Can Tho	2024-01-03	51	30.9	24.1	26.9	1.5	9.0	39589.72	9.0
Can Tho	2024-01-04	51	31.2	23.3	26.9	0.7	5.0	40553.6	11.5
Can Tho	2024-01-05	3	31.4	23.4	26.8	0.0	0.0	35100.46	13.6
Can Tho	2024-01-06	51	31.7	22.8	27.0	0.1	1.0	40022.49	11.0
Can Tho	2024-01-07	51	32.3	23.5	27.4	0.2	2.0	40870.32	13.7
Can Tho	2024-01-08	51	31.0	24.5	27.2	1.0	7.0	37899.74	12.1
Can Tho	2024-01-09	51	31.9	23.9	27.2	0.3	3.0	36624.63	16.3
Can Tho	2024-01-10	3	32.5	23.7	27.5	0.0	0.0	37483.63	15.4
Can Tho	2024-01-11	3	31.7	24.0	27.4	0.0	0.0	41020.59	15.0
Can Tho	2024-01-12	51	31.4	22.9	26.5	0.1	1.0	38936.58	16.8
Can Tho	2024-01-13	51	31.3	22.5	26.3	0.1	1.0	39572.46	17.3
Can Tho	2024-01-14	3	31.2	22.0	26.4	0.0	0.0	35331.8	11.0
Can Tho	2024-01-15	51	31.4	22.0	26.5	0.1	1.0	40727.67	13.7
Can Tho	2024-01-16	63	31.9	23.1	26.4	5.4	4.0	34050.53	13.5
Can Tho	2024-01-17	3	31.7	23.1	26.8	0.0	0.0	40709.24	18.1
Can Tho	2024-01-18	3	32.1	24.0	27.4	0.0	0.0	39318.24	18.4
Can Tho	2024-01-19	3	31.6	24.1	27.3	0.0	0.0	39265.8	17.1
Can Tho	2024-01-20	3	31.7	23.2	26.9	0.0	0.0	37299.73	15.5
Can Tho	2024-01-21	3	31.4	23.4	26.8	0.0	0.0	39825.92	16.9
Can Tho	2024-01-22	3	31.8	24.9	27.6	0.0	0.0	39604.93	17.6
Can Tho	2024-01-23	3	32.0	24.2	27.3	0.0	0.0	40379.56	18.6
Can Tho	2024-01-24	51	31.2	23.7	26.8	0.1	1.0	40405.29	21.4
Can Tho	2024-01-25	3	31.9	23.2	27.0	0.0	0.0	40678.16	17.2
Can Tho	2024-01-26	3	31.8	23.9	27.0	0.0	0.0	40701.48	15.6
Can Tho	2024-01-27	3	31.8	23.2	26.8	0.0	0.0	40971.04	16.9
Can Tho	2024-01-28	3	31.5	23.0	26.6	0.0	0.0	40991.7	19.1
Can Tho	2024-01-29	3	31.6	22.9	26.8	0.0	0.0	41011.23	20.7
Can Tho	2024-01-30	3	32.9	23.7	27.3	0.0	0.0	40783.35	17.3
Can Tho	2024-01-31	3	32.6	23.0	27.1	0.0	0.0	40309.23	16.3
Can Tho	2024-02-01	3	32.7	23.4	27.3	0.0	0.0	40816.89	17.1
Can Tho	2024-02-02	51	32.1	23.0	26.9	0.5	5.0	40341.68	13.2
Can Tho	2024-02-03	3	32.6	23.2	27.1	0.0	0.0	40600.61	14.8
Can Tho	2024-02-04	51	32.4	23.1	27.2	0.2	2.0	37257.54	12.1
Can Tho	2024-02-05	51	32.2	23.6	27.5	0.1	1.0	38802.15	13.2
Can Tho	2024-02-06	51	33.1	23.6	27.5	0.1	1.0	40635.13	15.8
Can Tho	2024-02-07	51	32.2	23.9	27.8	0.7	5.0	40644.31	12.1
Can Tho	2024-02-08	51	31.8	23.9	27.2	0.8	6.0	34797.52	14.5
Can Tho	2024-02-09	51	33.0	22.8	27.4	0.1	1.0	40567.53	18.4
Can Tho	2024-02-10	3	32.8	24.7	27.9	0.0	0.0	41351.77	18.1
Can Tho	2024-02-11	3	32.6	23.9	27.7	0.0	0.0	41340.28	16.6
Can Tho	2024-02-12	3	32.4	22.7	27.2	0.0	0.0	41810.8	15.2
Can Tho	2024-02-13	3	33.2	23.2	27.4	0.0	0.0	38758.97	23.6
Can Tho	2024-02-14	3	33.6	25.0	28.4	0.0	0.0	41303.74	21.1
Can Tho	2024-02-15	3	33.8	24.9	28.4	0.0	0.0	41531.04	20.3
Can Tho	2024-02-16	3	33.6	24.4	28.1	0.0	0.0	41517.61	21.0
Can Tho	2024-02-17	3	33.4	23.8	27.8	0.0	0.0	41982.89	19.9
Can Tho	2024-02-18	51	33.3	23.3	27.9	0.2	2.0	41490.11	18.5
Can Tho	2024-02-19	3	34.3	24.3	28.4	0.0	0.0	40998.41	17.5
Can Tho	2024-02-20	51	33.7	24.0	28.1	0.2	2.0	40507.81	14.4
Can Tho	2024-02-21	51	33.3	23.8	27.8	0.1	1.0	40018.21	14.5
Can Tho	2024-02-22	1	33.7	23.0	27.6	0.0	0.0	42120.06	15.0
Can Tho	2024-02-23	3	33.5	22.7	27.6	0.0	0.0	41418.25	18.4
Can Tho	2024-02-24	3	33.6	24.3	28.0	0.0	0.0	41640.45	18.9
Can Tho	2024-02-25	3	34.3	24.8	28.5	0.0	0.0	42190.09	19.8
Can Tho	2024-02-26	3	34.1	24.6	28.6	0.0	0.0	42215.42	20.6
Can Tho	2024-02-27	51	33.7	25.4	28.5	0.6	3.0	42241.65	23.3
Can Tho	2024-02-28	3	33.0	25.1	28.2	0.0	0.0	42268.7	27.4
Can Tho	2024-02-29	51	33.3	24.6	28.3	0.2	2.0	42296.49	21.7
Can Tho	2024-03-01	3	33.7	24.9	28.4	0.0	0.0	39472.48	21.3
Can Tho	2024-03-02	51	34.1	25.4	28.8	0.4	4.0	42354.09	19.8
Can Tho	2024-03-03	3	33.3	25.0	28.4	0.0	0.0	40200.88	20.6
Can Tho	2024-03-04	3	34.3	24.6	28.8	0.0	0.0	39610.59	16.5
Can Tho	2024-03-05	3	34.2	23.7	28.5	0.0	0.0	38844.45	16.2
Can Tho	2024-03-06	3	35.6	24.1	29.2	0.0	0.0	39639.06	13.9
Can Tho	2024-03-07	3	35.9	24.7	29.3	0.0	0.0	42506.59	18.3
Can Tho	2024-03-08	3	34.3	24.5	28.6	0.0	0.0	42538.03	21.2
Can Tho	2024-03-09	3	33.8	25.1	28.7	0.0	0.0	42569.63	22.0
Can Tho	2024-03-10	3	34.5	25.2	28.8	0.0	0.0	42085.04	23.5
Can Tho	2024-03-11	3	35.0	24.2	28.9	0.0	0.0	42633.03	18.4
Can Tho	2024-03-12	51	35.8	25.6	29.5	0.1	1.0	42664.71	18.8
Can Tho	2024-03-13	51	34.4	24.8	29.0	0.2	2.0	41798.46	19.1
Can Tho	2024-03-14	51	34.8	24.2	29.1	0.1	1.0	42728.13	18.2
Can Tho	2024-03-15	3	35.4	24.4	28.9	0.0	0.0	42760.68	16.3
Can Tho	2024-03-16	3	35.2	24.2	28.8	0.0	0.0	41746.62	17.3
Can Tho	2024-03-17	51	35.0	24.0	29.0	0.2	2.0	42827.58	17.1
Can Tho	2024-03-18	3	34.9	24.1	28.8	0.0	0.0	42861.77	19.1
Can Tho	2024-03-19	3	34.7	24.5	28.7	0.0	0.0	42896.38	23.4
Can Tho	2024-03-20	51	34.5	24.7	28.7	0.1	1.0	42931.31	25.7
Can Tho	2024-03-21	51	34.3	25.6	29.1	0.4	4.0	42966.51	20.9
Can Tho	2024-03-22	51	34.9	25.6	29.2	0.2	1.0	43001.91	18.5
Can Tho	2024-03-23	51	33.9	24.5	28.8	0.4	4.0	36501.13	15.4
Can Tho	2024-03-24	51	35.2	24.7	29.2	0.3	3.0	43073.0	16.3
Can Tho	2024-03-25	51	35.7	24.6	29.3	0.4	3.0	41518.74	16.0
Can Tho	2024-03-26	51	35.7	25.7	29.7	0.1	1.0	43144.04	18.7
Can Tho	2024-03-27	51	35.2	26.4	30.0	0.5	5.0	43179.35	18.4
Can Tho	2024-03-28	3	35.7	25.9	29.8	0.0	0.0	41285.56	14.2
Can Tho	2024-03-29	51	34.6	25.3	29.4	0.1	1.0	38258.1	13.1
Can Tho	2024-03-30	3	35.1	25.5	29.6	0.0	0.0	43200.0	15.9
Can Tho	2024-03-31	3	35.3	24.9	29.7	0.0	0.0	43200.0	14.8
Can Tho	2024-04-01	51	34.8	25.8	29.9	0.5	4.0	43200.0	13.0
Can Tho	2024-04-02	51	35.1	26.6	30.2	0.2	2.0	43200.0	12.0
Can Tho	2024-04-03	3	35.8	24.1	29.7	0.0	0.0	43200.0	18.7
Can Tho	2024-04-04	3	35.3	24.9	30.0	0.0	0.0	39600.0	15.1
Can Tho	2024-04-05	3	35.9	25.7	30.1	0.0	0.0	41721.36	20.3
Can Tho	2024-04-06	3	35.8	26.0	30.0	0.0	0.0	43200.0	16.1
Can Tho	2024-04-07	51	36.5	25.3	30.3	0.1	1.0	43200.0	16.1
Can Tho	2024-04-08	51	36.5	25.0	30.5	0.1	1.0	43200.0	17.6
Can Tho	2024-04-09	3	37.1	25.5	30.6	0.0	0.0	43200.0	18.6
Can Tho	2024-04-10	3	35.4	26.9	30.5	0.0	0.0	43200.0	23.5
Can Tho	2024-04-11	51	35.6	26.6	30.5	0.2	2.0	43200.0	20.9
Can Tho	2024-04-12	3	36.6	26.6	30.8	0.0	0.0	43200.0	19.7
Can Tho	2024-04-13	3	36.2	26.5	30.6	0.0	0.0	43200.0	16.1
Can Tho	2024-04-14	3	36.7	24.9	30.3	0.0	0.0	43200.0	17.1
Can Tho	2024-04-15	51	37.2	25.4	30.4	0.1	1.0	43200.0	16.3
Can Tho	2024-04-16	3	37.3	26.0	30.8	0.0	0.0	43200.0	18.5
Can Tho	2024-04-17	51	35.3	25.5	30.1	1.0	5.0	43200.0	14.4
Can Tho	2024-04-18	3	36.8	24.7	30.5	0.0	0.0	43200.0	16.3
Can Tho	2024-04-19	3	36.5	25.5	30.7	0.0	0.0	43200.0	19.8
Can Tho	2024-04-20	3	36.3	25.6	30.7	0.0	0.0	43200.0	17.2
Can Tho	2024-04-21	51	36.2	24.9	30.4	0.1	1.0	43200.0	13.3
Can Tho	2024-04-22	3	36.6	25.5	31.1	0.0	0.0	43200.0	14.4
Can Tho	2024-04-23	3	37.7	26.2	31.6	0.0	0.0	43025.39	18.1
Can Tho	2024-04-24	3	37.6	25.8	31.4	0.0	0.0	43200.0	16.1
Can Tho	2024-04-25	3	38.3	26.9	32.0	0.0	0.0	43200.0	16.4
Can Tho	2024-04-26	51	38.3	27.2	32.0	0.4	3.0	40848.55	15.5
Can Tho	2024-04-27	51	37.8	26.8	32.0	0.1	1.0	43200.0	12.1
Can Tho	2024-04-28	51	38.0	27.2	32.2	0.3	2.0	43200.0	10.1
Can Tho	2024-04-29	3	38.2	26.8	32.2	0.0	0.0	43200.0	19.7
Can Tho	2024-04-30	51	37.3	27.0	31.6	0.3	1.0	42979.99	15.0
Can Tho	2024-05-01	3	38.3	27.5	32.5	0.0	0.0	43200.0	13.4
Can Tho	2024-05-02	3	37.9	27.7	32.5	0.0	0.0	43200.0	19.1
Can Tho	2024-05-03	61	36.3	27.4	31.0	3.5	8.0	43200.0	11.4
Can Tho	2024-05-04	65	37.3	26.7	29.9	14.8	5.0	38928.33	13.7
Can Tho	2024-05-05	61	35.6	26.2	28.6	6.0	10.0	28800.0	17.1
Can Tho	2024-05-06	51	33.6	25.8	29.7	0.4	3.0	43200.0	12.5
Can Tho	2024-05-07	63	32.7	25.4	28.5	12.0	6.0	39600.0	16.5
Can Tho	2024-05-08	61	33.2	25.8	29.2	5.0	6.0	43200.0	17.3
Can Tho	2024-05-09	63	32.5	27.1	29.1	10.6	9.0	31637.27	19.3
Can Tho	2024-05-10	63	33.5	27.4	29.4	5.6	6.0	41159.08	20.4
Can Tho	2024-05-11	53	32.6	26.7	29.3	2.3	8.0	38149.97	17.0
Can Tho	2024-05-12	61	33.4	26.7	29.5	5.6	7.0	43200.0	15.5
Can Tho	2024-05-13	63	32.8	26.0	28.5	8.9	10.0	42218.94	12.2
Can Tho	2024-05-14	53	34.4	26.0	29.5	1.2	2.0	41067.78	15.1
Can Tho	2024-05-15	63	31.8	26.7	28.4	8.1	10.0	18000.0	13.5
Can Tho	2024-05-16	63	32.8	26.2	28.4	9.7	7.0	32426.57	18.6
Can Tho	2024-05-17	63	32.8	25.8	28.0	4.9	8.0	36000.0	16.2
Can Tho	2024-05-18	53	33.4	25.8	28.9	1.8	7.0	43200.0	13.6
Can Tho	2024-05-19	63	33.6	26.0	28.8	3.4	3.0	30845.3	13.3
Can Tho	2024-05-20	63	32.4	26.3	28.7	15.0	13.0	22912.58	10.6
Can Tho	2024-05-21	63	30.6	25.8	27.3	13.0	14.0	21010.35	10.3
Can Tho	2024-05-22	61	33.5	25.5	28.3	4.0	6.0	37992.65	15.9
Can Tho	2024-05-23	63	33.0	25.5	28.3	11.6	9.0	34007.32	6.3
Can Tho	2024-05-24	53	33.5	26.3	29.2	1.5	4.0	43200.0	10.5
Can Tho	2024-05-25	65	33.8	25.6	29.2	13.7	10.0	43200.0	9.7
Can Tho	2024-05-26	55	33.2	25.8	28.5	2.3	3.0	39600.0	13.5
Can Tho	2024-05-27	61	34.3	26.4	29.7	2.8	3.0	43200.0	11.0
Can Tho	2024-05-28	63	32.0	27.2	28.9	9.0	7.0	13295.19	15.2
Can Tho	2024-05-29	65	31.7	26.7	28.3	26.2	8.0	26573.17	19.0
Can Tho	2024-05-30	65	32.1	26.4	27.8	22.8	10.0	24640.81	16.9
Can Tho	2024-05-31	65	29.9	25.6	27.3	24.5	11.0	24227.6	15.6
Can Tho	2024-06-01	63	32.6	25.3	27.7	7.0	7.0	41416.74	15.7
Can Tho	2024-06-02	53	33.1	26.4	29.3	0.8	1.0	43200.0	10.2
Can Tho	2024-06-03	65	32.9	26.5	28.9	9.5	3.0	42345.72	17.6
Can Tho	2024-06-04	51	34.3	25.7	29.7	0.1	1.0	43200.0	13.6
Can Tho	2024-06-05	63	32.8	27.1	29.2	9.1	5.0	34967.42	15.9
Can Tho	2024-06-06	61	32.9	27.0	29.3	2.4	2.0	28565.88	12.1
Can Tho	2024-06-07	51	32.1	27.2	29.0	0.2	1.0	12672.75	17.0
Can Tho	2024-06-08	55	33.1	26.7	29.3	1.8	4.0	41319.52	20.7
Can Tho	2024-06-09	63	30.0	26.7	27.7	11.6	6.0	21990.45	18.9
Can Tho	2024-06-10	61	29.0	25.1	27.0	6.2	9.0	22808.42	17.5
Can Tho	2024-06-11	63	32.0	24.9	28.3	5.8	5.0	43200.0	16.3
Can Tho	2024-06-12	61	32.8	25.8	28.8	3.1	3.0	43200.0	17.3
Can Tho	2024-06-13	61	32.2	26.2	28.9	4.0	7.0	28293.16	16.6
Can Tho	2024-06-14	61	31.8	27.5	29.4	4.2	5.0	31899.01	16.3
Can Tho	2024-06-15	63	31.3	25.7	27.7	5.2	10.0	26573.37	13.3
Can Tho	2024-06-16	61	32.0	24.8	27.3	3.5	6.0	42741.91	13.0
Can Tho	2024-06-17	63	31.9	25.2	27.1	13.5	7.0	36000.0	18.3
Can Tho	2024-06-18	63	31.0	25.5	27.5	12.6	9.0	43200.0	16.8
Can Tho	2024-06-19	53	32.6	25.9	28.4	1.8	6.0	42353.06	19.5
Can Tho	2024-06-20	63	30.9	25.9	27.3	15.0	13.0	23079.7	18.6
Can Tho	2024-06-21	65	29.9	25.2	26.6	31.9	18.0	10849.03	17.0
Can Tho	2024-06-22	61	26.9	24.6	25.3	22.8	24.0	4082.02	19.6
Can Tho	2024-06-23	61	28.3	24.6	25.9	5.1	17.0	3236.25	18.5
Can Tho	2024-06-24	53	28.4	24.2	26.1	4.4	12.0	15731.39	20.3
Can Tho	2024-06-25	63	29.0	23.8	26.4	8.5	10.0	10509.08	12.7
Can Tho	2024-06-26	63	31.6	24.1	27.0	5.1	2.0	34213.7	17.2
Can Tho	2024-06-27	63	30.6	25.0	26.8	20.5	15.0	23710.58	8.2
Can Tho	2024-06-28	61	30.7	24.4	26.8	4.2	12.0	34147.97	10.5
Can Tho	2024-06-29	63	31.6	24.7	27.3	9.1	9.0	39600.0	11.2
Can Tho	2024-06-30	63	31.8	25.0	27.5	7.2	4.0	39032.93	13.6
Can Tho	2024-07-01	51	30.8	24.5	27.5	0.5	5.0	43200.0	18.7
Can Tho	2024-07-02	65	30.4	25.2	27.2	11.6	10.0	28215.52	16.8
Can Tho	2024-07-03	63	29.1	24.7	26.6	12.8	18.0	19213.34	14.8
Can Tho	2024-07-04	63	29.9	24.2	26.5	14.2	15.0	21353.85	11.3
Can Tho	2024-07-05	65	30.7	24.7	26.6	13.4	10.0	33232.78	13.6
Can Tho	2024-07-06	65	32.0	24.1	27.3	8.4	7.0	32954.07	8.4
Can Tho	2024-07-07	63	30.4	24.6	26.5	13.2	11.0	18275.18	16.4
Can Tho	2024-07-08	63	31.4	24.2	26.8	9.3	9.0	32853.44	16.1
Can Tho	2024-07-09	65	30.9	24.6	26.9	14.9	9.0	25354.93	11.6
Can Tho	2024-07-10	63	31.0	24.2	26.5	7.5	8.0	34879.79	18.2
Can Tho	2024-07-11	63	29.2	24.4	26.1	15.3	15.0	30311.92	19.9
Can Tho	2024-07-12	63	29.8	23.5	26.1	12.7	13.0	22611.49	20.5
Can Tho	2024-07-13	63	29.0	24.2	26.0	10.3	16.0	10463.31	23.3
Can Tho	2024-07-14	61	28.9	25.0	26.1	7.0	14.0	17378.75	21.8
Can Tho	2024-07-15	65	29.3	25.0	26.3	19.4	16.0	14875.03	21.3
Can Tho	2024-07-16	63	28.2	24.1	25.4	28.4	23.0	10360.05	19.1
Can Tho	2024-07-17	63	28.6	23.9	25.3	20.1	23.0	9314.26	20.2
Can Tho	2024-07-18	65	29.3	24.1	26.0	31.4	19.0	20673.07	19.4
Can Tho	2024-07-19	61	28.8	24.0	26.0	9.2	11.0	10800.0	18.1
Can Tho	2024-07-20	61	27.9	24.5	25.8	10.5	19.0	2974.84	16.8
Can Tho	2024-07-21	51	30.3	24.3	27.2	0.5	4.0	34832.61	23.1
Can Tho	2024-07-22	63	29.7	25.4	27.0	7.4	8.0	28548.71	19.6
Can Tho	2024-07-23	61	31.3	25.5	27.9	2.6	7.0	42606.58	19.4
Can Tho	2024-07-24	51	31.9	25.5	28.2	1.2	6.0	40837.23	24.9
Can Tho	2024-07-25	65	30.4	24.7	26.6	26.0	13.0	18382.14	20.0
Can Tho	2024-07-26	63	27.8	24.8	26.2	8.2	14.0	2731.5	19.2
Can Tho	2024-07-27	63	27.2	24.3	25.7	22.0	20.0	4182.67	15.0
Can Tho	2024-07-28	63	29.5	24.8	26.6	9.3	12.0	26183.2	16.5
Can Tho	2024-07-29	63	30.7	24.4	26.9	8.3	9.0	29004.59	16.6
Can Tho	2024-07-30	63	30.8	24.6	27.1	10.6	8.0	25684.72	16.3
Can Tho	2024-07-31	63	31.7	24.6	27.1	7.1	5.0	37339.38	14.1
Can Tho	2024-08-01	63	31.6	24.7	27.4	6.0	8.0	32871.15	12.0
Can Tho	2024-08-02	65	30.7	24.3	26.9	16.1	6.0	32400.0	16.8
Can Tho	2024-08-03	65	30.8	25.3	27.1	15.9	12.0	33627.94	15.0
Can Tho	2024-08-04	65	29.8	24.1	26.1	19.5	14.0	28084.28	10.7
Can Tho	2024-08-05	63	30.6	24.1	26.2	8.6	10.0	26323.88	16.5
Can Tho	2024-08-06	65	29.6	24.6	26.7	12.9	11.0	37674.95	15.4
Can Tho	2024-08-07	65	30.4	24.7	26.8	14.2	9.0	35260.93	14.3
Can Tho	2024-08-08	53	31.5	24.7	27.6	1.9	7.0	41239.54	13.7
Can Tho	2024-08-09	61	32.0	25.0	27.9	2.9	4.0	41633.77	12.5
Can Tho	2024-08-10	63	32.0	25.3	28.2	3.9	5.0	43200.0	14.2
Can Tho	2024-08-11	63	31.8	25.6	28.1	5.3	5.0	43200.0	18.8
Can Tho	2024-08-12	63	30.6	25.4	27.2	15.0	10.0	42436.15	19.9
Can Tho	2024-08-13	55	31.8	24.4	27.8	2.6	7.0	43200.0	14.9
Can Tho	2024-08-14	61	32.1	24.9	27.8	2.8	7.0	38890.01	13.4
Can Tho	2024-08-15	61	31.5	25.1	27.7	3.4	7.0	39987.27	16.5
Can Tho	2024-08-16	63	31.6	25.4	27.7	5.1	7.0	39433.31	12.5
Can Tho	2024-08-17	63	30.8	24.7	27.0	15.4	7.0	40154.93	15.3
Can Tho	2024-08-18	61	32.6	24.0	27.5	2.7	7.0	42665.48	9.8
Can Tho	2024-08-19	51	32.3	24.9	27.9	0.2	2.0	43200.0	11.9
Can Tho	2024-08-20	53	32.1	24.8	27.7	1.3	4.0	42216.67	10.3
Can Tho	2024-08-21	61	31.0	24.4	27.0	5.1	6.0	35449.86	12.5
Can Tho	2024-08-22	65	32.1	24.2	27.1	10.0	5.0	31142.65	12.7
Can Tho	2024-08-23	65	31.5	24.6	27.1	14.4	8.0	34822.1	11.3
Can Tho	2024-08-24	63	31.8	24.5	26.7	8.3	9.0	32298.82	14.3
Can Tho	2024-08-25	63	30.8	24.5	26.3	23.7	11.0	22439.98	17.7
Can Tho	2024-08-26	63	30.5	24.3	26.1	22.6	17.0	21871.51	15.4
Can Tho	2024-08-27	61	29.4	24.2	26.3	9.5	14.0	36513.39	19.7
Can Tho	2024-08-28	63	29.2	24.0	26.4	14.6	15.0	21660.18	17.6
Can Tho	2024-08-29	61	27.8	23.8	25.6	14.7	18.0	8768.68	17.8
Can Tho	2024-08-30	51	31.1	25.0	27.8	0.9	6.0	36598.32	22.5
Can Tho	2024-08-31	63	30.9	25.5	26.9	16.2	15.0	22802.19	16.9
Can Tho	2024-09-01	63	28.5	24.6	26.0	41.0	21.0	17226.1	16.3
Can Tho	2024-09-02	63	28.5	23.7	25.5	14.3	20.0	14775.27	17.4
Can Tho	2024-09-03	61	29.1	24.0	25.9	8.6	10.0	28558.74	20.8
Can Tho	2024-09-04	53	30.2	24.7	26.9	2.6	12.0	31456.38	22.6
Can Tho	2024-09-05	53	30.5	25.3	27.4	1.6	7.0	25082.71	24.6
Can Tho	2024-09-06	63	29.3	24.3	26.6	11.7	14.0	14218.3	24.3
Can Tho	2024-09-07	55	31.0	24.2	27.6	3.5	13.0	32641.63	21.7
Can Tho	2024-09-08	63	31.1	25.5	27.6	7.7	5.0	36924.15	17.7
Can Tho	2024-09-09	53	32.2	25.7	28.2	1.2	4.0	37565.72	19.5
Can Tho	2024-09-10	63	31.3	26.0	27.8	5.5	8.0	27305.9	19.4
Can Tho	2024-09-11	53	30.4	24.9	27.2	2.8	11.0	22974.13	17.2
Can Tho	2024-09-12	63	30.9	24.4	26.6	19.6	16.0	21464.71	16.2
Can Tho	2024-09-13	63	30.7	25.4	26.8	10.0	15.0	24281.59	18.2
Can Tho	2024-09-14	63	28.3	24.3	25.7	9.5	14.0	10800.0	20.5
Can Tho	2024-09-15	63	29.4	24.1	25.7	14.0	17.0	12517.77	21.7
Can Tho	2024-09-16	63	31.6	24.7	27.0	8.5	9.0	23873.62	22.0
Can Tho	2024-09-17	65	27.6	24.5	25.7	31.0	20.0	8872.11	22.8
Can Tho	2024-09-18	63	28.7	24.4	26.3	10.2	17.0	8975.75	25.2
Can Tho	2024-09-19	63	28.6	24.6	26.4	10.1	13.0	21925.22	24.6
Can Tho	2024-09-20	63	28.9	24.8	26.5	8.9	15.0	22949.52	23.8
Can Tho	2024-09-21	63	28.1	24.8	25.7	19.5	18.0	3600.0	23.9
Can Tho	2024-09-22	63	29.9	24.3	26.1	8.5	17.0	7997.63	16.5
Can Tho	2024-09-23	63	31.0	24.3	26.5	14.1	10.0	25200.0	12.5
Can Tho	2024-09-24	61	30.1	24.3	26.6	5.1	8.0	15909.22	8.4
Can Tho	2024-09-25	65	31.1	23.9	26.6	15.1	10.0	35957.23	12.1
Can Tho	2024-09-26	63	30.9	23.5	26.0	6.9	10.0	32733.86	15.1
Can Tho	2024-09-27	65	31.0	23.6	26.6	20.1	11.0	36000.0	10.2
Can Tho	2024-09-28	51	32.5	25.1	28.2	0.3	3.0	42346.95	9.5
Can Tho	2024-09-29	63	32.4	24.8	27.7	5.1	5.0	36982.8	12.4
Can Tho	2024-09-30	63	32.9	25.2	27.9	7.2	7.0	32949.99	12.1
Can Tho	2024-10-01	63	31.2	25.5	27.4	5.7	7.0	36000.0	16.2
Can Tho	2024-10-02	61	31.7	24.6	27.6	2.2	8.0	34666.22	8.8
Can Tho	2024-10-03	63	30.9	25.0	26.7	12.1	12.0	29621.47	13.6
Can Tho	2024-10-04	63	31.5	24.7	27.0	12.0	16.0	34085.03	10.8
Can Tho	2024-10-05	63	32.0	24.4	26.7	9.7	8.0	37695.68	9.0
Can Tho	2024-10-06	63	29.8	23.7	26.0	22.0	18.0	23869.79	11.2
Can Tho	2024-10-07	63	30.7	24.0	26.7	7.8	9.0	29931.56	7.7
Can Tho	2024-10-08	65	30.2	23.9	26.2	22.6	15.0	26611.17	11.2
Can Tho	2024-10-09	65	31.4	23.3	26.2	13.1	11.0	30399.26	19.4
Can Tho	2024-10-10	65	30.3	23.6	25.9	17.6	11.0	22456.42	15.0
Can Tho	2024-10-11	65	30.7	24.4	26.3	34.5	11.0	19991.67	11.7
Can Tho	2024-10-12	63	30.9	24.9	27.0	5.1	9.0	36041.15	17.3
Can Tho	2024-10-13	63	32.3	24.8	27.6	6.7	12.0	39600.0	11.4
Can Tho	2024-10-14	61	32.1	24.2	27.1	3.3	7.0	39600.0	16.2
Can Tho	2024-10-15	65	31.4	24.5	26.5	23.5	11.0	28800.0	10.4
Can Tho	2024-10-16	61	30.5	23.5	26.1	10.1	12.0	24878.79	10.3
Can Tho	2024-10-17	65	30.6	24.4	25.9	31.7	20.0	20799.99	15.1
Can Tho	2024-10-18	63	27.7	23.8	25.1	11.7	14.0	8926.97	13.9
Can Tho	2024-10-19	65	29.2	23.8	25.6	27.2	13.0	16120.41	12.6
Can Tho	2024-10-20	65	30.1	24.3	26.2	16.4	14.0	25506.57	11.5
Can Tho	2024-10-21	65	31.0	24.3	26.5	24.9	15.0	29298.06	17.8
Can Tho	2024-10-22	63	30.7	24.0	25.9	22.0	19.0	13198.04	13.2
Can Tho	2024-10-23	53	29.3	24.3	26.0	4.5	14.0	7213.01	19.0
Can Tho	2024-10-24	63	31.5	23.9	26.4	7.9	9.0	33631.96	12.7
Can Tho	2024-10-25	55	32.0	23.1	27.4	2.1	3.0	39600.0	13.5
Can Tho	2024-10-26	51	32.5	25.2	28.2	0.2	2.0	39604.35	14.9
Can Tho	2024-10-27	55	29.2	25.8	27.0	2.4	7.0	2987.71	19.3
Can Tho	2024-10-28	65	28.3	23.9	25.4	34.1	17.0	3600.0	16.9
Can Tho	2024-10-29	63	27.0	23.4	24.8	28.5	15.0	7057.19	14.2
Can Tho	2024-10-30	61	31.6	23.8	27.0	3.5	7.0	35583.35	19.9
Can Tho	2024-10-31	63	31.8	24.2	27.1	5.6	3.0	39192.2	13.8
Can Tho	2024-11-01	63	31.4	24.9	27.3	6.5	9.0	39600.0	12.7
Can Tho	2024-11-02	63	29.1	23.6	25.4	29.6	18.0	18347.85	16.4
Can Tho	2024-11-03	63	30.9	23.5	26.0	7.6	9.0	32400.0	11.7
Can Tho	2024-11-04	63	29.1	24.1	25.8	12.8	12.0	24380.17	15.8
Can Tho	2024-11-05	63	30.8	23.7	26.1	8.5	12.0	33293.5	17.8
Can Tho	2024-11-06	63	31.1	23.5	26.3	5.0	5.0	32400.0	9.6
Can Tho	2024-11-07	61	31.1	23.1	26.5	2.4	5.0	39959.93	15.2
Can Tho	2024-11-08	65	31.0	24.3	26.6	13.4	9.0	32456.31	10.8
Can Tho	2024-11-09	63	30.7	23.6	26.1	12.4	8.0	34672.25	13.7
Can Tho	2024-11-10	63	31.5	24.1	26.9	11.6	11.0	37410.07	12.8
Can Tho	2024-11-11	65	31.2	24.0	26.7	27.9	16.0	37420.45	9.8
Can Tho	2024-11-12	51	30.5	22.9	26.7	1.3	6.0	39740.09	11.6
Can Tho	2024-11-13	53	31.7	24.0	27.0	1.1	5.0	39600.0	9.5
Can Tho	2024-11-14	51	31.8	24.8	27.8	0.4	3.0	39992.79	13.1
Can Tho	2024-11-15	51	31.2	24.8	27.7	0.2	2.0	38206.67	11.0
Can Tho	2024-11-16	51	32.2	24.5	27.8	0.1	1.0	39997.7	11.5
Can Tho	2024-11-17	51	31.0	24.5	27.3	0.8	6.0	39999.42	15.6
Can Tho	2024-11-18	53	31.8	24.2	27.4	1.6	5.0	40248.77	16.9
Can Tho	2024-11-19	51	31.7	24.5	27.7	0.8	5.0	40001.34	14.0
Can Tho	2024-11-20	51	31.8	24.9	27.6	0.4	2.0	34966.4	14.2
Can Tho	2024-11-21	51	31.7	24.0	27.6	0.5	2.0	39600.0	15.4
Can Tho	2024-11-22	51	32.1	24.5	27.6	0.5	3.0	39750.77	15.9
Can Tho	2024-11-23	51	31.9	24.1	27.7	0.3	3.0	39600.0	20.2
Can Tho	2024-11-24	63	30.8	24.8	27.0	9.2	5.0	34229.79	16.6
Can Tho	2024-11-25	51	31.9	24.3	27.8	0.4	4.0	39600.0	17.7
Can Tho	2024-11-26	51	32.0	25.1	28.0	0.2	1.0	36392.07	19.7
Can Tho	2024-11-27	63	31.8	24.7	27.3	4.8	4.0	28672.38	16.5
Can Tho	2024-11-28	61	31.3	24.0	27.0	3.2	8.0	32357.48	19.0
Can Tho	2024-11-29	61	27.2	23.3	24.8	4.2	4.0	0.0	15.3
Can Tho	2024-11-30	3	29.1	22.7	25.6	0.0	0.0	34773.97	12.1
Can Tho	2024-12-01	3	31.1	24.3	27.0	0.0	0.0	31912.49	10.6
Can Tho	2024-12-02	61	29.9	24.2	26.3	4.6	12.0	21199.28	9.6
Can Tho	2024-12-03	63	26.6	24.2	25.2	23.0	12.0	945.44	10.6
Can Tho	2024-12-04	63	30.0	24.2	26.1	13.3	10.0	18346.49	10.8
Can Tho	2024-12-05	53	30.1	24.1	26.7	1.8	9.0	28947.54	11.0
Can Tho	2024-12-06	61	30.0	24.2	26.7	3.7	12.0	34991.96	13.3
Can Tho	2024-12-07	63	29.7	25.1	26.7	3.7	4.0	36333.56	19.8
Can Tho	2024-12-08	3	30.8	24.5	27.5	0.0	0.0	34928.96	10.1
Can Tho	2024-12-09	3	30.1	24.3	27.1	0.0	0.0	34409.09	12.1
Can Tho	2024-12-10	61	30.1	24.2	26.6	2.6	2.0	29611.39	13.2
Can Tho	2024-12-11	63	27.3	23.9	25.3	17.2	12.0	4889.98	15.5
Can Tho	2024-12-12	65	29.0	24.4	25.7	16.7	16.0	16366.1	18.0
Can Tho	2024-12-13	63	27.1	24.5	25.5	24.9	22.0	5984.25	20.7
Can Tho	2024-12-14	53	26.9	24.3	25.4	7.7	21.0	0.0	20.4
Can Tho	2024-12-15	61	28.2	23.8	25.3	8.9	16.0	21600.0	19.6
Can Tho	2024-12-16	3	28.8	22.9	25.5	0.0	0.0	11205.11	13.4
Can Tho	2024-12-17	3	28.5	22.5	25.5	0.0	0.0	35864.16	12.7
Can Tho	2024-12-18	3	29.7	22.6	25.9	0.0	0.0	39899.31	11.4
Can Tho	2024-12-19	51	29.4	23.0	25.9	0.1	1.0	40113.39	12.9
Can Tho	2024-12-20	51	29.0	22.9	25.4	0.1	1.0	28994.52	9.9
Can Tho	2024-12-21	51	28.7	22.1	25.0	0.1	1.0	38336.99	8.8
Can Tho	2024-12-22	3	27.5	21.0	24.1	0.0	0.0	38821.13	12.1
Can Tho	2024-12-23	3	28.6	20.6	24.4	0.0	0.0	39682.34	14.0
Can Tho	2024-12-24	3	28.7	22.7	25.5	0.0	0.0	20074.32	17.8
Can Tho	2024-12-25	3	30.0	23.9	26.4	0.0	0.0	33514.58	18.2
Can Tho	2024-12-26	61	28.7	23.3	25.7	9.5	12.0	13245.82	18.3
Can Tho	2024-12-27	63	29.6	23.8	26.2	6.9	6.0	32522.44	14.5
Can Tho	2024-12-28	55	29.0	23.5	25.7	3.5	8.0	23212.63	13.1
Can Tho	2024-12-29	51	29.2	22.8	25.5	0.2	2.0	36103.57	12.6
Can Tho	2024-12-30	3	29.1	22.0	25.3	0.0	0.0	40901.74	8.6
Can Tho	2024-12-31	3	29.4	22.4	25.7	0.0	0.0	38568.22	12.1
Can Tho	2025-01-01	3	28.6	23.1	25.8	0.0	0.0	37249.24	11.9
Can Tho	2025-01-02	3	28.1	24.0	25.8	0.0	0.0	17268.21	10.3
Can Tho	2025-01-03	53	29.0	23.5	25.5	1.5	4.0	12819.89	11.9
Can Tho	2025-01-04	3	29.5	22.9	25.9	0.0	0.0	36685.87	11.8
Can Tho	2025-01-05	3	28.9	22.6	25.3	0.0	0.0	39549.71	11.9
Can Tho	2025-01-06	51	29.4	21.6	25.3	0.2	2.0	39506.83	8.3
Can Tho	2025-01-07	3	30.0	21.2	25.2	0.0	0.0	41213.17	9.7
Can Tho	2025-01-08	3	30.2	22.3	25.9	0.0	0.0	39156.24	10.9
Can Tho	2025-01-09	3	29.7	22.6	26.0	0.0	0.0	38377.53	8.0
Can Tho	2025-01-10	53	29.2	23.1	25.4	2.5	8.0	20523.2	14.4
Can Tho	2025-01-11	3	28.7	21.5	25.0	0.0	0.0	33419.96	12.7
Can Tho	2025-01-12	3	27.9	21.4	24.2	0.0	0.0	39051.95	15.7
Can Tho	2025-01-13	3	27.2	19.6	23.6	0.0	0.0	39592.87	12.1
Can Tho	2025-01-14	51	29.9	21.4	25.0	0.6	3.0	34532.64	12.7
Can Tho	2025-01-15	53	29.6	23.1	25.7	2.3	11.0	35950.36	14.2
Can Tho	2025-01-16	3	29.9	23.0	26.1	0.0	0.0	39444.95	13.4
Can Tho	2025-01-17	3	29.0	21.6	25.2	0.0	0.0	39227.4	13.9
Can Tho	2025-01-18	3	29.1	22.0	25.3	0.0	0.0	40763.36	9.4
Can Tho	2025-01-19	3	30.1	22.7	26.2	0.0	0.0	40793.06	11.1
Can Tho	2025-01-20	3	29.6	22.1	25.7	0.0	0.0	40072.47	11.8
Can Tho	2025-01-21	3	30.3	21.9	25.6	0.0	0.0	39783.65	10.1
Can Tho	2025-01-22	3	30.6	21.6	25.6	0.0	0.0	33496.31	12.5
Can Tho	2025-01-23	3	31.0	22.9	26.5	0.0	0.0	31046.07	10.7
Can Tho	2025-01-24	3	31.1	22.9	26.6	0.0	0.0	38788.79	13.2
Can Tho	2025-01-25	3	31.5	23.2	26.7	0.0	0.0	37969.68	14.0
Can Tho	2025-01-26	51	31.2	23.4	26.7	0.3	3.0	40721.45	13.9
Can Tho	2025-01-27	3	30.2	22.8	25.9	0.0	0.0	38902.45	12.6
Can Tho	2025-01-28	51	29.6	21.9	25.2	0.1	1.0	40020.48	11.1
Can Tho	2025-01-29	3	28.2	21.2	24.2	0.0	0.0	39546.88	10.5
Can Tho	2025-01-30	3	28.6	20.1	24.3	0.0	0.0	36108.74	8.1
Can Tho	2025-01-31	3	29.3	19.6	24.4	0.0	0.0	35346.66	9.7
Can Tho	2025-02-01	3	30.6	21.1	25.5	0.0	0.0	35887.36	13.0
Can Tho	2025-02-02	3	31.0	21.3	25.9	0.0	0.0	40838.61	13.2
Can Tho	2025-02-03	51	31.1	22.2	26.3	0.2	2.0	36518.04	15.3
Can Tho	2025-02-04	3	30.3	22.7	26.1	0.0	0.0	40862.33	15.3
Can Tho	2025-02-05	3	30.0	22.1	25.5	0.0	0.0	40872.69	13.2
Can Tho	2025-02-06	3	30.2	21.6	25.6	0.0	0.0	41125.18	13.6
Can Tho	2025-02-07	3	30.5	22.3	25.9	0.0	0.0	36952.44	12.8
Can Tho	2025-02-08	51	30.2	22.5	25.9	0.1	1.0	36309.6	13.9
Can Tho	2025-02-09	3	30.1	21.4	25.3	0.0	0.0	40869.08	13.2
Can Tho	2025-02-10	3	29.8	21.9	25.8	0.0	0.0	37031.6	11.2
Can Tho	2025-02-11	3	31.1	22.8	26.8	0.0	0.0	39600.0	10.5
Can Tho	2025-02-12	53	32.2	23.7	27.2	1.2	4.0	40520.76	9.8
Can Tho	2025-02-13	61	31.7	24.1	26.5	4.5	9.0	32904.08	9.3
Can Tho	2025-02-14	51	31.3	23.8	27.1	0.8	7.0	40093.56	9.4
Can Tho	2025-02-15	55	31.4	23.8	26.6	3.9	12.0	39600.0	14.8
Can Tho	2025-02-16	51	32.0	23.8	27.2	0.1	1.0	41029.88	18.4
Can Tho	2025-02-17	3	31.4	23.8	27.1	0.0	0.0	41495.6	19.3
Can Tho	2025-02-18	51	31.1	24.2	27.3	0.3	2.0	41003.85	16.4
Can Tho	2025-02-19	63	29.3	23.5	26.1	8.6	9.0	33643.82	16.0
Can Tho	2025-02-20	51	32.1	23.5	27.4	0.2	2.0	37933.17	15.5
Can Tho	2025-02-21	51	32.1	25.0	27.9	0.3	3.0	41675.38	20.0
Can Tho	2025-02-22	65	30.9	23.5	26.4	27.9	9.0	32445.09	17.2
Can Tho	2025-02-23	63	30.1	24.7	26.8	4.7	5.0	39627.15	24.1
Can Tho	2025-02-24	51	31.1	25.4	27.7	0.1	1.0	40204.06	29.9
Can Tho	2025-02-25	51	31.8	23.3	27.4	0.6	4.0	41847.42	23.6
Can Tho	2025-02-26	51	32.4	23.9	27.7	0.3	3.0	39937.06	19.1
Can Tho	2025-02-27	3	32.2	24.1	27.6	0.0	0.0	41340.34	19.6
Can Tho	2025-02-28	3	33.4	24.4	28.0	0.0	0.0	42294.06	16.5
Can Tho	2025-03-01	3	32.7	23.8	27.5	0.0	0.0	42322.23	16.7
Can Tho	2025-03-02	3	32.1	23.5	27.1	0.0	0.0	39888.91	13.9
Can Tho	2025-03-03	3	33.7	23.3	27.8	0.0	0.0	42379.71	13.6
Can Tho	2025-03-04	51	32.5	23.2	27.7	0.4	4.0	39600.0	14.2
Can Tho	2025-03-05	3	33.2	24.4	28.3	0.0	0.0	35087.2	14.3
Can Tho	2025-03-06	51	33.6	24.8	28.5	0.1	1.0	41221.5	14.5
Can Tho	2025-03-07	51	33.3	25.2	28.5	0.5	4.0	42497.62	21.9
Can Tho	2025-03-08	51	33.3	25.1	28.6	0.2	1.0	40951.12	15.3
Can Tho	2025-03-09	51	31.6	24.6	28.0	1.0	5.0	31182.12	16.6
Can Tho	2025-03-10	53	33.3	25.1	28.6	0.8	4.0	42588.53	22.1
Can Tho	2025-03-11	51	33.9	25.4	28.9	0.2	2.0	42620.25	20.6
Can Tho	2025-03-12	51	34.0	25.1	28.7	0.6	2.0	42652.65	18.4
Can Tho	2025-03-13	3	33.7	25.3	28.6	0.0	0.0	42685.64	19.0
Can Tho	2025-03-14	3	34.1	24.5	28.5	0.0	0.0	42719.16	15.4
Can Tho	2025-03-15	51	33.4	24.1	28.3	0.2	1.0	42002.1	14.1
Can Tho	2025-03-16	51	33.3	24.4	28.2	0.2	2.0	42787.48	16.7
Can Tho	2025-03-17	51	32.4	24.8	27.6	1.9	11.0	35185.99	14.5
Can Tho	2025-03-18	55	32.0	24.7	27.8	1.8	7.0	42857.06	14.5
Can Tho	2025-03-19	51	32.6	24.7	28.1	0.8	3.0	39825.04	14.5
Can Tho	2025-03-20	3	32.6	23.7	27.4	0.0	0.0	36117.51	14.5
Can Tho	2025-03-21	3	33.1	23.5	27.7	0.0	0.0	37887.08	13.0
Can Tho	2025-03-22	3	33.4	24.4	28.3	0.0	0.0	42997.68	18.1
Can Tho	2025-03-23	51	32.4	24.3	28.0	0.3	3.0	43032.73	15.9
Can Tho	2025-03-24	3	33.8	23.6	28.1	0.0	0.0	43067.59	16.3
Can Tho	2025-03-25	3	30.6	24.7	27.0	0.0	0.0	21091.25	15.3
Can Tho	2025-03-26	3	32.8	22.6	27.5	0.0	0.0	40373.81	13.9
Can Tho	2025-03-27	3	33.1	23.4	28.0	0.0	0.0	43170.35	16.5
Can Tho	2025-03-28	3	33.6	23.0	28.0	0.0	0.0	43200.0	17.3
Can Tho	2025-03-29	3	34.4	23.8	28.5	0.0	0.0	41499.21	16.9
Can Tho	2025-03-30	3	34.2	25.5	29.2	0.0	0.0	43200.0	17.7
Can Tho	2025-03-31	55	30.5	25.7	27.4	2.4	6.0	17979.18	11.4
Can Tho	2025-04-01	63	30.8	24.5	26.7	13.9	19.0	38345.41	12.8
Can Tho	2025-04-02	51	30.9	24.4	27.2	0.7	5.0	40798.88	27.4
Can Tho	2025-04-03	3	32.4	25.1	28.1	0.0	0.0	43200.0	18.2
Can Tho	2025-04-04	51	32.9	24.5	28.0	0.1	1.0	43200.0	17.4
Can Tho	2025-04-05	51	32.9	24.1	28.1	0.5	5.0	43200.0	15.6
Can Tho	2025-04-06	3	33.3	24.0	28.0	0.0	0.0	43200.0	16.6
Can Tho	2025-04-07	3	33.8	24.6	28.5	0.0	0.0	43200.0	18.1
Can Tho	2025-04-08	3	33.6	25.4	28.9	0.0	0.0	43200.0	16.7
Can Tho	2025-04-09	63	33.3	25.2	28.5	7.0	5.0	42405.58	15.7
Can Tho	2025-04-10	63	32.3	25.3	27.5	4.9	10.0	33413.45	7.9
Can Tho	2025-04-11	51	33.3	24.7	28.4	0.6	5.0	41914.91	10.6
Can Tho	2025-04-12	51	33.6	24.4	28.8	0.1	1.0	43200.0	13.1
Can Tho	2025-04-13	53	34.1	25.5	28.7	1.4	7.0	40002.33	10.5
Can Tho	2025-04-14	53	34.4	25.7	29.1	0.7	3.0	32400.0	13.6
Can Tho	2025-04-15	51	34.2	25.8	29.4	1.3	6.0	40709.31	16.4
Can Tho	2025-04-16	61	32.6	25.8	28.1	5.4	9.0	31081.99	18.3
Can Tho	2025-04-17	61	33.3	25.3	28.2	2.3	5.0	29931.86	14.4
Can Tho	2025-04-18	61	34.4	24.3	28.9	3.6	5.0	43200.0	12.8
Can Tho	2025-04-19	51	35.3	25.2	29.5	0.3	3.0	43200.0	15.5
Can Tho	2025-04-20	3	34.9	25.1	29.5	0.0	0.0	43200.0	16.1
Can Tho	2025-04-21	51	34.2	25.6	29.5	0.4	4.0	43200.0	14.2
Can Tho	2025-04-22	51	33.1	25.8	28.8	1.2	5.0	40820.62	16.5
Can Tho	2025-04-23	63	34.5	25.1	27.8	7.7	8.0	31039.28	16.1
Can Tho	2025-04-24	63	34.5	25.0	28.4	5.4	4.0	32449.68	14.3
Can Tho	2025-04-25	63	34.0	24.8	28.6	3.2	2.0	41569.85	15.6
Can Tho	2025-04-26	65	34.1	25.4	28.3	12.3	4.0	37536.14	16.7
Can Tho	2025-04-27	51	33.5	24.8	28.7	0.2	2.0	43200.0	9.9
Can Tho	2025-04-28	51	34.7	24.9	29.2	0.4	2.0	43200.0	13.6
Can Tho	2025-04-29	3	35.1	25.4	29.7	0.0	0.0	43200.0	11.4
Can Tho	2025-04-30	51	35.4	26.0	30.4	0.1	1.0	43200.0	18.8
Can Tho	2025-05-01	63	32.8	27.0	28.8	11.2	8.0	33091.45	16.4
Can Tho	2025-05-02	55	31.9	25.2	28.1	4.7	9.0	36835.06	17.3
Can Tho	2025-05-03	61	32.9	24.8	27.5	7.1	14.0	36773.06	14.0
Can Tho	2025-05-04	63	33.0	24.4	27.6	7.1	8.0	40912.63	12.1
Can Tho	2025-05-05	63	32.3	25.0	27.6	10.2	12.0	36542.94	12.4
Can Tho	2025-05-06	63	32.6	25.2	28.0	4.0	4.0	37348.97	9.4
Can Tho	2025-05-07	61	32.9	25.2	28.5	2.5	7.0	43200.0	13.4
Can Tho	2025-05-08	51	33.5	25.5	28.6	0.9	3.0	43200.0	16.1
Can Tho	2025-05-09	63	33.0	26.0	28.9	7.4	5.0	42500.8	12.2
Can Tho	2025-05-10	53	30.1	26.2	28.0	1.7	6.0	28759.47	13.0
Can Tho	2025-05-11	63	32.0	24.3	27.6	19.1	13.0	34782.91	11.1
Can Tho	2025-05-12	63	31.8	24.3	27.2	15.7	10.0	41897.37	17.8
Can Tho	2025-05-13	63	32.1	24.9	27.3	7.7	6.0	38859.54	10.7
Can Tho	2025-05-14	63	32.2	25.2	27.8	10.1	7.0	25508.62	14.3
Can Tho	2025-05-15	63	30.6	26.0	27.2	14.7	6.0	32146.74	15.7
Can Tho	2025-05-16	63	31.5	25.4	27.7	6.4	7.0	34966.45	12.8
Can Tho	2025-05-17	63	31.8	24.6	27.8	9.1	9.0	41047.42	13.7
Can Tho	2025-05-18	63	31.9	26.2	28.5	4.2	7.0	43200.0	13.5
Can Tho	2025-05-19	63	31.0	25.7	27.3	10.3	10.0	27032.96	13.4
Can Tho	2025-05-20	65	31.6	25.3	27.1	21.2	9.0	31871.43	15.7
Can Tho	2025-05-21	65	32.5	25.1	27.5	23.8	10.0	32400.0	9.3
Can Tho	2025-05-22	63	30.8	25.5	27.2	6.2	16.0	22685.28	12.0
Can Tho	2025-05-23	63	29.4	24.5	26.6	23.3	16.0	28749.94	15.2
Can Tho	2025-05-24	53	30.2	25.1	26.6	1.2	5.0	11694.16	12.4
Can Tho	2025-05-25	65	31.5	24.8	26.7	34.9	15.0	32400.0	16.5
Can Tho	2025-05-26	51	31.7	25.0	27.9	0.3	3.0	35214.43	10.4
Can Tho	2025-05-27	63	31.8	25.4	27.4	13.6	14.0	28800.0	14.4
Can Tho	2025-05-28	63	31.5	24.9	27.3	9.5	11.0	32400.0	12.0
Can Tho	2025-05-29	65	30.0	24.6	26.4	41.7	23.0	18215.86	13.7
Can Tho	2025-05-30	63	30.0	25.1	26.5	12.6	13.0	11285.17	13.2
Can Tho	2025-05-31	63	30.7	25.3	27.4	16.2	9.0	34648.09	17.8
Can Tho	2025-06-01	63	32.7	25.6	28.1	3.5	3.0	40478.43	17.0
Can Tho	2025-06-02	63	29.9	25.3	26.9	10.6	8.0	18671.96	19.2
Can Tho	2025-06-03	51	29.1	26.0	27.0	1.6	8.0	5143.83	14.9
Can Tho	2025-06-04	61	30.6	25.6	27.7	2.8	5.0	43200.0	20.6
Can Tho	2025-06-05	65	31.1	25.3	27.5	12.2	9.0	36885.31	13.0
Can Tho	2025-06-06	63	31.0	25.6	27.8	7.2	8.0	34774.95	17.5
Can Tho	2025-06-07	63	30.0	25.7	27.0	11.7	11.0	15199.91	18.6
Can Tho	2025-06-08	63	30.5	24.4	27.2	10.6	10.0	34614.63	19.4
Can Tho	2025-06-09	65	29.5	24.8	26.5	15.8	15.0	21600.0	17.6
Can Tho	2025-06-10	61	28.8	25.6	26.5	9.5	21.0	14907.04	17.7
Can Tho	2025-06-11	65	28.1	24.9	26.0	21.8	21.0	150.01	20.2
Can Tho	2025-06-12	63	28.6	25.2	26.2	9.5	14.0	7729.46	20.7
Can Tho	2025-06-13	63	30.2	25.3	26.9	15.1	8.0	17378.68	20.2
Can Tho	2025-06-14	63	31.7	25.3	28.0	4.6	5.0	38467.35	12.1
Can Tho	2025-06-15	63	32.0	25.2	27.8	5.9	8.0	34209.66	9.5
Can Tho	2025-06-16	63	32.0	25.7	27.7	12.4	8.0	30333.48	10.3
Can Tho	2025-06-17	65	31.2	25.2	27.1	10.8	7.0	34552.4	10.7
Can Tho	2025-06-18	63	31.2	25.0	27.2	8.6	9.0	32400.0	14.4
Can Tho	2025-06-19	63	30.9	25.3	27.3	5.2	4.0	31869.2	16.2
Can Tho	2025-06-20	63	29.8	24.5	26.8	11.2	11.0	26619.24	13.7
Can Tho	2025-06-21	61	29.1	24.4	26.0	13.4	17.0	24670.11	14.1
Can Tho	2025-06-22	63	29.2	23.6	25.8	15.0	19.0	19269.37	22.1
Can Tho	2025-06-23	53	30.0	24.2	26.9	2.4	7.0	34033.1	19.6
Can Tho	2025-06-24	65	30.4	24.7	27.0	10.0	7.0	21429.46	16.7
Can Tho	2025-06-25	65	30.6	25.1	26.9	14.0	10.0	32400.0	15.9
Can Tho	2025-06-26	63	28.6	24.4	26.3	14.4	15.0	13782.18	16.6
Can Tho	2025-06-27	63	28.9	23.9	26.4	9.2	8.0	37024.55	15.4
Can Tho	2025-06-28	63	29.4	24.0	26.5	18.9	10.0	37011.91	17.7
Can Tho	2025-06-29	63	30.4	24.6	26.9	4.0	6.0	43200.0	21.1
Can Tho	2025-06-30	53	30.7	25.6	27.9	1.1	6.0	43200.0	22.5
Can Tho	2025-07-01	65	30.5	25.6	27.1	16.4	9.0	23489.39	18.5
Can Tho	2025-07-02	65	29.3	25.1	26.6	18.4	12.0	22094.77	16.7
Can Tho	2025-07-03	63	30.2	25.1	26.9	4.4	6.0	23270.39	21.1
Can Tho	2025-07-04	51	31.2	24.9	27.6	1.5	8.0	43200.0	21.9
Can Tho	2025-07-05	63	29.4	25.3	27.3	6.4	6.0	42804.89	19.2
Can Tho	2025-07-06	63	31.0	25.5	27.1	8.4	9.0	34280.31	18.5
Can Tho	2025-07-07	63	30.5	24.9	26.3	25.0	19.0	21600.0	16.8
Can Tho	2025-07-08	53	30.3	24.5	26.8	1.4	5.0	34487.64	16.5
Can Tho	2025-07-09	63	29.7	24.9	26.8	10.1	7.0	39693.96	18.9
Can Tho	2025-07-10	61	30.6	25.3	27.5	3.6	8.0	41708.3	24.5
Can Tho	2025-07-11	61	30.7	25.4	27.5	4.9	9.0	42414.07	20.4
Can Tho	2025-07-12	63	29.9	25.5	27.1	13.5	10.0	39484.07	19.8
Can Tho	2025-07-13	63	31.5	25.6	27.4	9.7	9.0	37447.37	14.6
Can Tho	2025-07-14	65	30.3	25.2	27.2	12.5	8.0	39600.0	16.7
Can Tho	2025-07-15	63	30.0	25.1	26.7	15.2	11.0	36989.39	20.1
Can Tho	2025-07-16	63	30.2	25.1	26.5	16.1	12.0	23561.27	22.7
Can Tho	2025-07-17	63	29.3	24.8	26.8	6.8	10.0	24479.91	15.7
Can Tho	2025-07-18	61	30.2	25.3	27.3	2.4	6.0	24582.01	16.9
Can Tho	2025-07-19	63	29.8	25.3	26.9	10.8	8.0	34140.36	22.3
Can Tho	2025-07-20	63	28.7	25.1	26.4	10.6	14.0	11183.03	16.7
Can Tho	2025-07-21	61	31.9	24.8	27.6	5.1	10.0	25586.04	28.5
Can Tho	2025-07-22	51	32.0	25.9	28.5	0.2	1.0	41038.33	27.4
Can Tho	2025-07-23	53	32.1	25.1	28.5	1.9	8.0	43200.0	21.7
Can Tho	2025-07-24	51	31.9	25.9	28.4	0.4	2.0	41604.01	20.8
Can Tho	2025-07-25	51	31.9	25.5	28.4	1.1	5.0	43200.0	21.7
Can Tho	2025-07-26	55	31.7	26.8	28.8	1.8	5.0	38788.02	21.9
Can Tho	2025-07-27	63	30.7	25.1	27.1	8.5	10.0	18452.62	20.7
Can Tho	2025-07-28	63	29.4	24.8	26.6	15.2	11.0	13948.11	16.3
Can Tho	2025-07-29	55	31.7	26.1	28.2	3.0	9.0	39600.0	23.6
Can Tho	2025-07-30	63	31.4	24.6	28.0	7.2	7.0	38214.74	18.6
Can Tho	2025-07-31	63	29.9	25.3	27.7	10.3	11.0	41857.75	16.9
Can Tho	2025-08-01	63	31.4	25.6	28.2	4.8	8.0	43200.0	18.2
Can Tho	2025-08-02	55	31.7	25.8	28.3	1.4	4.0	41347.45	14.7
Can Tho	2025-08-03	63	32.6	25.6	27.8	5.6	4.0	38905.82	14.8
Can Tho	2025-08-04	63	32.4	24.8	27.9	6.1	6.0	43200.0	13.2
Can Tho	2025-08-05	63	32.6	25.2	27.3	8.7	4.0	39600.0	16.7
Can Tho	2025-08-06	65	32.4	24.3	26.7	15.3	5.0	36851.61	13.6
Can Tho	2025-08-07	63	31.2	24.2	27.0	9.4	5.0	42346.08	15.5
Can Tho	2025-08-08	63	31.8	24.3	27.6	6.0	7.0	42618.42	10.6
Can Tho	2025-08-09	63	29.6	25.2	26.7	14.3	9.0	14934.8	14.7
Can Tho	2025-08-10	63	31.0	24.4	26.4	17.3	12.0	37402.41	20.3
Can Tho	2025-08-11	63	29.1	24.2	26.2	10.6	8.0	31529.55	19.6
Can Tho	2025-08-12	63	30.2	24.6	26.4	7.8	8.0	31993.79	18.2
Can Tho	2025-08-13	65	28.4	23.2	25.9	26.0	11.0	20679.01	20.4
Can Tho	2025-08-14	63	29.5	25.0	26.5	13.0	11.0	32906.01	20.6
Can Tho	2025-08-15	63	28.0	23.8	25.7	7.1	11.0	15665.0	17.3
Can Tho	2025-08-16	63	26.7	23.2	24.6	31.7	22.0	4190.6	21.5
Can Tho	2025-08-17	55	28.5	24.4	25.8	7.1	18.0	15986.79	21.5
Can Tho	2025-08-18	61	31.1	24.1	26.9	2.1	5.0	40115.53	14.5
Can Tho	2025-08-19	63	30.7	24.3	27.0	4.2	7.0	43200.0	16.1
Can Tho	2025-08-20	63	31.8	24.6	27.4	6.6	8.0	41319.72	10.7
Can Tho	2025-08-21	63	27.3	23.2	25.2	21.4	19.0	279.22	13.1
Can Tho	2025-08-22	63	30.4	23.4	25.9	7.7	9.0	35623.93	16.2
Can Tho	2025-08-23	63	29.9	24.3	26.8	13.2	9.0	39525.36	16.8
Can Tho	2025-08-24	63	29.7	24.0	26.4	9.5	11.0	26985.15	25.1
Can Tho	2025-08-25	63	28.9	24.3	26.4	12.4	17.0	21799.55	25.2
Can Tho	2025-08-26	61	29.8	24.6	26.7	4.7	9.0	23981.64	18.3
Can Tho	2025-08-27	63	31.0	24.6	27.0	4.7	5.0	32505.16	15.7
Can Tho	2025-08-28	61	30.2	24.7	27.2	5.3	9.0	40709.54	22.2
Can Tho	2025-08-29	53	28.3	25.2	26.5	6.5	15.0	14127.27	21.9
Can Tho	2025-08-30	61	28.4	25.5	26.5	6.7	6.0	18047.48	20.8
Can Tho	2025-08-31	63	29.8	24.2	26.5	9.7	9.0	32263.55	20.3
Can Tho	2025-09-01	63	29.6	24.6	26.3	15.6	14.0	20757.36	18.0
Can Tho	2025-09-02	61	29.2	24.3	26.0	6.4	17.0	11235.32	16.5
Can Tho	2025-09-03	63	30.1	24.7	26.8	10.4	12.0	36565.42	16.3
Can Tho	2025-09-04	63	29.9	24.4	26.6	9.8	14.0	32798.53	15.2
Can Tho	2025-09-05	63	30.5	24.5	26.8	11.8	9.0	34993.83	16.9
Can Tho	2025-09-06	55	30.3	25.1	27.3	2.4	8.0	29246.95	15.6
Can Tho	2025-09-07	65	29.7	24.7	26.1	24.0	15.0	15428.39	20.2
Can Tho	2025-09-08	63	29.6	24.5	26.0	10.5	12.0	21300.75	14.7
Can Tho	2025-09-09	65	30.1	24.1	25.7	20.6	13.0	21600.0	14.5
Can Tho	2025-09-10	63	31.4	24.2	26.7	13.2	9.0	32400.0	15.1
Can Tho	2025-09-11	65	32.0	24.6	26.9	23.3	10.0	35595.06	10.5
Can Tho	2025-09-12	63	30.9	24.1	25.9	8.8	8.0	24928.06	18.6
Can Tho	2025-09-13	63	29.3	24.6	25.9	27.6	19.0	24620.01	13.5
Can Tho	2025-09-14	63	28.8	23.8	25.6	12.6	12.0	23354.01	11.9
Can Tho	2025-09-15	63	31.0	24.1	26.5	10.1	5.0	29944.45	21.4
Can Tho	2025-09-16	63	30.0	24.4	26.6	11.0	11.0	20040.36	15.5
Can Tho	2025-09-17	61	29.7	24.9	26.6	6.6	11.0	36000.0	19.4
Can Tho	2025-09-18	63	29.3	24.4	26.2	10.1	13.0	28270.05	20.0
Can Tho	2025-09-19	55	29.1	24.9	26.5	2.8	7.0	26411.58	20.6
Can Tho	2025-09-20	51	32.0	24.5	27.7	0.2	2.0	38445.66	18.9
Can Tho	2025-09-21	51	31.1	24.9	27.8	0.4	4.0	32900.6	20.3
Can Tho	2025-09-22	63	29.2	25.4	26.7	12.2	16.0	1822.79	19.4
Can Tho	2025-09-23	51	30.9	25.5	27.4	0.3	3.0	20532.1	22.9
Can Tho	2025-09-24	53	29.2	25.6	27.3	2.1	11.0	20958.38	19.4
Can Tho	2025-09-25	63	29.2	24.8	26.9	8.3	11.0	24110.64	20.6
Can Tho	2025-09-26	65	27.9	24.8	26.4	12.9	13.0	10950.97	18.3
Can Tho	2025-09-27	63	29.9	24.7	26.0	18.3	12.0	21076.13	19.8
Can Tho	2025-09-28	63	30.1	24.0	26.2	12.4	18.0	19975.43	26.5
Can Tho	2025-09-29	63	29.8	23.9	25.6	15.9	13.0	19955.51	17.8
Can Tho	2025-09-30	63	31.0	23.4	26.2	7.5	11.0	29205.69	11.9
Can Tho	2025-10-01	61	31.6	24.2	26.6	5.7	9.0	41550.66	9.1
Can Tho	2025-10-02	61	31.6	24.0	27.0	3.7	6.0	39925.01	15.6
Can Tho	2025-10-03	65	30.8	24.0	26.0	12.1	9.0	32400.0	11.7
Can Tho	2025-10-04	63	31.0	24.4	26.9	5.2	6.0	39734.45	13.4
Can Tho	2025-10-05	51	31.3	24.1	27.4	0.4	2.0	37794.32	13.1
Can Tho	2025-10-06	55	32.0	24.2	27.6	1.7	5.0	40240.45	16.3
Can Tho	2025-10-07	63	30.8	24.6	26.7	8.6	8.0	37408.81	15.3
Can Tho	2025-10-08	65	31.1	24.7	26.6	29.2	16.0	24108.08	10.5
Can Tho	2025-10-09	63	30.9	23.3	26.4	11.7	8.0	32789.52	10.2
Can Tho	2025-10-10	55	29.5	24.3	26.4	3.7	10.0	33307.0	8.5
Can Tho	2025-10-11	65	30.5	24.5	26.2	11.6	9.0	30225.28	10.5
Can Tho	2025-10-12	63	31.4	24.6	26.7	11.4	11.0	32929.15	11.2
Can Tho	2025-10-13	61	30.5	24.4	26.7	4.0	6.0	35420.8	14.9
Can Tho	2025-10-14	63	31.1	25.0	26.9	4.8	8.0	30440.62	16.1
Can Tho	2025-10-15	65	31.8	24.9	27.4	11.3	9.0	32660.8	12.1
Can Tho	2025-10-16	63	31.8	24.6	27.1	5.5	8.0	32400.0	13.4
Can Tho	2025-10-17	65	30.6	24.4	27.1	18.1	10.0	36892.59	15.0
Can Tho	2025-10-18	63	30.0	24.2	26.1	11.6	10.0	33731.42	15.6
Can Tho	2025-10-19	51	32.3	24.6	27.0	0.8	5.0	32899.56	12.6
Can Tho	2025-10-20	61	32.4	24.4	27.6	5.9	9.0	36000.0	12.2
Can Tho	2025-10-21	63	32.6	24.2	27.0	11.4	16.0	37037.56	10.7
Can Tho	2025-10-22	63	31.2	24.9	26.8	8.6	9.0	29695.28	12.8
Can Tho	2025-10-23	63	31.0	23.8	26.5	11.5	13.0	30235.78	19.6
Can Tho	2025-10-24	63	30.9	24.6	26.6	11.2	15.0	21833.55	18.0
Can Tho	2025-10-25	55	29.4	24.7	26.2	3.7	13.0	8070.13	9.6
Can Tho	2025-10-26	61	30.4	23.3	26.2	9.9	18.0	27553.28	10.5
Can Tho	2025-10-27	55	30.8	24.1	26.4	5.3	13.0	25119.77	14.4
Can Tho	2025-10-28	63	28.3	24.9	26.0	26.5	19.0	12548.78	13.2
Can Tho	2025-10-29	63	29.3	24.2	25.9	12.4	16.0	17982.95	10.0
Can Tho	2025-10-30	61	29.8	24.2	26.2	2.7	9.0	12119.59	12.5
Can Tho	2025-10-31	65	30.0	24.4	26.2	17.7	14.0	27429.61	15.9
Can Tho	2025-11-01	63	31.4	24.6	26.6	14.1	16.0	25085.05	11.0
Can Tho	2025-11-02	65	29.1	24.4	25.7	20.8	13.0	18000.0	12.0
Can Tho	2025-11-03	63	29.0	24.3	25.8	12.1	14.0	5151.82	10.9
Can Tho	2025-11-04	65	30.7	24.0	26.3	14.1	13.0	34417.4	11.1
Can Tho	2025-11-05	63	30.2	24.6	26.6	16.3	17.0	23350.68	7.4
Can Tho	2025-11-06	53	28.5	24.6	26.1	2.2	10.0	1373.91	13.3
Can Tho	2025-11-07	63	30.4	24.6	26.2	14.0	14.0	18784.3	14.9
Can Tho	2025-11-08	63	31.3	24.2	26.5	8.1	11.0	33952.6	11.1
Can Tho	2025-11-09	63	31.6	23.9	26.4	12.5	10.0	31471.27	10.5
Can Tho	2025-11-10	63	31.0	23.8	26.4	7.0	9.0	34701.7	10.4
Can Tho	2025-11-11	61	31.3	23.6	26.8	2.3	7.0	34072.75	13.4
Can Tho	2025-11-12	63	30.0	24.3	26.1	17.2	7.0	27961.43	16.6
Can Tho	2025-11-13	61	31.6	24.1	26.5	4.9	9.0	33980.63	7.3
Can Tho	2025-11-14	53	31.9	24.0	27.0	0.6	2.0	39490.51	11.2
Can Tho	2025-11-15	3	29.7	22.5	26.0	0.0	0.0	39994.64	11.7
Can Tho	2025-11-16	63	29.8	23.9	25.4	20.1	12.0	19647.83	14.4
Can Tho	2025-11-17	63	27.5	23.5	25.2	13.3	17.0	9120.28	16.4
Can Tho	2025-11-18	61	29.4	24.2	25.9	6.9	13.0	34839.01	18.7
Can Tho	2025-11-19	63	29.4	23.7	25.6	22.9	12.0	22379.81	15.6
Can Tho	2025-11-20	61	28.2	22.8	25.3	4.5	8.0	20111.45	15.1
Can Tho	2025-11-21	51	29.2	23.6	26.1	1.0	7.0	33692.7	21.6
Can Tho	2025-11-22	53	27.7	23.9	25.5	1.4	4.0	8879.77	15.7
Can Tho	2025-11-23	65	29.2	23.7	25.4	20.1	18.0	19858.83	17.0
Can Tho	2025-11-24	63	31.2	23.8	26.7	10.2	9.0	39600.0	17.4
Can Tho	2025-11-25	53	30.8	23.9	26.5	1.2	2.0	39600.0	13.0
Can Tho	2025-11-26	3	29.6	22.4	26.0	0.0	0.0	39600.0	15.6
Can Tho	2025-11-27	3	29.7	22.5	25.8	0.0	0.0	39593.41	18.1
Can Tho	2025-11-28	3	27.2	21.4	23.9	0.0	0.0	33669.24	20.1
Can Tho	2025-11-29	3	29.2	21.0	24.7	0.0	0.0	39534.74	11.9
Can Tho	2025-11-30	3	30.9	22.2	26.1	0.0	0.0	35375.48	7.6
Can Tho	2025-12-01	51	31.9	22.6	26.9	0.1	1.0	39841.99	10.3
Can Tho	2025-12-02	51	31.1	23.7	27.0	1.1	5.0	39443.12	11.5
Can Tho	2025-12-03	65	30.7	23.4	26.0	20.8	14.0	30102.4	8.5
Can Tho	2025-12-04	63	29.1	23.3	25.8	12.4	11.0	37682.89	18.5
Can Tho	2025-12-05	51	30.5	23.7	26.7	0.5	4.0	39941.32	12.8
Can Tho	2025-12-06	51	29.0	23.6	26.0	1.4	8.0	39901.58	9.6
Can Tho	2025-12-07	53	29.8	23.0	26.1	1.8	4.0	39607.3	11.7
Can Tho	2025-12-08	51	29.0	21.3	25.0	0.2	2.0	39254.45	10.5
Can Tho	2025-12-09	51	28.5	22.1	25.2	0.3	3.0	37327.49	9.9
Can Tho	2025-12-10	63	30.3	23.5	25.7	16.4	10.0	34789.34	15.0
Can Tho	2025-12-11	65	28.5	23.1	25.5	16.4	15.0	23969.46	22.1
Can Tho	2025-12-12	3	30.6	24.8	27.0	0.0	0.0	37524.33	19.4
Can Tho	2025-12-13	61	30.8	23.5	26.5	4.4	5.0	40128.97	15.2
Can Tho	2025-12-14	63	29.8	23.2	26.4	4.2	6.0	39071.89	12.5
Can Tho	2025-12-15	51	29.8	23.9	26.4	0.4	3.0	35080.85	9.8
Can Tho	2025-12-16	51	30.2	23.9	26.4	0.2	2.0	38307.52	10.9
Can Tho	2025-12-17	53	30.3	23.7	26.1	1.1	6.0	34873.6	13.2
Can Tho	2025-12-18	51	29.1	23.5	26.1	0.4	2.0	32498.9	16.8
Can Tho	2025-12-19	51	30.3	23.3	26.3	0.3	3.0	39614.17	9.4
Can Tho	2025-12-20	51	30.4	23.2	26.3	0.1	1.0	40080.49	11.2
Can Tho	2025-12-21	51	30.9	22.6	26.5	0.4	1.0	39778.61	11.1
Can Tho	2025-12-22	51	30.8	23.1	26.5	0.8	5.0	39856.58	9.6
Can Tho	2025-12-23	51	30.4	23.5	26.2	0.9	6.0	37216.15	8.6
Can Tho	2025-12-24	65	30.1	24.0	26.1	11.0	6.0	27152.3	15.3
Can Tho	2025-12-25	65	28.8	24.7	26.0	13.4	10.0	22796.51	10.9
Can Tho	2025-12-26	53	29.7	24.0	26.1	1.5	8.0	30010.4	13.8
Can Tho	2025-12-27	63	28.3	23.4	25.3	19.3	13.0	20095.04	9.6
Can Tho	2025-12-28	3	29.9	23.2	25.9	0.0	0.0	38557.58	11.0
Can Tho	2025-12-29	51	29.7	23.1	26.0	0.3	3.0	38809.27	10.5
Can Tho	2025-12-30	3	29.1	22.5	25.3	0.0	0.0	40397.11	10.6
Can Tho	2025-12-31	3	29.1	21.7	25.2	0.0	0.0	41141.33	13.4
